[2025-04-06T04:09:10.555+0000] {processor.py:186} INFO - Started process (PID=1872) to work on /home/airflow/.local/lib/python3.12/site-packages/airflow/example_dags/example_datasets.py
[2025-04-06T04:09:10.556+0000] {processor.py:914} INFO - Processing file /home/airflow/.local/lib/python3.12/site-packages/airflow/example_dags/example_datasets.py for tasks to queue
[2025-04-06T04:09:10.558+0000] {logging_mixin.py:190} INFO - [2025-04-06T04:09:10.557+0000] {dagbag.py:588} INFO - Filling up the DagBag from /home/airflow/.local/lib/python3.12/site-packages/airflow/example_dags/example_datasets.py
[2025-04-06T04:09:12.431+0000] {processor.py:925} INFO - DAG(s) 'dataset_consumes_unknown_never_scheduled', 'dataset_produces_1', 'dataset_consumes_1', 'consume_1_and_2_with_dataset_expressions', 'dataset_consumes_1_never_scheduled', 'consume_1_or_both_2_and_3_with_dataset_expressions', 'dataset_consumes_1_and_2', 'conditional_dataset_and_time_based_timetable', 'consume_1_or_2_with_dataset_expressions', 'dataset_produces_2' retrieved from /home/airflow/.local/lib/python3.12/site-packages/airflow/example_dags/example_datasets.py
[2025-04-06T04:09:12.553+0000] {logging_mixin.py:190} INFO - [2025-04-06T04:09:12.553+0000] {dag.py:3239} INFO - Sync 10 DAGs
[2025-04-06T04:09:12.618+0000] {logging_mixin.py:190} INFO - [2025-04-06T04:09:12.618+0000] {dag.py:4180} INFO - Setting next_dagrun for conditional_dataset_and_time_based_timetable to 2025-04-02 01:00:00+00:00, run_after=2025-04-02 01:00:00+00:00
[2025-04-06T04:09:12.626+0000] {logging_mixin.py:190} INFO - [2025-04-06T04:09:12.626+0000] {dag.py:4180} INFO - Setting next_dagrun for consume_1_and_2_with_dataset_expressions to None, run_after=None
[2025-04-06T04:09:12.628+0000] {logging_mixin.py:190} INFO - [2025-04-06T04:09:12.628+0000] {dag.py:4180} INFO - Setting next_dagrun for consume_1_or_2_with_dataset_expressions to None, run_after=None
[2025-04-06T04:09:12.630+0000] {logging_mixin.py:190} INFO - [2025-04-06T04:09:12.630+0000] {dag.py:4180} INFO - Setting next_dagrun for consume_1_or_both_2_and_3_with_dataset_expressions to None, run_after=None
[2025-04-06T04:09:12.633+0000] {logging_mixin.py:190} INFO - [2025-04-06T04:09:12.633+0000] {dag.py:4180} INFO - Setting next_dagrun for dataset_consumes_1 to None, run_after=None
[2025-04-06T04:09:12.639+0000] {logging_mixin.py:190} INFO - [2025-04-06T04:09:12.636+0000] {dag.py:4180} INFO - Setting next_dagrun for dataset_consumes_1_and_2 to None, run_after=None
[2025-04-06T04:09:12.642+0000] {logging_mixin.py:190} INFO - [2025-04-06T04:09:12.641+0000] {dag.py:4180} INFO - Setting next_dagrun for dataset_consumes_1_never_scheduled to None, run_after=None
[2025-04-06T04:09:12.644+0000] {logging_mixin.py:190} INFO - [2025-04-06T04:09:12.643+0000] {dag.py:4180} INFO - Setting next_dagrun for dataset_consumes_unknown_never_scheduled to None, run_after=None
[2025-04-06T04:09:12.647+0000] {logging_mixin.py:190} INFO - [2025-04-06T04:09:12.647+0000] {dag.py:4180} INFO - Setting next_dagrun for dataset_produces_1 to 2025-04-05 00:00:00+00:00, run_after=2025-04-06 00:00:00+00:00
[2025-04-06T04:09:12.657+0000] {logging_mixin.py:190} INFO - [2025-04-06T04:09:12.657+0000] {dag.py:4180} INFO - Setting next_dagrun for dataset_produces_2 to None, run_after=None
[2025-04-06T04:09:12.730+0000] {processor.py:208} INFO - Processing /home/airflow/.local/lib/python3.12/site-packages/airflow/example_dags/example_datasets.py took 2.191 seconds
[2025-04-06T04:09:42.778+0000] {processor.py:186} INFO - Started process (PID=1941) to work on /home/airflow/.local/lib/python3.12/site-packages/airflow/example_dags/example_datasets.py
[2025-04-06T04:09:42.780+0000] {processor.py:914} INFO - Processing file /home/airflow/.local/lib/python3.12/site-packages/airflow/example_dags/example_datasets.py for tasks to queue
[2025-04-06T04:09:42.781+0000] {logging_mixin.py:190} INFO - [2025-04-06T04:09:42.781+0000] {dagbag.py:588} INFO - Filling up the DagBag from /home/airflow/.local/lib/python3.12/site-packages/airflow/example_dags/example_datasets.py
[2025-04-06T04:09:43.212+0000] {processor.py:925} INFO - DAG(s) 'dataset_consumes_1_never_scheduled', 'consume_1_or_2_with_dataset_expressions', 'consume_1_or_both_2_and_3_with_dataset_expressions', 'dataset_consumes_1_and_2', 'dataset_produces_2', 'dataset_consumes_unknown_never_scheduled', 'dataset_consumes_1', 'conditional_dataset_and_time_based_timetable', 'dataset_produces_1', 'consume_1_and_2_with_dataset_expressions' retrieved from /home/airflow/.local/lib/python3.12/site-packages/airflow/example_dags/example_datasets.py
[2025-04-06T04:09:43.251+0000] {logging_mixin.py:190} INFO - [2025-04-06T04:09:43.251+0000] {dag.py:3239} INFO - Sync 10 DAGs
[2025-04-06T04:09:43.274+0000] {logging_mixin.py:190} INFO - [2025-04-06T04:09:43.273+0000] {dag.py:4180} INFO - Setting next_dagrun for conditional_dataset_and_time_based_timetable to 2025-04-02 01:00:00+00:00, run_after=2025-04-02 01:00:00+00:00
[2025-04-06T04:09:43.276+0000] {logging_mixin.py:190} INFO - [2025-04-06T04:09:43.276+0000] {dag.py:4180} INFO - Setting next_dagrun for consume_1_and_2_with_dataset_expressions to None, run_after=None
[2025-04-06T04:09:43.277+0000] {logging_mixin.py:190} INFO - [2025-04-06T04:09:43.277+0000] {dag.py:4180} INFO - Setting next_dagrun for consume_1_or_2_with_dataset_expressions to None, run_after=None
[2025-04-06T04:09:43.278+0000] {logging_mixin.py:190} INFO - [2025-04-06T04:09:43.278+0000] {dag.py:4180} INFO - Setting next_dagrun for consume_1_or_both_2_and_3_with_dataset_expressions to None, run_after=None
[2025-04-06T04:09:43.279+0000] {logging_mixin.py:190} INFO - [2025-04-06T04:09:43.279+0000] {dag.py:4180} INFO - Setting next_dagrun for dataset_consumes_1 to None, run_after=None
[2025-04-06T04:09:43.280+0000] {logging_mixin.py:190} INFO - [2025-04-06T04:09:43.280+0000] {dag.py:4180} INFO - Setting next_dagrun for dataset_consumes_1_and_2 to None, run_after=None
[2025-04-06T04:09:43.281+0000] {logging_mixin.py:190} INFO - [2025-04-06T04:09:43.281+0000] {dag.py:4180} INFO - Setting next_dagrun for dataset_consumes_1_never_scheduled to None, run_after=None
[2025-04-06T04:09:43.282+0000] {logging_mixin.py:190} INFO - [2025-04-06T04:09:43.282+0000] {dag.py:4180} INFO - Setting next_dagrun for dataset_consumes_unknown_never_scheduled to None, run_after=None
[2025-04-06T04:09:43.283+0000] {logging_mixin.py:190} INFO - [2025-04-06T04:09:43.283+0000] {dag.py:4180} INFO - Setting next_dagrun for dataset_produces_1 to 2025-04-05 00:00:00+00:00, run_after=2025-04-06 00:00:00+00:00
[2025-04-06T04:09:43.284+0000] {logging_mixin.py:190} INFO - [2025-04-06T04:09:43.284+0000] {dag.py:4180} INFO - Setting next_dagrun for dataset_produces_2 to None, run_after=None
[2025-04-06T04:09:43.314+0000] {processor.py:208} INFO - Processing /home/airflow/.local/lib/python3.12/site-packages/airflow/example_dags/example_datasets.py took 0.541 seconds
[2025-04-06T04:10:14.174+0000] {processor.py:186} INFO - Started process (PID=2004) to work on /home/airflow/.local/lib/python3.12/site-packages/airflow/example_dags/example_datasets.py
[2025-04-06T04:10:14.175+0000] {processor.py:914} INFO - Processing file /home/airflow/.local/lib/python3.12/site-packages/airflow/example_dags/example_datasets.py for tasks to queue
[2025-04-06T04:10:14.177+0000] {logging_mixin.py:190} INFO - [2025-04-06T04:10:14.177+0000] {dagbag.py:588} INFO - Filling up the DagBag from /home/airflow/.local/lib/python3.12/site-packages/airflow/example_dags/example_datasets.py
[2025-04-06T04:10:14.626+0000] {processor.py:925} INFO - DAG(s) 'consume_1_or_both_2_and_3_with_dataset_expressions', 'dataset_consumes_1', 'dataset_produces_2', 'dataset_consumes_1_and_2', 'conditional_dataset_and_time_based_timetable', 'dataset_consumes_1_never_scheduled', 'consume_1_or_2_with_dataset_expressions', 'dataset_produces_1', 'dataset_consumes_unknown_never_scheduled', 'consume_1_and_2_with_dataset_expressions' retrieved from /home/airflow/.local/lib/python3.12/site-packages/airflow/example_dags/example_datasets.py
[2025-04-06T04:10:14.668+0000] {logging_mixin.py:190} INFO - [2025-04-06T04:10:14.668+0000] {dag.py:3239} INFO - Sync 10 DAGs
[2025-04-06T04:10:14.692+0000] {logging_mixin.py:190} INFO - [2025-04-06T04:10:14.692+0000] {dag.py:4180} INFO - Setting next_dagrun for conditional_dataset_and_time_based_timetable to 2025-04-02 01:00:00+00:00, run_after=2025-04-02 01:00:00+00:00
[2025-04-06T04:10:14.695+0000] {logging_mixin.py:190} INFO - [2025-04-06T04:10:14.695+0000] {dag.py:4180} INFO - Setting next_dagrun for consume_1_and_2_with_dataset_expressions to None, run_after=None
[2025-04-06T04:10:14.697+0000] {logging_mixin.py:190} INFO - [2025-04-06T04:10:14.697+0000] {dag.py:4180} INFO - Setting next_dagrun for consume_1_or_2_with_dataset_expressions to None, run_after=None
[2025-04-06T04:10:14.699+0000] {logging_mixin.py:190} INFO - [2025-04-06T04:10:14.699+0000] {dag.py:4180} INFO - Setting next_dagrun for consume_1_or_both_2_and_3_with_dataset_expressions to None, run_after=None
[2025-04-06T04:10:14.700+0000] {logging_mixin.py:190} INFO - [2025-04-06T04:10:14.700+0000] {dag.py:4180} INFO - Setting next_dagrun for dataset_consumes_1 to None, run_after=None
[2025-04-06T04:10:14.702+0000] {logging_mixin.py:190} INFO - [2025-04-06T04:10:14.702+0000] {dag.py:4180} INFO - Setting next_dagrun for dataset_consumes_1_and_2 to None, run_after=None
[2025-04-06T04:10:14.703+0000] {logging_mixin.py:190} INFO - [2025-04-06T04:10:14.703+0000] {dag.py:4180} INFO - Setting next_dagrun for dataset_consumes_1_never_scheduled to None, run_after=None
[2025-04-06T04:10:14.704+0000] {logging_mixin.py:190} INFO - [2025-04-06T04:10:14.704+0000] {dag.py:4180} INFO - Setting next_dagrun for dataset_consumes_unknown_never_scheduled to None, run_after=None
[2025-04-06T04:10:14.706+0000] {logging_mixin.py:190} INFO - [2025-04-06T04:10:14.706+0000] {dag.py:4180} INFO - Setting next_dagrun for dataset_produces_1 to 2025-04-05 00:00:00+00:00, run_after=2025-04-06 00:00:00+00:00
[2025-04-06T04:10:14.708+0000] {logging_mixin.py:190} INFO - [2025-04-06T04:10:14.707+0000] {dag.py:4180} INFO - Setting next_dagrun for dataset_produces_2 to None, run_after=None
[2025-04-06T04:10:14.740+0000] {processor.py:208} INFO - Processing /home/airflow/.local/lib/python3.12/site-packages/airflow/example_dags/example_datasets.py took 0.572 seconds
[2025-04-06T04:10:44.865+0000] {processor.py:186} INFO - Started process (PID=2073) to work on /home/airflow/.local/lib/python3.12/site-packages/airflow/example_dags/example_datasets.py
[2025-04-06T04:10:44.866+0000] {processor.py:914} INFO - Processing file /home/airflow/.local/lib/python3.12/site-packages/airflow/example_dags/example_datasets.py for tasks to queue
[2025-04-06T04:10:44.868+0000] {logging_mixin.py:190} INFO - [2025-04-06T04:10:44.868+0000] {dagbag.py:588} INFO - Filling up the DagBag from /home/airflow/.local/lib/python3.12/site-packages/airflow/example_dags/example_datasets.py
[2025-04-06T04:10:45.269+0000] {processor.py:925} INFO - DAG(s) 'consume_1_or_2_with_dataset_expressions', 'consume_1_and_2_with_dataset_expressions', 'dataset_produces_2', 'dataset_consumes_1', 'dataset_consumes_1_and_2', 'conditional_dataset_and_time_based_timetable', 'dataset_produces_1', 'dataset_consumes_unknown_never_scheduled', 'consume_1_or_both_2_and_3_with_dataset_expressions', 'dataset_consumes_1_never_scheduled' retrieved from /home/airflow/.local/lib/python3.12/site-packages/airflow/example_dags/example_datasets.py
[2025-04-06T04:10:45.306+0000] {logging_mixin.py:190} INFO - [2025-04-06T04:10:45.305+0000] {dag.py:3239} INFO - Sync 10 DAGs
[2025-04-06T04:10:45.328+0000] {logging_mixin.py:190} INFO - [2025-04-06T04:10:45.328+0000] {dag.py:4180} INFO - Setting next_dagrun for conditional_dataset_and_time_based_timetable to 2025-04-02 01:00:00+00:00, run_after=2025-04-02 01:00:00+00:00
[2025-04-06T04:10:45.331+0000] {logging_mixin.py:190} INFO - [2025-04-06T04:10:45.331+0000] {dag.py:4180} INFO - Setting next_dagrun for consume_1_and_2_with_dataset_expressions to None, run_after=None
[2025-04-06T04:10:45.333+0000] {logging_mixin.py:190} INFO - [2025-04-06T04:10:45.333+0000] {dag.py:4180} INFO - Setting next_dagrun for consume_1_or_2_with_dataset_expressions to None, run_after=None
[2025-04-06T04:10:45.334+0000] {logging_mixin.py:190} INFO - [2025-04-06T04:10:45.334+0000] {dag.py:4180} INFO - Setting next_dagrun for consume_1_or_both_2_and_3_with_dataset_expressions to None, run_after=None
[2025-04-06T04:10:45.335+0000] {logging_mixin.py:190} INFO - [2025-04-06T04:10:45.334+0000] {dag.py:4180} INFO - Setting next_dagrun for dataset_consumes_1 to None, run_after=None
[2025-04-06T04:10:45.335+0000] {logging_mixin.py:190} INFO - [2025-04-06T04:10:45.335+0000] {dag.py:4180} INFO - Setting next_dagrun for dataset_consumes_1_and_2 to None, run_after=None
[2025-04-06T04:10:45.336+0000] {logging_mixin.py:190} INFO - [2025-04-06T04:10:45.336+0000] {dag.py:4180} INFO - Setting next_dagrun for dataset_consumes_1_never_scheduled to None, run_after=None
[2025-04-06T04:10:45.337+0000] {logging_mixin.py:190} INFO - [2025-04-06T04:10:45.337+0000] {dag.py:4180} INFO - Setting next_dagrun for dataset_consumes_unknown_never_scheduled to None, run_after=None
[2025-04-06T04:10:45.339+0000] {logging_mixin.py:190} INFO - [2025-04-06T04:10:45.338+0000] {dag.py:4180} INFO - Setting next_dagrun for dataset_produces_1 to 2025-04-05 00:00:00+00:00, run_after=2025-04-06 00:00:00+00:00
[2025-04-06T04:10:45.339+0000] {logging_mixin.py:190} INFO - [2025-04-06T04:10:45.339+0000] {dag.py:4180} INFO - Setting next_dagrun for dataset_produces_2 to None, run_after=None
[2025-04-06T04:10:45.382+0000] {processor.py:208} INFO - Processing /home/airflow/.local/lib/python3.12/site-packages/airflow/example_dags/example_datasets.py took 0.523 seconds
[2025-04-06T04:11:16.311+0000] {processor.py:186} INFO - Started process (PID=2136) to work on /home/airflow/.local/lib/python3.12/site-packages/airflow/example_dags/example_datasets.py
[2025-04-06T04:11:16.312+0000] {processor.py:914} INFO - Processing file /home/airflow/.local/lib/python3.12/site-packages/airflow/example_dags/example_datasets.py for tasks to queue
[2025-04-06T04:11:16.314+0000] {logging_mixin.py:190} INFO - [2025-04-06T04:11:16.314+0000] {dagbag.py:588} INFO - Filling up the DagBag from /home/airflow/.local/lib/python3.12/site-packages/airflow/example_dags/example_datasets.py
[2025-04-06T04:11:16.781+0000] {processor.py:925} INFO - DAG(s) 'dataset_consumes_1', 'dataset_produces_1', 'dataset_consumes_1_never_scheduled', 'dataset_consumes_unknown_never_scheduled', 'consume_1_or_2_with_dataset_expressions', 'dataset_consumes_1_and_2', 'conditional_dataset_and_time_based_timetable', 'consume_1_and_2_with_dataset_expressions', 'dataset_produces_2', 'consume_1_or_both_2_and_3_with_dataset_expressions' retrieved from /home/airflow/.local/lib/python3.12/site-packages/airflow/example_dags/example_datasets.py
[2025-04-06T04:11:16.818+0000] {logging_mixin.py:190} INFO - [2025-04-06T04:11:16.818+0000] {dag.py:3239} INFO - Sync 10 DAGs
[2025-04-06T04:11:16.841+0000] {logging_mixin.py:190} INFO - [2025-04-06T04:11:16.841+0000] {dag.py:4180} INFO - Setting next_dagrun for conditional_dataset_and_time_based_timetable to 2025-04-02 01:00:00+00:00, run_after=2025-04-02 01:00:00+00:00
[2025-04-06T04:11:16.844+0000] {logging_mixin.py:190} INFO - [2025-04-06T04:11:16.844+0000] {dag.py:4180} INFO - Setting next_dagrun for consume_1_and_2_with_dataset_expressions to None, run_after=None
[2025-04-06T04:11:16.846+0000] {logging_mixin.py:190} INFO - [2025-04-06T04:11:16.846+0000] {dag.py:4180} INFO - Setting next_dagrun for consume_1_or_2_with_dataset_expressions to None, run_after=None
[2025-04-06T04:11:16.847+0000] {logging_mixin.py:190} INFO - [2025-04-06T04:11:16.846+0000] {dag.py:4180} INFO - Setting next_dagrun for consume_1_or_both_2_and_3_with_dataset_expressions to None, run_after=None
[2025-04-06T04:11:16.848+0000] {logging_mixin.py:190} INFO - [2025-04-06T04:11:16.847+0000] {dag.py:4180} INFO - Setting next_dagrun for dataset_consumes_1 to None, run_after=None
[2025-04-06T04:11:16.848+0000] {logging_mixin.py:190} INFO - [2025-04-06T04:11:16.848+0000] {dag.py:4180} INFO - Setting next_dagrun for dataset_consumes_1_and_2 to None, run_after=None
[2025-04-06T04:11:16.849+0000] {logging_mixin.py:190} INFO - [2025-04-06T04:11:16.849+0000] {dag.py:4180} INFO - Setting next_dagrun for dataset_consumes_1_never_scheduled to None, run_after=None
[2025-04-06T04:11:16.850+0000] {logging_mixin.py:190} INFO - [2025-04-06T04:11:16.850+0000] {dag.py:4180} INFO - Setting next_dagrun for dataset_consumes_unknown_never_scheduled to None, run_after=None
[2025-04-06T04:11:16.852+0000] {logging_mixin.py:190} INFO - [2025-04-06T04:11:16.852+0000] {dag.py:4180} INFO - Setting next_dagrun for dataset_produces_1 to 2025-04-05 00:00:00+00:00, run_after=2025-04-06 00:00:00+00:00
[2025-04-06T04:11:16.853+0000] {logging_mixin.py:190} INFO - [2025-04-06T04:11:16.852+0000] {dag.py:4180} INFO - Setting next_dagrun for dataset_produces_2 to None, run_after=None
[2025-04-06T04:11:16.901+0000] {processor.py:208} INFO - Processing /home/airflow/.local/lib/python3.12/site-packages/airflow/example_dags/example_datasets.py took 0.596 seconds
[2025-04-06T04:11:47.737+0000] {processor.py:186} INFO - Started process (PID=2199) to work on /home/airflow/.local/lib/python3.12/site-packages/airflow/example_dags/example_datasets.py
[2025-04-06T04:11:47.739+0000] {processor.py:914} INFO - Processing file /home/airflow/.local/lib/python3.12/site-packages/airflow/example_dags/example_datasets.py for tasks to queue
[2025-04-06T04:11:47.744+0000] {logging_mixin.py:190} INFO - [2025-04-06T04:11:47.743+0000] {dagbag.py:588} INFO - Filling up the DagBag from /home/airflow/.local/lib/python3.12/site-packages/airflow/example_dags/example_datasets.py
[2025-04-06T04:11:48.188+0000] {processor.py:925} INFO - DAG(s) 'consume_1_or_2_with_dataset_expressions', 'dataset_consumes_1_and_2', 'consume_1_and_2_with_dataset_expressions', 'conditional_dataset_and_time_based_timetable', 'dataset_consumes_unknown_never_scheduled', 'dataset_produces_2', 'consume_1_or_both_2_and_3_with_dataset_expressions', 'dataset_consumes_1_never_scheduled', 'dataset_consumes_1', 'dataset_produces_1' retrieved from /home/airflow/.local/lib/python3.12/site-packages/airflow/example_dags/example_datasets.py
[2025-04-06T04:11:48.228+0000] {logging_mixin.py:190} INFO - [2025-04-06T04:11:48.228+0000] {dag.py:3239} INFO - Sync 10 DAGs
[2025-04-06T04:11:48.248+0000] {logging_mixin.py:190} INFO - [2025-04-06T04:11:48.248+0000] {dag.py:4180} INFO - Setting next_dagrun for conditional_dataset_and_time_based_timetable to 2025-04-02 01:00:00+00:00, run_after=2025-04-02 01:00:00+00:00
[2025-04-06T04:11:48.251+0000] {logging_mixin.py:190} INFO - [2025-04-06T04:11:48.250+0000] {dag.py:4180} INFO - Setting next_dagrun for consume_1_and_2_with_dataset_expressions to None, run_after=None
[2025-04-06T04:11:48.252+0000] {logging_mixin.py:190} INFO - [2025-04-06T04:11:48.252+0000] {dag.py:4180} INFO - Setting next_dagrun for consume_1_or_2_with_dataset_expressions to None, run_after=None
[2025-04-06T04:11:48.253+0000] {logging_mixin.py:190} INFO - [2025-04-06T04:11:48.253+0000] {dag.py:4180} INFO - Setting next_dagrun for consume_1_or_both_2_and_3_with_dataset_expressions to None, run_after=None
[2025-04-06T04:11:48.254+0000] {logging_mixin.py:190} INFO - [2025-04-06T04:11:48.254+0000] {dag.py:4180} INFO - Setting next_dagrun for dataset_consumes_1 to None, run_after=None
[2025-04-06T04:11:48.255+0000] {logging_mixin.py:190} INFO - [2025-04-06T04:11:48.255+0000] {dag.py:4180} INFO - Setting next_dagrun for dataset_consumes_1_and_2 to None, run_after=None
[2025-04-06T04:11:48.256+0000] {logging_mixin.py:190} INFO - [2025-04-06T04:11:48.256+0000] {dag.py:4180} INFO - Setting next_dagrun for dataset_consumes_1_never_scheduled to None, run_after=None
[2025-04-06T04:11:48.257+0000] {logging_mixin.py:190} INFO - [2025-04-06T04:11:48.257+0000] {dag.py:4180} INFO - Setting next_dagrun for dataset_consumes_unknown_never_scheduled to None, run_after=None
[2025-04-06T04:11:48.260+0000] {logging_mixin.py:190} INFO - [2025-04-06T04:11:48.260+0000] {dag.py:4180} INFO - Setting next_dagrun for dataset_produces_1 to 2025-04-05 00:00:00+00:00, run_after=2025-04-06 00:00:00+00:00
[2025-04-06T04:11:48.261+0000] {logging_mixin.py:190} INFO - [2025-04-06T04:11:48.261+0000] {dag.py:4180} INFO - Setting next_dagrun for dataset_produces_2 to None, run_after=None
[2025-04-06T04:11:48.308+0000] {processor.py:208} INFO - Processing /home/airflow/.local/lib/python3.12/site-packages/airflow/example_dags/example_datasets.py took 0.584 seconds
[2025-04-06T04:12:18.984+0000] {processor.py:186} INFO - Started process (PID=2263) to work on /home/airflow/.local/lib/python3.12/site-packages/airflow/example_dags/example_datasets.py
[2025-04-06T04:12:18.985+0000] {processor.py:914} INFO - Processing file /home/airflow/.local/lib/python3.12/site-packages/airflow/example_dags/example_datasets.py for tasks to queue
[2025-04-06T04:12:18.987+0000] {logging_mixin.py:190} INFO - [2025-04-06T04:12:18.987+0000] {dagbag.py:588} INFO - Filling up the DagBag from /home/airflow/.local/lib/python3.12/site-packages/airflow/example_dags/example_datasets.py
[2025-04-06T04:12:19.531+0000] {processor.py:925} INFO - DAG(s) 'dataset_consumes_1', 'consume_1_or_both_2_and_3_with_dataset_expressions', 'consume_1_or_2_with_dataset_expressions', 'dataset_consumes_unknown_never_scheduled', 'dataset_consumes_1_and_2', 'dataset_produces_2', 'dataset_consumes_1_never_scheduled', 'consume_1_and_2_with_dataset_expressions', 'conditional_dataset_and_time_based_timetable', 'dataset_produces_1' retrieved from /home/airflow/.local/lib/python3.12/site-packages/airflow/example_dags/example_datasets.py
[2025-04-06T04:12:19.579+0000] {logging_mixin.py:190} INFO - [2025-04-06T04:12:19.579+0000] {dag.py:3239} INFO - Sync 10 DAGs
[2025-04-06T04:12:19.600+0000] {logging_mixin.py:190} INFO - [2025-04-06T04:12:19.600+0000] {dag.py:4180} INFO - Setting next_dagrun for conditional_dataset_and_time_based_timetable to 2025-04-02 01:00:00+00:00, run_after=2025-04-02 01:00:00+00:00
[2025-04-06T04:12:19.604+0000] {logging_mixin.py:190} INFO - [2025-04-06T04:12:19.604+0000] {dag.py:4180} INFO - Setting next_dagrun for consume_1_and_2_with_dataset_expressions to None, run_after=None
[2025-04-06T04:12:19.605+0000] {logging_mixin.py:190} INFO - [2025-04-06T04:12:19.605+0000] {dag.py:4180} INFO - Setting next_dagrun for consume_1_or_2_with_dataset_expressions to None, run_after=None
[2025-04-06T04:12:19.606+0000] {logging_mixin.py:190} INFO - [2025-04-06T04:12:19.606+0000] {dag.py:4180} INFO - Setting next_dagrun for consume_1_or_both_2_and_3_with_dataset_expressions to None, run_after=None
[2025-04-06T04:12:19.607+0000] {logging_mixin.py:190} INFO - [2025-04-06T04:12:19.607+0000] {dag.py:4180} INFO - Setting next_dagrun for dataset_consumes_1 to None, run_after=None
[2025-04-06T04:12:19.608+0000] {logging_mixin.py:190} INFO - [2025-04-06T04:12:19.608+0000] {dag.py:4180} INFO - Setting next_dagrun for dataset_consumes_1_and_2 to None, run_after=None
[2025-04-06T04:12:19.609+0000] {logging_mixin.py:190} INFO - [2025-04-06T04:12:19.609+0000] {dag.py:4180} INFO - Setting next_dagrun for dataset_consumes_1_never_scheduled to None, run_after=None
[2025-04-06T04:12:19.611+0000] {logging_mixin.py:190} INFO - [2025-04-06T04:12:19.611+0000] {dag.py:4180} INFO - Setting next_dagrun for dataset_consumes_unknown_never_scheduled to None, run_after=None
[2025-04-06T04:12:19.613+0000] {logging_mixin.py:190} INFO - [2025-04-06T04:12:19.613+0000] {dag.py:4180} INFO - Setting next_dagrun for dataset_produces_1 to 2025-04-05 00:00:00+00:00, run_after=2025-04-06 00:00:00+00:00
[2025-04-06T04:12:19.614+0000] {logging_mixin.py:190} INFO - [2025-04-06T04:12:19.614+0000] {dag.py:4180} INFO - Setting next_dagrun for dataset_produces_2 to None, run_after=None
[2025-04-06T04:12:19.646+0000] {processor.py:208} INFO - Processing /home/airflow/.local/lib/python3.12/site-packages/airflow/example_dags/example_datasets.py took 0.667 seconds
[2025-04-06T04:12:49.753+0000] {processor.py:186} INFO - Started process (PID=2326) to work on /home/airflow/.local/lib/python3.12/site-packages/airflow/example_dags/example_datasets.py
[2025-04-06T04:12:49.756+0000] {processor.py:914} INFO - Processing file /home/airflow/.local/lib/python3.12/site-packages/airflow/example_dags/example_datasets.py for tasks to queue
[2025-04-06T04:12:49.758+0000] {logging_mixin.py:190} INFO - [2025-04-06T04:12:49.758+0000] {dagbag.py:588} INFO - Filling up the DagBag from /home/airflow/.local/lib/python3.12/site-packages/airflow/example_dags/example_datasets.py
[2025-04-06T04:12:50.164+0000] {processor.py:925} INFO - DAG(s) 'dataset_produces_2', 'dataset_consumes_1_and_2', 'consume_1_or_2_with_dataset_expressions', 'consume_1_or_both_2_and_3_with_dataset_expressions', 'consume_1_and_2_with_dataset_expressions', 'dataset_consumes_1', 'conditional_dataset_and_time_based_timetable', 'dataset_consumes_unknown_never_scheduled', 'dataset_produces_1', 'dataset_consumes_1_never_scheduled' retrieved from /home/airflow/.local/lib/python3.12/site-packages/airflow/example_dags/example_datasets.py
[2025-04-06T04:12:50.204+0000] {logging_mixin.py:190} INFO - [2025-04-06T04:12:50.203+0000] {dag.py:3239} INFO - Sync 10 DAGs
[2025-04-06T04:12:50.224+0000] {logging_mixin.py:190} INFO - [2025-04-06T04:12:50.224+0000] {dag.py:4180} INFO - Setting next_dagrun for conditional_dataset_and_time_based_timetable to 2025-04-02 01:00:00+00:00, run_after=2025-04-02 01:00:00+00:00
[2025-04-06T04:12:50.229+0000] {logging_mixin.py:190} INFO - [2025-04-06T04:12:50.229+0000] {dag.py:4180} INFO - Setting next_dagrun for consume_1_and_2_with_dataset_expressions to None, run_after=None
[2025-04-06T04:12:50.230+0000] {logging_mixin.py:190} INFO - [2025-04-06T04:12:50.230+0000] {dag.py:4180} INFO - Setting next_dagrun for consume_1_or_2_with_dataset_expressions to None, run_after=None
[2025-04-06T04:12:50.231+0000] {logging_mixin.py:190} INFO - [2025-04-06T04:12:50.231+0000] {dag.py:4180} INFO - Setting next_dagrun for consume_1_or_both_2_and_3_with_dataset_expressions to None, run_after=None
[2025-04-06T04:12:50.232+0000] {logging_mixin.py:190} INFO - [2025-04-06T04:12:50.232+0000] {dag.py:4180} INFO - Setting next_dagrun for dataset_consumes_1 to None, run_after=None
[2025-04-06T04:12:50.233+0000] {logging_mixin.py:190} INFO - [2025-04-06T04:12:50.233+0000] {dag.py:4180} INFO - Setting next_dagrun for dataset_consumes_1_and_2 to None, run_after=None
[2025-04-06T04:12:50.234+0000] {logging_mixin.py:190} INFO - [2025-04-06T04:12:50.234+0000] {dag.py:4180} INFO - Setting next_dagrun for dataset_consumes_1_never_scheduled to None, run_after=None
[2025-04-06T04:12:50.235+0000] {logging_mixin.py:190} INFO - [2025-04-06T04:12:50.235+0000] {dag.py:4180} INFO - Setting next_dagrun for dataset_consumes_unknown_never_scheduled to None, run_after=None
[2025-04-06T04:12:50.237+0000] {logging_mixin.py:190} INFO - [2025-04-06T04:12:50.237+0000] {dag.py:4180} INFO - Setting next_dagrun for dataset_produces_1 to 2025-04-05 00:00:00+00:00, run_after=2025-04-06 00:00:00+00:00
[2025-04-06T04:12:50.238+0000] {logging_mixin.py:190} INFO - [2025-04-06T04:12:50.238+0000] {dag.py:4180} INFO - Setting next_dagrun for dataset_produces_2 to None, run_after=None
[2025-04-06T04:12:50.275+0000] {processor.py:208} INFO - Processing /home/airflow/.local/lib/python3.12/site-packages/airflow/example_dags/example_datasets.py took 0.529 seconds
[2025-04-06T04:13:21.186+0000] {processor.py:186} INFO - Started process (PID=2391) to work on /home/airflow/.local/lib/python3.12/site-packages/airflow/example_dags/example_datasets.py
[2025-04-06T04:13:21.187+0000] {processor.py:914} INFO - Processing file /home/airflow/.local/lib/python3.12/site-packages/airflow/example_dags/example_datasets.py for tasks to queue
[2025-04-06T04:13:21.189+0000] {logging_mixin.py:190} INFO - [2025-04-06T04:13:21.189+0000] {dagbag.py:588} INFO - Filling up the DagBag from /home/airflow/.local/lib/python3.12/site-packages/airflow/example_dags/example_datasets.py
[2025-04-06T04:13:21.742+0000] {processor.py:925} INFO - DAG(s) 'conditional_dataset_and_time_based_timetable', 'consume_1_or_2_with_dataset_expressions', 'consume_1_or_both_2_and_3_with_dataset_expressions', 'dataset_produces_2', 'consume_1_and_2_with_dataset_expressions', 'dataset_consumes_1', 'dataset_consumes_1_never_scheduled', 'dataset_consumes_1_and_2', 'dataset_produces_1', 'dataset_consumes_unknown_never_scheduled' retrieved from /home/airflow/.local/lib/python3.12/site-packages/airflow/example_dags/example_datasets.py
[2025-04-06T04:13:21.787+0000] {logging_mixin.py:190} INFO - [2025-04-06T04:13:21.787+0000] {dag.py:3239} INFO - Sync 10 DAGs
[2025-04-06T04:13:21.810+0000] {logging_mixin.py:190} INFO - [2025-04-06T04:13:21.810+0000] {dag.py:4180} INFO - Setting next_dagrun for conditional_dataset_and_time_based_timetable to 2025-04-02 01:00:00+00:00, run_after=2025-04-02 01:00:00+00:00
[2025-04-06T04:13:21.815+0000] {logging_mixin.py:190} INFO - [2025-04-06T04:13:21.815+0000] {dag.py:4180} INFO - Setting next_dagrun for consume_1_and_2_with_dataset_expressions to None, run_after=None
[2025-04-06T04:13:21.816+0000] {logging_mixin.py:190} INFO - [2025-04-06T04:13:21.816+0000] {dag.py:4180} INFO - Setting next_dagrun for consume_1_or_2_with_dataset_expressions to None, run_after=None
[2025-04-06T04:13:21.817+0000] {logging_mixin.py:190} INFO - [2025-04-06T04:13:21.817+0000] {dag.py:4180} INFO - Setting next_dagrun for consume_1_or_both_2_and_3_with_dataset_expressions to None, run_after=None
[2025-04-06T04:13:21.818+0000] {logging_mixin.py:190} INFO - [2025-04-06T04:13:21.818+0000] {dag.py:4180} INFO - Setting next_dagrun for dataset_consumes_1 to None, run_after=None
[2025-04-06T04:13:21.819+0000] {logging_mixin.py:190} INFO - [2025-04-06T04:13:21.819+0000] {dag.py:4180} INFO - Setting next_dagrun for dataset_consumes_1_and_2 to None, run_after=None
[2025-04-06T04:13:21.821+0000] {logging_mixin.py:190} INFO - [2025-04-06T04:13:21.821+0000] {dag.py:4180} INFO - Setting next_dagrun for dataset_consumes_1_never_scheduled to None, run_after=None
[2025-04-06T04:13:21.822+0000] {logging_mixin.py:190} INFO - [2025-04-06T04:13:21.822+0000] {dag.py:4180} INFO - Setting next_dagrun for dataset_consumes_unknown_never_scheduled to None, run_after=None
[2025-04-06T04:13:21.824+0000] {logging_mixin.py:190} INFO - [2025-04-06T04:13:21.824+0000] {dag.py:4180} INFO - Setting next_dagrun for dataset_produces_1 to 2025-04-05 00:00:00+00:00, run_after=2025-04-06 00:00:00+00:00
[2025-04-06T04:13:21.825+0000] {logging_mixin.py:190} INFO - [2025-04-06T04:13:21.825+0000] {dag.py:4180} INFO - Setting next_dagrun for dataset_produces_2 to None, run_after=None
[2025-04-06T04:13:21.866+0000] {processor.py:208} INFO - Processing /home/airflow/.local/lib/python3.12/site-packages/airflow/example_dags/example_datasets.py took 0.686 seconds
[2025-04-06T04:13:52.651+0000] {processor.py:186} INFO - Started process (PID=2456) to work on /home/airflow/.local/lib/python3.12/site-packages/airflow/example_dags/example_datasets.py
[2025-04-06T04:13:52.652+0000] {processor.py:914} INFO - Processing file /home/airflow/.local/lib/python3.12/site-packages/airflow/example_dags/example_datasets.py for tasks to queue
[2025-04-06T04:13:52.654+0000] {logging_mixin.py:190} INFO - [2025-04-06T04:13:52.653+0000] {dagbag.py:588} INFO - Filling up the DagBag from /home/airflow/.local/lib/python3.12/site-packages/airflow/example_dags/example_datasets.py
[2025-04-06T04:13:53.085+0000] {processor.py:925} INFO - DAG(s) 'dataset_consumes_unknown_never_scheduled', 'consume_1_or_2_with_dataset_expressions', 'dataset_consumes_1', 'consume_1_and_2_with_dataset_expressions', 'dataset_produces_2', 'dataset_consumes_1_and_2', 'dataset_consumes_1_never_scheduled', 'conditional_dataset_and_time_based_timetable', 'consume_1_or_both_2_and_3_with_dataset_expressions', 'dataset_produces_1' retrieved from /home/airflow/.local/lib/python3.12/site-packages/airflow/example_dags/example_datasets.py
[2025-04-06T04:13:53.127+0000] {logging_mixin.py:190} INFO - [2025-04-06T04:13:53.127+0000] {dag.py:3239} INFO - Sync 10 DAGs
[2025-04-06T04:13:53.153+0000] {logging_mixin.py:190} INFO - [2025-04-06T04:13:53.153+0000] {dag.py:4180} INFO - Setting next_dagrun for conditional_dataset_and_time_based_timetable to 2025-04-02 01:00:00+00:00, run_after=2025-04-02 01:00:00+00:00
[2025-04-06T04:13:53.158+0000] {logging_mixin.py:190} INFO - [2025-04-06T04:13:53.157+0000] {dag.py:4180} INFO - Setting next_dagrun for consume_1_and_2_with_dataset_expressions to None, run_after=None
[2025-04-06T04:13:53.159+0000] {logging_mixin.py:190} INFO - [2025-04-06T04:13:53.159+0000] {dag.py:4180} INFO - Setting next_dagrun for consume_1_or_2_with_dataset_expressions to None, run_after=None
[2025-04-06T04:13:53.161+0000] {logging_mixin.py:190} INFO - [2025-04-06T04:13:53.161+0000] {dag.py:4180} INFO - Setting next_dagrun for consume_1_or_both_2_and_3_with_dataset_expressions to None, run_after=None
[2025-04-06T04:13:53.162+0000] {logging_mixin.py:190} INFO - [2025-04-06T04:13:53.162+0000] {dag.py:4180} INFO - Setting next_dagrun for dataset_consumes_1 to None, run_after=None
[2025-04-06T04:13:53.163+0000] {logging_mixin.py:190} INFO - [2025-04-06T04:13:53.163+0000] {dag.py:4180} INFO - Setting next_dagrun for dataset_consumes_1_and_2 to None, run_after=None
[2025-04-06T04:13:53.164+0000] {logging_mixin.py:190} INFO - [2025-04-06T04:13:53.164+0000] {dag.py:4180} INFO - Setting next_dagrun for dataset_consumes_1_never_scheduled to None, run_after=None
[2025-04-06T04:13:53.165+0000] {logging_mixin.py:190} INFO - [2025-04-06T04:13:53.165+0000] {dag.py:4180} INFO - Setting next_dagrun for dataset_consumes_unknown_never_scheduled to None, run_after=None
[2025-04-06T04:13:53.167+0000] {logging_mixin.py:190} INFO - [2025-04-06T04:13:53.167+0000] {dag.py:4180} INFO - Setting next_dagrun for dataset_produces_1 to 2025-04-05 00:00:00+00:00, run_after=2025-04-06 00:00:00+00:00
[2025-04-06T04:13:53.169+0000] {logging_mixin.py:190} INFO - [2025-04-06T04:13:53.169+0000] {dag.py:4180} INFO - Setting next_dagrun for dataset_produces_2 to None, run_after=None
[2025-04-06T04:13:53.208+0000] {processor.py:208} INFO - Processing /home/airflow/.local/lib/python3.12/site-packages/airflow/example_dags/example_datasets.py took 0.562 seconds
[2025-04-06T04:14:23.287+0000] {processor.py:186} INFO - Started process (PID=2519) to work on /home/airflow/.local/lib/python3.12/site-packages/airflow/example_dags/example_datasets.py
[2025-04-06T04:14:23.289+0000] {processor.py:914} INFO - Processing file /home/airflow/.local/lib/python3.12/site-packages/airflow/example_dags/example_datasets.py for tasks to queue
[2025-04-06T04:14:23.290+0000] {logging_mixin.py:190} INFO - [2025-04-06T04:14:23.290+0000] {dagbag.py:588} INFO - Filling up the DagBag from /home/airflow/.local/lib/python3.12/site-packages/airflow/example_dags/example_datasets.py
[2025-04-06T04:14:23.734+0000] {processor.py:925} INFO - DAG(s) 'consume_1_and_2_with_dataset_expressions', 'dataset_produces_2', 'dataset_consumes_1', 'dataset_consumes_unknown_never_scheduled', 'dataset_consumes_1_and_2', 'consume_1_or_both_2_and_3_with_dataset_expressions', 'dataset_consumes_1_never_scheduled', 'dataset_produces_1', 'consume_1_or_2_with_dataset_expressions', 'conditional_dataset_and_time_based_timetable' retrieved from /home/airflow/.local/lib/python3.12/site-packages/airflow/example_dags/example_datasets.py
[2025-04-06T04:14:23.779+0000] {logging_mixin.py:190} INFO - [2025-04-06T04:14:23.779+0000] {dag.py:3239} INFO - Sync 10 DAGs
[2025-04-06T04:14:23.801+0000] {logging_mixin.py:190} INFO - [2025-04-06T04:14:23.801+0000] {dag.py:4180} INFO - Setting next_dagrun for conditional_dataset_and_time_based_timetable to 2025-04-02 01:00:00+00:00, run_after=2025-04-02 01:00:00+00:00
[2025-04-06T04:14:23.805+0000] {logging_mixin.py:190} INFO - [2025-04-06T04:14:23.804+0000] {dag.py:4180} INFO - Setting next_dagrun for consume_1_and_2_with_dataset_expressions to None, run_after=None
[2025-04-06T04:14:23.806+0000] {logging_mixin.py:190} INFO - [2025-04-06T04:14:23.806+0000] {dag.py:4180} INFO - Setting next_dagrun for consume_1_or_2_with_dataset_expressions to None, run_after=None
[2025-04-06T04:14:23.807+0000] {logging_mixin.py:190} INFO - [2025-04-06T04:14:23.807+0000] {dag.py:4180} INFO - Setting next_dagrun for consume_1_or_both_2_and_3_with_dataset_expressions to None, run_after=None
[2025-04-06T04:14:23.808+0000] {logging_mixin.py:190} INFO - [2025-04-06T04:14:23.808+0000] {dag.py:4180} INFO - Setting next_dagrun for dataset_consumes_1 to None, run_after=None
[2025-04-06T04:14:23.809+0000] {logging_mixin.py:190} INFO - [2025-04-06T04:14:23.809+0000] {dag.py:4180} INFO - Setting next_dagrun for dataset_consumes_1_and_2 to None, run_after=None
[2025-04-06T04:14:23.810+0000] {logging_mixin.py:190} INFO - [2025-04-06T04:14:23.810+0000] {dag.py:4180} INFO - Setting next_dagrun for dataset_consumes_1_never_scheduled to None, run_after=None
[2025-04-06T04:14:23.811+0000] {logging_mixin.py:190} INFO - [2025-04-06T04:14:23.811+0000] {dag.py:4180} INFO - Setting next_dagrun for dataset_consumes_unknown_never_scheduled to None, run_after=None
[2025-04-06T04:14:23.813+0000] {logging_mixin.py:190} INFO - [2025-04-06T04:14:23.813+0000] {dag.py:4180} INFO - Setting next_dagrun for dataset_produces_1 to 2025-04-05 00:00:00+00:00, run_after=2025-04-06 00:00:00+00:00
[2025-04-06T04:14:23.814+0000] {logging_mixin.py:190} INFO - [2025-04-06T04:14:23.814+0000] {dag.py:4180} INFO - Setting next_dagrun for dataset_produces_2 to None, run_after=None
[2025-04-06T04:14:23.852+0000] {processor.py:208} INFO - Processing /home/airflow/.local/lib/python3.12/site-packages/airflow/example_dags/example_datasets.py took 0.570 seconds
[2025-04-06T04:14:53.894+0000] {processor.py:186} INFO - Started process (PID=2582) to work on /home/airflow/.local/lib/python3.12/site-packages/airflow/example_dags/example_datasets.py
[2025-04-06T04:14:53.896+0000] {processor.py:914} INFO - Processing file /home/airflow/.local/lib/python3.12/site-packages/airflow/example_dags/example_datasets.py for tasks to queue
[2025-04-06T04:14:53.897+0000] {logging_mixin.py:190} INFO - [2025-04-06T04:14:53.897+0000] {dagbag.py:588} INFO - Filling up the DagBag from /home/airflow/.local/lib/python3.12/site-packages/airflow/example_dags/example_datasets.py
[2025-04-06T04:14:54.269+0000] {processor.py:925} INFO - DAG(s) 'dataset_consumes_1_never_scheduled', 'consume_1_or_both_2_and_3_with_dataset_expressions', 'dataset_consumes_1', 'dataset_consumes_1_and_2', 'consume_1_or_2_with_dataset_expressions', 'dataset_produces_1', 'dataset_produces_2', 'consume_1_and_2_with_dataset_expressions', 'dataset_consumes_unknown_never_scheduled', 'conditional_dataset_and_time_based_timetable' retrieved from /home/airflow/.local/lib/python3.12/site-packages/airflow/example_dags/example_datasets.py
[2025-04-06T04:14:54.306+0000] {logging_mixin.py:190} INFO - [2025-04-06T04:14:54.305+0000] {dag.py:3239} INFO - Sync 10 DAGs
[2025-04-06T04:14:54.324+0000] {logging_mixin.py:190} INFO - [2025-04-06T04:14:54.324+0000] {dag.py:4180} INFO - Setting next_dagrun for conditional_dataset_and_time_based_timetable to 2025-04-02 01:00:00+00:00, run_after=2025-04-02 01:00:00+00:00
[2025-04-06T04:14:54.326+0000] {logging_mixin.py:190} INFO - [2025-04-06T04:14:54.326+0000] {dag.py:4180} INFO - Setting next_dagrun for consume_1_and_2_with_dataset_expressions to None, run_after=None
[2025-04-06T04:14:54.328+0000] {logging_mixin.py:190} INFO - [2025-04-06T04:14:54.328+0000] {dag.py:4180} INFO - Setting next_dagrun for consume_1_or_2_with_dataset_expressions to None, run_after=None
[2025-04-06T04:14:54.330+0000] {logging_mixin.py:190} INFO - [2025-04-06T04:14:54.330+0000] {dag.py:4180} INFO - Setting next_dagrun for consume_1_or_both_2_and_3_with_dataset_expressions to None, run_after=None
[2025-04-06T04:14:54.331+0000] {logging_mixin.py:190} INFO - [2025-04-06T04:14:54.331+0000] {dag.py:4180} INFO - Setting next_dagrun for dataset_consumes_1 to None, run_after=None
[2025-04-06T04:14:54.332+0000] {logging_mixin.py:190} INFO - [2025-04-06T04:14:54.332+0000] {dag.py:4180} INFO - Setting next_dagrun for dataset_consumes_1_and_2 to None, run_after=None
[2025-04-06T04:14:54.333+0000] {logging_mixin.py:190} INFO - [2025-04-06T04:14:54.333+0000] {dag.py:4180} INFO - Setting next_dagrun for dataset_consumes_1_never_scheduled to None, run_after=None
[2025-04-06T04:14:54.334+0000] {logging_mixin.py:190} INFO - [2025-04-06T04:14:54.334+0000] {dag.py:4180} INFO - Setting next_dagrun for dataset_consumes_unknown_never_scheduled to None, run_after=None
[2025-04-06T04:14:54.336+0000] {logging_mixin.py:190} INFO - [2025-04-06T04:14:54.336+0000] {dag.py:4180} INFO - Setting next_dagrun for dataset_produces_1 to 2025-04-05 00:00:00+00:00, run_after=2025-04-06 00:00:00+00:00
[2025-04-06T04:14:54.337+0000] {logging_mixin.py:190} INFO - [2025-04-06T04:14:54.337+0000] {dag.py:4180} INFO - Setting next_dagrun for dataset_produces_2 to None, run_after=None
[2025-04-06T04:14:54.384+0000] {processor.py:208} INFO - Processing /home/airflow/.local/lib/python3.12/site-packages/airflow/example_dags/example_datasets.py took 0.496 seconds
[2025-04-06T04:15:25.184+0000] {processor.py:186} INFO - Started process (PID=2645) to work on /home/airflow/.local/lib/python3.12/site-packages/airflow/example_dags/example_datasets.py
[2025-04-06T04:15:25.187+0000] {processor.py:914} INFO - Processing file /home/airflow/.local/lib/python3.12/site-packages/airflow/example_dags/example_datasets.py for tasks to queue
[2025-04-06T04:15:25.189+0000] {logging_mixin.py:190} INFO - [2025-04-06T04:15:25.188+0000] {dagbag.py:588} INFO - Filling up the DagBag from /home/airflow/.local/lib/python3.12/site-packages/airflow/example_dags/example_datasets.py
[2025-04-06T04:15:25.642+0000] {processor.py:925} INFO - DAG(s) 'dataset_consumes_1_and_2', 'dataset_produces_2', 'consume_1_or_both_2_and_3_with_dataset_expressions', 'dataset_consumes_1_never_scheduled', 'conditional_dataset_and_time_based_timetable', 'consume_1_or_2_with_dataset_expressions', 'dataset_produces_1', 'consume_1_and_2_with_dataset_expressions', 'dataset_consumes_1', 'dataset_consumes_unknown_never_scheduled' retrieved from /home/airflow/.local/lib/python3.12/site-packages/airflow/example_dags/example_datasets.py
[2025-04-06T04:15:25.678+0000] {logging_mixin.py:190} INFO - [2025-04-06T04:15:25.678+0000] {dag.py:3239} INFO - Sync 10 DAGs
[2025-04-06T04:15:25.697+0000] {logging_mixin.py:190} INFO - [2025-04-06T04:15:25.697+0000] {dag.py:4180} INFO - Setting next_dagrun for conditional_dataset_and_time_based_timetable to 2025-04-02 01:00:00+00:00, run_after=2025-04-02 01:00:00+00:00
[2025-04-06T04:15:25.700+0000] {logging_mixin.py:190} INFO - [2025-04-06T04:15:25.700+0000] {dag.py:4180} INFO - Setting next_dagrun for consume_1_and_2_with_dataset_expressions to None, run_after=None
[2025-04-06T04:15:25.702+0000] {logging_mixin.py:190} INFO - [2025-04-06T04:15:25.702+0000] {dag.py:4180} INFO - Setting next_dagrun for consume_1_or_2_with_dataset_expressions to None, run_after=None
[2025-04-06T04:15:25.703+0000] {logging_mixin.py:190} INFO - [2025-04-06T04:15:25.703+0000] {dag.py:4180} INFO - Setting next_dagrun for consume_1_or_both_2_and_3_with_dataset_expressions to None, run_after=None
[2025-04-06T04:15:25.704+0000] {logging_mixin.py:190} INFO - [2025-04-06T04:15:25.704+0000] {dag.py:4180} INFO - Setting next_dagrun for dataset_consumes_1 to None, run_after=None
[2025-04-06T04:15:25.705+0000] {logging_mixin.py:190} INFO - [2025-04-06T04:15:25.705+0000] {dag.py:4180} INFO - Setting next_dagrun for dataset_consumes_1_and_2 to None, run_after=None
[2025-04-06T04:15:25.706+0000] {logging_mixin.py:190} INFO - [2025-04-06T04:15:25.706+0000] {dag.py:4180} INFO - Setting next_dagrun for dataset_consumes_1_never_scheduled to None, run_after=None
[2025-04-06T04:15:25.707+0000] {logging_mixin.py:190} INFO - [2025-04-06T04:15:25.707+0000] {dag.py:4180} INFO - Setting next_dagrun for dataset_consumes_unknown_never_scheduled to None, run_after=None
[2025-04-06T04:15:25.709+0000] {logging_mixin.py:190} INFO - [2025-04-06T04:15:25.709+0000] {dag.py:4180} INFO - Setting next_dagrun for dataset_produces_1 to 2025-04-05 00:00:00+00:00, run_after=2025-04-06 00:00:00+00:00
[2025-04-06T04:15:25.710+0000] {logging_mixin.py:190} INFO - [2025-04-06T04:15:25.710+0000] {dag.py:4180} INFO - Setting next_dagrun for dataset_produces_2 to None, run_after=None
[2025-04-06T04:15:25.754+0000] {processor.py:208} INFO - Processing /home/airflow/.local/lib/python3.12/site-packages/airflow/example_dags/example_datasets.py took 0.576 seconds
[2025-04-06T04:15:56.707+0000] {processor.py:186} INFO - Started process (PID=2708) to work on /home/airflow/.local/lib/python3.12/site-packages/airflow/example_dags/example_datasets.py
[2025-04-06T04:15:56.708+0000] {processor.py:914} INFO - Processing file /home/airflow/.local/lib/python3.12/site-packages/airflow/example_dags/example_datasets.py for tasks to queue
[2025-04-06T04:15:56.710+0000] {logging_mixin.py:190} INFO - [2025-04-06T04:15:56.710+0000] {dagbag.py:588} INFO - Filling up the DagBag from /home/airflow/.local/lib/python3.12/site-packages/airflow/example_dags/example_datasets.py
[2025-04-06T04:15:57.250+0000] {processor.py:925} INFO - DAG(s) 'dataset_produces_2', 'consume_1_and_2_with_dataset_expressions', 'dataset_consumes_1', 'dataset_consumes_1_never_scheduled', 'dataset_consumes_1_and_2', 'conditional_dataset_and_time_based_timetable', 'dataset_consumes_unknown_never_scheduled', 'consume_1_or_both_2_and_3_with_dataset_expressions', 'dataset_produces_1', 'consume_1_or_2_with_dataset_expressions' retrieved from /home/airflow/.local/lib/python3.12/site-packages/airflow/example_dags/example_datasets.py
[2025-04-06T04:15:57.296+0000] {logging_mixin.py:190} INFO - [2025-04-06T04:15:57.295+0000] {dag.py:3239} INFO - Sync 10 DAGs
[2025-04-06T04:15:57.321+0000] {logging_mixin.py:190} INFO - [2025-04-06T04:15:57.321+0000] {dag.py:4180} INFO - Setting next_dagrun for conditional_dataset_and_time_based_timetable to 2025-04-02 01:00:00+00:00, run_after=2025-04-02 01:00:00+00:00
[2025-04-06T04:15:57.325+0000] {logging_mixin.py:190} INFO - [2025-04-06T04:15:57.325+0000] {dag.py:4180} INFO - Setting next_dagrun for consume_1_and_2_with_dataset_expressions to None, run_after=None
[2025-04-06T04:15:57.326+0000] {logging_mixin.py:190} INFO - [2025-04-06T04:15:57.326+0000] {dag.py:4180} INFO - Setting next_dagrun for consume_1_or_2_with_dataset_expressions to None, run_after=None
[2025-04-06T04:15:57.327+0000] {logging_mixin.py:190} INFO - [2025-04-06T04:15:57.327+0000] {dag.py:4180} INFO - Setting next_dagrun for consume_1_or_both_2_and_3_with_dataset_expressions to None, run_after=None
[2025-04-06T04:15:57.328+0000] {logging_mixin.py:190} INFO - [2025-04-06T04:15:57.328+0000] {dag.py:4180} INFO - Setting next_dagrun for dataset_consumes_1 to None, run_after=None
[2025-04-06T04:15:57.329+0000] {logging_mixin.py:190} INFO - [2025-04-06T04:15:57.329+0000] {dag.py:4180} INFO - Setting next_dagrun for dataset_consumes_1_and_2 to None, run_after=None
[2025-04-06T04:15:57.330+0000] {logging_mixin.py:190} INFO - [2025-04-06T04:15:57.330+0000] {dag.py:4180} INFO - Setting next_dagrun for dataset_consumes_1_never_scheduled to None, run_after=None
[2025-04-06T04:15:57.331+0000] {logging_mixin.py:190} INFO - [2025-04-06T04:15:57.331+0000] {dag.py:4180} INFO - Setting next_dagrun for dataset_consumes_unknown_never_scheduled to None, run_after=None
[2025-04-06T04:15:57.333+0000] {logging_mixin.py:190} INFO - [2025-04-06T04:15:57.333+0000] {dag.py:4180} INFO - Setting next_dagrun for dataset_produces_1 to 2025-04-05 00:00:00+00:00, run_after=2025-04-06 00:00:00+00:00
[2025-04-06T04:15:57.334+0000] {logging_mixin.py:190} INFO - [2025-04-06T04:15:57.334+0000] {dag.py:4180} INFO - Setting next_dagrun for dataset_produces_2 to None, run_after=None
[2025-04-06T04:15:57.370+0000] {processor.py:208} INFO - Processing /home/airflow/.local/lib/python3.12/site-packages/airflow/example_dags/example_datasets.py took 0.668 seconds
[2025-04-06T04:16:28.380+0000] {processor.py:186} INFO - Started process (PID=2771) to work on /home/airflow/.local/lib/python3.12/site-packages/airflow/example_dags/example_datasets.py
[2025-04-06T04:16:28.382+0000] {processor.py:914} INFO - Processing file /home/airflow/.local/lib/python3.12/site-packages/airflow/example_dags/example_datasets.py for tasks to queue
[2025-04-06T04:16:28.385+0000] {logging_mixin.py:190} INFO - [2025-04-06T04:16:28.384+0000] {dagbag.py:588} INFO - Filling up the DagBag from /home/airflow/.local/lib/python3.12/site-packages/airflow/example_dags/example_datasets.py
[2025-04-06T04:16:28.878+0000] {processor.py:925} INFO - DAG(s) 'dataset_consumes_unknown_never_scheduled', 'dataset_consumes_1_and_2', 'consume_1_or_both_2_and_3_with_dataset_expressions', 'dataset_produces_2', 'consume_1_or_2_with_dataset_expressions', 'dataset_produces_1', 'consume_1_and_2_with_dataset_expressions', 'dataset_consumes_1', 'conditional_dataset_and_time_based_timetable', 'dataset_consumes_1_never_scheduled' retrieved from /home/airflow/.local/lib/python3.12/site-packages/airflow/example_dags/example_datasets.py
[2025-04-06T04:16:28.931+0000] {logging_mixin.py:190} INFO - [2025-04-06T04:16:28.931+0000] {dag.py:3239} INFO - Sync 10 DAGs
[2025-04-06T04:16:28.959+0000] {logging_mixin.py:190} INFO - [2025-04-06T04:16:28.959+0000] {dag.py:4180} INFO - Setting next_dagrun for conditional_dataset_and_time_based_timetable to 2025-04-02 01:00:00+00:00, run_after=2025-04-02 01:00:00+00:00
[2025-04-06T04:16:28.963+0000] {logging_mixin.py:190} INFO - [2025-04-06T04:16:28.963+0000] {dag.py:4180} INFO - Setting next_dagrun for consume_1_and_2_with_dataset_expressions to None, run_after=None
[2025-04-06T04:16:28.964+0000] {logging_mixin.py:190} INFO - [2025-04-06T04:16:28.964+0000] {dag.py:4180} INFO - Setting next_dagrun for consume_1_or_2_with_dataset_expressions to None, run_after=None
[2025-04-06T04:16:28.965+0000] {logging_mixin.py:190} INFO - [2025-04-06T04:16:28.965+0000] {dag.py:4180} INFO - Setting next_dagrun for consume_1_or_both_2_and_3_with_dataset_expressions to None, run_after=None
[2025-04-06T04:16:28.966+0000] {logging_mixin.py:190} INFO - [2025-04-06T04:16:28.966+0000] {dag.py:4180} INFO - Setting next_dagrun for dataset_consumes_1 to None, run_after=None
[2025-04-06T04:16:28.967+0000] {logging_mixin.py:190} INFO - [2025-04-06T04:16:28.967+0000] {dag.py:4180} INFO - Setting next_dagrun for dataset_consumes_1_and_2 to None, run_after=None
[2025-04-06T04:16:28.968+0000] {logging_mixin.py:190} INFO - [2025-04-06T04:16:28.968+0000] {dag.py:4180} INFO - Setting next_dagrun for dataset_consumes_1_never_scheduled to None, run_after=None
[2025-04-06T04:16:28.969+0000] {logging_mixin.py:190} INFO - [2025-04-06T04:16:28.969+0000] {dag.py:4180} INFO - Setting next_dagrun for dataset_consumes_unknown_never_scheduled to None, run_after=None
[2025-04-06T04:16:28.971+0000] {logging_mixin.py:190} INFO - [2025-04-06T04:16:28.970+0000] {dag.py:4180} INFO - Setting next_dagrun for dataset_produces_1 to 2025-04-05 00:00:00+00:00, run_after=2025-04-06 00:00:00+00:00
[2025-04-06T04:16:28.971+0000] {logging_mixin.py:190} INFO - [2025-04-06T04:16:28.971+0000] {dag.py:4180} INFO - Setting next_dagrun for dataset_produces_2 to None, run_after=None
[2025-04-06T04:16:29.001+0000] {processor.py:208} INFO - Processing /home/airflow/.local/lib/python3.12/site-packages/airflow/example_dags/example_datasets.py took 0.627 seconds
[2025-04-06T04:16:59.109+0000] {processor.py:186} INFO - Started process (PID=2834) to work on /home/airflow/.local/lib/python3.12/site-packages/airflow/example_dags/example_datasets.py
[2025-04-06T04:16:59.123+0000] {processor.py:914} INFO - Processing file /home/airflow/.local/lib/python3.12/site-packages/airflow/example_dags/example_datasets.py for tasks to queue
[2025-04-06T04:16:59.124+0000] {logging_mixin.py:190} INFO - [2025-04-06T04:16:59.124+0000] {dagbag.py:588} INFO - Filling up the DagBag from /home/airflow/.local/lib/python3.12/site-packages/airflow/example_dags/example_datasets.py
[2025-04-06T04:16:59.526+0000] {processor.py:925} INFO - DAG(s) 'dataset_consumes_1', 'dataset_consumes_1_and_2', 'dataset_consumes_1_never_scheduled', 'dataset_produces_1', 'consume_1_and_2_with_dataset_expressions', 'conditional_dataset_and_time_based_timetable', 'consume_1_or_2_with_dataset_expressions', 'dataset_consumes_unknown_never_scheduled', 'dataset_produces_2', 'consume_1_or_both_2_and_3_with_dataset_expressions' retrieved from /home/airflow/.local/lib/python3.12/site-packages/airflow/example_dags/example_datasets.py
[2025-04-06T04:16:59.561+0000] {logging_mixin.py:190} INFO - [2025-04-06T04:16:59.561+0000] {dag.py:3239} INFO - Sync 10 DAGs
[2025-04-06T04:16:59.579+0000] {logging_mixin.py:190} INFO - [2025-04-06T04:16:59.579+0000] {dag.py:4180} INFO - Setting next_dagrun for conditional_dataset_and_time_based_timetable to 2025-04-02 01:00:00+00:00, run_after=2025-04-02 01:00:00+00:00
[2025-04-06T04:16:59.582+0000] {logging_mixin.py:190} INFO - [2025-04-06T04:16:59.582+0000] {dag.py:4180} INFO - Setting next_dagrun for consume_1_and_2_with_dataset_expressions to None, run_after=None
[2025-04-06T04:16:59.583+0000] {logging_mixin.py:190} INFO - [2025-04-06T04:16:59.583+0000] {dag.py:4180} INFO - Setting next_dagrun for consume_1_or_2_with_dataset_expressions to None, run_after=None
[2025-04-06T04:16:59.584+0000] {logging_mixin.py:190} INFO - [2025-04-06T04:16:59.584+0000] {dag.py:4180} INFO - Setting next_dagrun for consume_1_or_both_2_and_3_with_dataset_expressions to None, run_after=None
[2025-04-06T04:16:59.586+0000] {logging_mixin.py:190} INFO - [2025-04-06T04:16:59.586+0000] {dag.py:4180} INFO - Setting next_dagrun for dataset_consumes_1 to None, run_after=None
[2025-04-06T04:16:59.588+0000] {logging_mixin.py:190} INFO - [2025-04-06T04:16:59.588+0000] {dag.py:4180} INFO - Setting next_dagrun for dataset_consumes_1_and_2 to None, run_after=None
[2025-04-06T04:16:59.590+0000] {logging_mixin.py:190} INFO - [2025-04-06T04:16:59.590+0000] {dag.py:4180} INFO - Setting next_dagrun for dataset_consumes_1_never_scheduled to None, run_after=None
[2025-04-06T04:16:59.592+0000] {logging_mixin.py:190} INFO - [2025-04-06T04:16:59.592+0000] {dag.py:4180} INFO - Setting next_dagrun for dataset_consumes_unknown_never_scheduled to None, run_after=None
[2025-04-06T04:16:59.595+0000] {logging_mixin.py:190} INFO - [2025-04-06T04:16:59.595+0000] {dag.py:4180} INFO - Setting next_dagrun for dataset_produces_1 to 2025-04-05 00:00:00+00:00, run_after=2025-04-06 00:00:00+00:00
[2025-04-06T04:16:59.597+0000] {logging_mixin.py:190} INFO - [2025-04-06T04:16:59.597+0000] {dag.py:4180} INFO - Setting next_dagrun for dataset_produces_2 to None, run_after=None
[2025-04-06T04:16:59.660+0000] {processor.py:208} INFO - Processing /home/airflow/.local/lib/python3.12/site-packages/airflow/example_dags/example_datasets.py took 0.555 seconds
[2025-04-06T04:17:30.648+0000] {processor.py:186} INFO - Started process (PID=2897) to work on /home/airflow/.local/lib/python3.12/site-packages/airflow/example_dags/example_datasets.py
[2025-04-06T04:17:30.662+0000] {processor.py:914} INFO - Processing file /home/airflow/.local/lib/python3.12/site-packages/airflow/example_dags/example_datasets.py for tasks to queue
[2025-04-06T04:17:30.664+0000] {logging_mixin.py:190} INFO - [2025-04-06T04:17:30.664+0000] {dagbag.py:588} INFO - Filling up the DagBag from /home/airflow/.local/lib/python3.12/site-packages/airflow/example_dags/example_datasets.py
[2025-04-06T04:17:31.067+0000] {processor.py:925} INFO - DAG(s) 'dataset_consumes_1', 'conditional_dataset_and_time_based_timetable', 'consume_1_or_2_with_dataset_expressions', 'dataset_consumes_unknown_never_scheduled', 'dataset_produces_2', 'consume_1_or_both_2_and_3_with_dataset_expressions', 'dataset_consumes_1_never_scheduled', 'dataset_produces_1', 'consume_1_and_2_with_dataset_expressions', 'dataset_consumes_1_and_2' retrieved from /home/airflow/.local/lib/python3.12/site-packages/airflow/example_dags/example_datasets.py
[2025-04-06T04:17:31.106+0000] {logging_mixin.py:190} INFO - [2025-04-06T04:17:31.106+0000] {dag.py:3239} INFO - Sync 10 DAGs
[2025-04-06T04:17:31.125+0000] {logging_mixin.py:190} INFO - [2025-04-06T04:17:31.125+0000] {dag.py:4180} INFO - Setting next_dagrun for conditional_dataset_and_time_based_timetable to 2025-04-02 01:00:00+00:00, run_after=2025-04-02 01:00:00+00:00
[2025-04-06T04:17:31.128+0000] {logging_mixin.py:190} INFO - [2025-04-06T04:17:31.128+0000] {dag.py:4180} INFO - Setting next_dagrun for consume_1_and_2_with_dataset_expressions to None, run_after=None
[2025-04-06T04:17:31.129+0000] {logging_mixin.py:190} INFO - [2025-04-06T04:17:31.129+0000] {dag.py:4180} INFO - Setting next_dagrun for consume_1_or_2_with_dataset_expressions to None, run_after=None
[2025-04-06T04:17:31.130+0000] {logging_mixin.py:190} INFO - [2025-04-06T04:17:31.130+0000] {dag.py:4180} INFO - Setting next_dagrun for consume_1_or_both_2_and_3_with_dataset_expressions to None, run_after=None
[2025-04-06T04:17:31.131+0000] {logging_mixin.py:190} INFO - [2025-04-06T04:17:31.131+0000] {dag.py:4180} INFO - Setting next_dagrun for dataset_consumes_1 to None, run_after=None
[2025-04-06T04:17:31.132+0000] {logging_mixin.py:190} INFO - [2025-04-06T04:17:31.132+0000] {dag.py:4180} INFO - Setting next_dagrun for dataset_consumes_1_and_2 to None, run_after=None
[2025-04-06T04:17:31.133+0000] {logging_mixin.py:190} INFO - [2025-04-06T04:17:31.133+0000] {dag.py:4180} INFO - Setting next_dagrun for dataset_consumes_1_never_scheduled to None, run_after=None
[2025-04-06T04:17:31.134+0000] {logging_mixin.py:190} INFO - [2025-04-06T04:17:31.134+0000] {dag.py:4180} INFO - Setting next_dagrun for dataset_consumes_unknown_never_scheduled to None, run_after=None
[2025-04-06T04:17:31.136+0000] {logging_mixin.py:190} INFO - [2025-04-06T04:17:31.136+0000] {dag.py:4180} INFO - Setting next_dagrun for dataset_produces_1 to 2025-04-05 00:00:00+00:00, run_after=2025-04-06 00:00:00+00:00
[2025-04-06T04:17:31.138+0000] {logging_mixin.py:190} INFO - [2025-04-06T04:17:31.137+0000] {dag.py:4180} INFO - Setting next_dagrun for dataset_produces_2 to None, run_after=None
[2025-04-06T04:17:31.185+0000] {processor.py:208} INFO - Processing /home/airflow/.local/lib/python3.12/site-packages/airflow/example_dags/example_datasets.py took 0.544 seconds
[2025-04-06T04:18:01.254+0000] {processor.py:186} INFO - Started process (PID=2960) to work on /home/airflow/.local/lib/python3.12/site-packages/airflow/example_dags/example_datasets.py
[2025-04-06T04:18:01.268+0000] {processor.py:914} INFO - Processing file /home/airflow/.local/lib/python3.12/site-packages/airflow/example_dags/example_datasets.py for tasks to queue
[2025-04-06T04:18:01.270+0000] {logging_mixin.py:190} INFO - [2025-04-06T04:18:01.270+0000] {dagbag.py:588} INFO - Filling up the DagBag from /home/airflow/.local/lib/python3.12/site-packages/airflow/example_dags/example_datasets.py
[2025-04-06T04:18:01.702+0000] {processor.py:925} INFO - DAG(s) 'consume_1_and_2_with_dataset_expressions', 'consume_1_or_2_with_dataset_expressions', 'dataset_consumes_1_never_scheduled', 'dataset_consumes_unknown_never_scheduled', 'conditional_dataset_and_time_based_timetable', 'dataset_produces_1', 'consume_1_or_both_2_and_3_with_dataset_expressions', 'dataset_consumes_1', 'dataset_consumes_1_and_2', 'dataset_produces_2' retrieved from /home/airflow/.local/lib/python3.12/site-packages/airflow/example_dags/example_datasets.py
[2025-04-06T04:18:01.743+0000] {logging_mixin.py:190} INFO - [2025-04-06T04:18:01.743+0000] {dag.py:3239} INFO - Sync 10 DAGs
[2025-04-06T04:18:01.764+0000] {logging_mixin.py:190} INFO - [2025-04-06T04:18:01.764+0000] {dag.py:4180} INFO - Setting next_dagrun for conditional_dataset_and_time_based_timetable to 2025-04-02 01:00:00+00:00, run_after=2025-04-02 01:00:00+00:00
[2025-04-06T04:18:01.767+0000] {logging_mixin.py:190} INFO - [2025-04-06T04:18:01.767+0000] {dag.py:4180} INFO - Setting next_dagrun for consume_1_and_2_with_dataset_expressions to None, run_after=None
[2025-04-06T04:18:01.768+0000] {logging_mixin.py:190} INFO - [2025-04-06T04:18:01.768+0000] {dag.py:4180} INFO - Setting next_dagrun for consume_1_or_2_with_dataset_expressions to None, run_after=None
[2025-04-06T04:18:01.770+0000] {logging_mixin.py:190} INFO - [2025-04-06T04:18:01.770+0000] {dag.py:4180} INFO - Setting next_dagrun for consume_1_or_both_2_and_3_with_dataset_expressions to None, run_after=None
[2025-04-06T04:18:01.772+0000] {logging_mixin.py:190} INFO - [2025-04-06T04:18:01.772+0000] {dag.py:4180} INFO - Setting next_dagrun for dataset_consumes_1 to None, run_after=None
[2025-04-06T04:18:01.773+0000] {logging_mixin.py:190} INFO - [2025-04-06T04:18:01.773+0000] {dag.py:4180} INFO - Setting next_dagrun for dataset_consumes_1_and_2 to None, run_after=None
[2025-04-06T04:18:01.774+0000] {logging_mixin.py:190} INFO - [2025-04-06T04:18:01.774+0000] {dag.py:4180} INFO - Setting next_dagrun for dataset_consumes_1_never_scheduled to None, run_after=None
[2025-04-06T04:18:01.775+0000] {logging_mixin.py:190} INFO - [2025-04-06T04:18:01.775+0000] {dag.py:4180} INFO - Setting next_dagrun for dataset_consumes_unknown_never_scheduled to None, run_after=None
[2025-04-06T04:18:01.777+0000] {logging_mixin.py:190} INFO - [2025-04-06T04:18:01.777+0000] {dag.py:4180} INFO - Setting next_dagrun for dataset_produces_1 to 2025-04-05 00:00:00+00:00, run_after=2025-04-06 00:00:00+00:00
[2025-04-06T04:18:01.778+0000] {logging_mixin.py:190} INFO - [2025-04-06T04:18:01.778+0000] {dag.py:4180} INFO - Setting next_dagrun for dataset_produces_2 to None, run_after=None
[2025-04-06T04:18:01.820+0000] {processor.py:208} INFO - Processing /home/airflow/.local/lib/python3.12/site-packages/airflow/example_dags/example_datasets.py took 0.572 seconds
[2025-04-06T04:18:32.380+0000] {processor.py:186} INFO - Started process (PID=3023) to work on /home/airflow/.local/lib/python3.12/site-packages/airflow/example_dags/example_datasets.py
[2025-04-06T04:18:32.393+0000] {processor.py:914} INFO - Processing file /home/airflow/.local/lib/python3.12/site-packages/airflow/example_dags/example_datasets.py for tasks to queue
[2025-04-06T04:18:32.396+0000] {logging_mixin.py:190} INFO - [2025-04-06T04:18:32.395+0000] {dagbag.py:588} INFO - Filling up the DagBag from /home/airflow/.local/lib/python3.12/site-packages/airflow/example_dags/example_datasets.py
[2025-04-06T04:18:32.857+0000] {processor.py:925} INFO - DAG(s) 'dataset_produces_1', 'dataset_consumes_1', 'conditional_dataset_and_time_based_timetable', 'consume_1_and_2_with_dataset_expressions', 'dataset_consumes_1_never_scheduled', 'dataset_produces_2', 'consume_1_or_2_with_dataset_expressions', 'consume_1_or_both_2_and_3_with_dataset_expressions', 'dataset_consumes_1_and_2', 'dataset_consumes_unknown_never_scheduled' retrieved from /home/airflow/.local/lib/python3.12/site-packages/airflow/example_dags/example_datasets.py
[2025-04-06T04:18:32.898+0000] {logging_mixin.py:190} INFO - [2025-04-06T04:18:32.897+0000] {dag.py:3239} INFO - Sync 10 DAGs
[2025-04-06T04:18:32.926+0000] {logging_mixin.py:190} INFO - [2025-04-06T04:18:32.925+0000] {dag.py:4180} INFO - Setting next_dagrun for conditional_dataset_and_time_based_timetable to 2025-04-02 01:00:00+00:00, run_after=2025-04-02 01:00:00+00:00
[2025-04-06T04:18:32.928+0000] {logging_mixin.py:190} INFO - [2025-04-06T04:18:32.928+0000] {dag.py:4180} INFO - Setting next_dagrun for consume_1_and_2_with_dataset_expressions to None, run_after=None
[2025-04-06T04:18:32.930+0000] {logging_mixin.py:190} INFO - [2025-04-06T04:18:32.929+0000] {dag.py:4180} INFO - Setting next_dagrun for consume_1_or_2_with_dataset_expressions to None, run_after=None
[2025-04-06T04:18:32.931+0000] {logging_mixin.py:190} INFO - [2025-04-06T04:18:32.930+0000] {dag.py:4180} INFO - Setting next_dagrun for consume_1_or_both_2_and_3_with_dataset_expressions to None, run_after=None
[2025-04-06T04:18:32.932+0000] {logging_mixin.py:190} INFO - [2025-04-06T04:18:32.932+0000] {dag.py:4180} INFO - Setting next_dagrun for dataset_consumes_1 to None, run_after=None
[2025-04-06T04:18:32.933+0000] {logging_mixin.py:190} INFO - [2025-04-06T04:18:32.933+0000] {dag.py:4180} INFO - Setting next_dagrun for dataset_consumes_1_and_2 to None, run_after=None
[2025-04-06T04:18:32.934+0000] {logging_mixin.py:190} INFO - [2025-04-06T04:18:32.934+0000] {dag.py:4180} INFO - Setting next_dagrun for dataset_consumes_1_never_scheduled to None, run_after=None
[2025-04-06T04:18:32.935+0000] {logging_mixin.py:190} INFO - [2025-04-06T04:18:32.934+0000] {dag.py:4180} INFO - Setting next_dagrun for dataset_consumes_unknown_never_scheduled to None, run_after=None
[2025-04-06T04:18:32.936+0000] {logging_mixin.py:190} INFO - [2025-04-06T04:18:32.936+0000] {dag.py:4180} INFO - Setting next_dagrun for dataset_produces_1 to 2025-04-05 00:00:00+00:00, run_after=2025-04-06 00:00:00+00:00
[2025-04-06T04:18:32.938+0000] {logging_mixin.py:190} INFO - [2025-04-06T04:18:32.938+0000] {dag.py:4180} INFO - Setting next_dagrun for dataset_produces_2 to None, run_after=None
[2025-04-06T04:18:32.976+0000] {processor.py:208} INFO - Processing /home/airflow/.local/lib/python3.12/site-packages/airflow/example_dags/example_datasets.py took 0.601 seconds
[2025-04-06T04:19:03.686+0000] {processor.py:186} INFO - Started process (PID=3086) to work on /home/airflow/.local/lib/python3.12/site-packages/airflow/example_dags/example_datasets.py
[2025-04-06T04:19:03.688+0000] {processor.py:914} INFO - Processing file /home/airflow/.local/lib/python3.12/site-packages/airflow/example_dags/example_datasets.py for tasks to queue
[2025-04-06T04:19:03.691+0000] {logging_mixin.py:190} INFO - [2025-04-06T04:19:03.690+0000] {dagbag.py:588} INFO - Filling up the DagBag from /home/airflow/.local/lib/python3.12/site-packages/airflow/example_dags/example_datasets.py
[2025-04-06T04:19:04.167+0000] {processor.py:925} INFO - DAG(s) 'dataset_produces_1', 'dataset_consumes_unknown_never_scheduled', 'dataset_produces_2', 'consume_1_or_2_with_dataset_expressions', 'consume_1_and_2_with_dataset_expressions', 'dataset_consumes_1', 'dataset_consumes_1_never_scheduled', 'consume_1_or_both_2_and_3_with_dataset_expressions', 'conditional_dataset_and_time_based_timetable', 'dataset_consumes_1_and_2' retrieved from /home/airflow/.local/lib/python3.12/site-packages/airflow/example_dags/example_datasets.py
[2025-04-06T04:19:04.211+0000] {logging_mixin.py:190} INFO - [2025-04-06T04:19:04.211+0000] {dag.py:3239} INFO - Sync 10 DAGs
[2025-04-06T04:19:04.233+0000] {logging_mixin.py:190} INFO - [2025-04-06T04:19:04.233+0000] {dag.py:4180} INFO - Setting next_dagrun for conditional_dataset_and_time_based_timetable to 2025-04-02 01:00:00+00:00, run_after=2025-04-02 01:00:00+00:00
[2025-04-06T04:19:04.236+0000] {logging_mixin.py:190} INFO - [2025-04-06T04:19:04.236+0000] {dag.py:4180} INFO - Setting next_dagrun for consume_1_and_2_with_dataset_expressions to None, run_after=None
[2025-04-06T04:19:04.237+0000] {logging_mixin.py:190} INFO - [2025-04-06T04:19:04.237+0000] {dag.py:4180} INFO - Setting next_dagrun for consume_1_or_2_with_dataset_expressions to None, run_after=None
[2025-04-06T04:19:04.238+0000] {logging_mixin.py:190} INFO - [2025-04-06T04:19:04.238+0000] {dag.py:4180} INFO - Setting next_dagrun for consume_1_or_both_2_and_3_with_dataset_expressions to None, run_after=None
[2025-04-06T04:19:04.239+0000] {logging_mixin.py:190} INFO - [2025-04-06T04:19:04.239+0000] {dag.py:4180} INFO - Setting next_dagrun for dataset_consumes_1 to None, run_after=None
[2025-04-06T04:19:04.240+0000] {logging_mixin.py:190} INFO - [2025-04-06T04:19:04.240+0000] {dag.py:4180} INFO - Setting next_dagrun for dataset_consumes_1_and_2 to None, run_after=None
[2025-04-06T04:19:04.241+0000] {logging_mixin.py:190} INFO - [2025-04-06T04:19:04.241+0000] {dag.py:4180} INFO - Setting next_dagrun for dataset_consumes_1_never_scheduled to None, run_after=None
[2025-04-06T04:19:04.242+0000] {logging_mixin.py:190} INFO - [2025-04-06T04:19:04.242+0000] {dag.py:4180} INFO - Setting next_dagrun for dataset_consumes_unknown_never_scheduled to None, run_after=None
[2025-04-06T04:19:04.244+0000] {logging_mixin.py:190} INFO - [2025-04-06T04:19:04.244+0000] {dag.py:4180} INFO - Setting next_dagrun for dataset_produces_1 to 2025-04-05 00:00:00+00:00, run_after=2025-04-06 00:00:00+00:00
[2025-04-06T04:19:04.245+0000] {logging_mixin.py:190} INFO - [2025-04-06T04:19:04.245+0000] {dag.py:4180} INFO - Setting next_dagrun for dataset_produces_2 to None, run_after=None
[2025-04-06T04:19:04.291+0000] {processor.py:208} INFO - Processing /home/airflow/.local/lib/python3.12/site-packages/airflow/example_dags/example_datasets.py took 0.610 seconds
[2025-04-06T04:19:34.512+0000] {processor.py:186} INFO - Started process (PID=3149) to work on /home/airflow/.local/lib/python3.12/site-packages/airflow/example_dags/example_datasets.py
[2025-04-06T04:19:34.514+0000] {processor.py:914} INFO - Processing file /home/airflow/.local/lib/python3.12/site-packages/airflow/example_dags/example_datasets.py for tasks to queue
[2025-04-06T04:19:34.516+0000] {logging_mixin.py:190} INFO - [2025-04-06T04:19:34.516+0000] {dagbag.py:588} INFO - Filling up the DagBag from /home/airflow/.local/lib/python3.12/site-packages/airflow/example_dags/example_datasets.py
[2025-04-06T04:19:34.885+0000] {processor.py:925} INFO - DAG(s) 'dataset_produces_2', 'consume_1_or_both_2_and_3_with_dataset_expressions', 'conditional_dataset_and_time_based_timetable', 'dataset_consumes_1_never_scheduled', 'consume_1_or_2_with_dataset_expressions', 'dataset_produces_1', 'consume_1_and_2_with_dataset_expressions', 'dataset_consumes_1_and_2', 'dataset_consumes_unknown_never_scheduled', 'dataset_consumes_1' retrieved from /home/airflow/.local/lib/python3.12/site-packages/airflow/example_dags/example_datasets.py
[2025-04-06T04:19:34.926+0000] {logging_mixin.py:190} INFO - [2025-04-06T04:19:34.926+0000] {dag.py:3239} INFO - Sync 10 DAGs
[2025-04-06T04:19:34.947+0000] {logging_mixin.py:190} INFO - [2025-04-06T04:19:34.946+0000] {dag.py:4180} INFO - Setting next_dagrun for conditional_dataset_and_time_based_timetable to 2025-04-02 01:00:00+00:00, run_after=2025-04-02 01:00:00+00:00
[2025-04-06T04:19:34.950+0000] {logging_mixin.py:190} INFO - [2025-04-06T04:19:34.950+0000] {dag.py:4180} INFO - Setting next_dagrun for consume_1_and_2_with_dataset_expressions to None, run_after=None
[2025-04-06T04:19:34.951+0000] {logging_mixin.py:190} INFO - [2025-04-06T04:19:34.951+0000] {dag.py:4180} INFO - Setting next_dagrun for consume_1_or_2_with_dataset_expressions to None, run_after=None
[2025-04-06T04:19:34.952+0000] {logging_mixin.py:190} INFO - [2025-04-06T04:19:34.952+0000] {dag.py:4180} INFO - Setting next_dagrun for consume_1_or_both_2_and_3_with_dataset_expressions to None, run_after=None
[2025-04-06T04:19:34.953+0000] {logging_mixin.py:190} INFO - [2025-04-06T04:19:34.953+0000] {dag.py:4180} INFO - Setting next_dagrun for dataset_consumes_1 to None, run_after=None
[2025-04-06T04:19:34.955+0000] {logging_mixin.py:190} INFO - [2025-04-06T04:19:34.954+0000] {dag.py:4180} INFO - Setting next_dagrun for dataset_consumes_1_and_2 to None, run_after=None
[2025-04-06T04:19:34.955+0000] {logging_mixin.py:190} INFO - [2025-04-06T04:19:34.955+0000] {dag.py:4180} INFO - Setting next_dagrun for dataset_consumes_1_never_scheduled to None, run_after=None
[2025-04-06T04:19:34.956+0000] {logging_mixin.py:190} INFO - [2025-04-06T04:19:34.956+0000] {dag.py:4180} INFO - Setting next_dagrun for dataset_consumes_unknown_never_scheduled to None, run_after=None
[2025-04-06T04:19:34.958+0000] {logging_mixin.py:190} INFO - [2025-04-06T04:19:34.958+0000] {dag.py:4180} INFO - Setting next_dagrun for dataset_produces_1 to 2025-04-05 00:00:00+00:00, run_after=2025-04-06 00:00:00+00:00
[2025-04-06T04:19:34.959+0000] {logging_mixin.py:190} INFO - [2025-04-06T04:19:34.959+0000] {dag.py:4180} INFO - Setting next_dagrun for dataset_produces_2 to None, run_after=None
[2025-04-06T04:19:34.996+0000] {processor.py:208} INFO - Processing /home/airflow/.local/lib/python3.12/site-packages/airflow/example_dags/example_datasets.py took 0.489 seconds
[2025-04-06T04:20:05.199+0000] {processor.py:186} INFO - Started process (PID=3212) to work on /home/airflow/.local/lib/python3.12/site-packages/airflow/example_dags/example_datasets.py
[2025-04-06T04:20:05.200+0000] {processor.py:914} INFO - Processing file /home/airflow/.local/lib/python3.12/site-packages/airflow/example_dags/example_datasets.py for tasks to queue
[2025-04-06T04:20:05.201+0000] {logging_mixin.py:190} INFO - [2025-04-06T04:20:05.201+0000] {dagbag.py:588} INFO - Filling up the DagBag from /home/airflow/.local/lib/python3.12/site-packages/airflow/example_dags/example_datasets.py
[2025-04-06T04:20:05.660+0000] {processor.py:925} INFO - DAG(s) 'dataset_produces_2', 'dataset_consumes_1_never_scheduled', 'dataset_consumes_unknown_never_scheduled', 'dataset_consumes_1', 'consume_1_or_both_2_and_3_with_dataset_expressions', 'dataset_consumes_1_and_2', 'consume_1_or_2_with_dataset_expressions', 'dataset_produces_1', 'consume_1_and_2_with_dataset_expressions', 'conditional_dataset_and_time_based_timetable' retrieved from /home/airflow/.local/lib/python3.12/site-packages/airflow/example_dags/example_datasets.py
[2025-04-06T04:20:05.699+0000] {logging_mixin.py:190} INFO - [2025-04-06T04:20:05.699+0000] {dag.py:3239} INFO - Sync 10 DAGs
[2025-04-06T04:20:05.722+0000] {logging_mixin.py:190} INFO - [2025-04-06T04:20:05.722+0000] {dag.py:4180} INFO - Setting next_dagrun for conditional_dataset_and_time_based_timetable to 2025-04-02 01:00:00+00:00, run_after=2025-04-02 01:00:00+00:00
[2025-04-06T04:20:05.725+0000] {logging_mixin.py:190} INFO - [2025-04-06T04:20:05.725+0000] {dag.py:4180} INFO - Setting next_dagrun for consume_1_and_2_with_dataset_expressions to None, run_after=None
[2025-04-06T04:20:05.726+0000] {logging_mixin.py:190} INFO - [2025-04-06T04:20:05.726+0000] {dag.py:4180} INFO - Setting next_dagrun for consume_1_or_2_with_dataset_expressions to None, run_after=None
[2025-04-06T04:20:05.727+0000] {logging_mixin.py:190} INFO - [2025-04-06T04:20:05.727+0000] {dag.py:4180} INFO - Setting next_dagrun for consume_1_or_both_2_and_3_with_dataset_expressions to None, run_after=None
[2025-04-06T04:20:05.728+0000] {logging_mixin.py:190} INFO - [2025-04-06T04:20:05.728+0000] {dag.py:4180} INFO - Setting next_dagrun for dataset_consumes_1 to None, run_after=None
[2025-04-06T04:20:05.729+0000] {logging_mixin.py:190} INFO - [2025-04-06T04:20:05.729+0000] {dag.py:4180} INFO - Setting next_dagrun for dataset_consumes_1_and_2 to None, run_after=None
[2025-04-06T04:20:05.730+0000] {logging_mixin.py:190} INFO - [2025-04-06T04:20:05.730+0000] {dag.py:4180} INFO - Setting next_dagrun for dataset_consumes_1_never_scheduled to None, run_after=None
[2025-04-06T04:20:05.731+0000] {logging_mixin.py:190} INFO - [2025-04-06T04:20:05.731+0000] {dag.py:4180} INFO - Setting next_dagrun for dataset_consumes_unknown_never_scheduled to None, run_after=None
[2025-04-06T04:20:05.732+0000] {logging_mixin.py:190} INFO - [2025-04-06T04:20:05.732+0000] {dag.py:4180} INFO - Setting next_dagrun for dataset_produces_1 to 2025-04-05 00:00:00+00:00, run_after=2025-04-06 00:00:00+00:00
[2025-04-06T04:20:05.733+0000] {logging_mixin.py:190} INFO - [2025-04-06T04:20:05.733+0000] {dag.py:4180} INFO - Setting next_dagrun for dataset_produces_2 to None, run_after=None
[2025-04-06T04:20:05.767+0000] {processor.py:208} INFO - Processing /home/airflow/.local/lib/python3.12/site-packages/airflow/example_dags/example_datasets.py took 0.574 seconds
[2025-04-06T04:20:35.879+0000] {processor.py:186} INFO - Started process (PID=3275) to work on /home/airflow/.local/lib/python3.12/site-packages/airflow/example_dags/example_datasets.py
[2025-04-06T04:20:35.880+0000] {processor.py:914} INFO - Processing file /home/airflow/.local/lib/python3.12/site-packages/airflow/example_dags/example_datasets.py for tasks to queue
[2025-04-06T04:20:35.882+0000] {logging_mixin.py:190} INFO - [2025-04-06T04:20:35.881+0000] {dagbag.py:588} INFO - Filling up the DagBag from /home/airflow/.local/lib/python3.12/site-packages/airflow/example_dags/example_datasets.py
[2025-04-06T04:20:36.426+0000] {processor.py:925} INFO - DAG(s) 'dataset_produces_1', 'dataset_consumes_1_and_2', 'dataset_consumes_1', 'consume_1_and_2_with_dataset_expressions', 'consume_1_or_2_with_dataset_expressions', 'dataset_produces_2', 'consume_1_or_both_2_and_3_with_dataset_expressions', 'conditional_dataset_and_time_based_timetable', 'dataset_consumes_unknown_never_scheduled', 'dataset_consumes_1_never_scheduled' retrieved from /home/airflow/.local/lib/python3.12/site-packages/airflow/example_dags/example_datasets.py
[2025-04-06T04:20:36.474+0000] {logging_mixin.py:190} INFO - [2025-04-06T04:20:36.473+0000] {dag.py:3239} INFO - Sync 10 DAGs
[2025-04-06T04:20:36.500+0000] {logging_mixin.py:190} INFO - [2025-04-06T04:20:36.500+0000] {dag.py:4180} INFO - Setting next_dagrun for conditional_dataset_and_time_based_timetable to 2025-04-02 01:00:00+00:00, run_after=2025-04-02 01:00:00+00:00
[2025-04-06T04:20:36.505+0000] {logging_mixin.py:190} INFO - [2025-04-06T04:20:36.504+0000] {dag.py:4180} INFO - Setting next_dagrun for consume_1_and_2_with_dataset_expressions to None, run_after=None
[2025-04-06T04:20:36.507+0000] {logging_mixin.py:190} INFO - [2025-04-06T04:20:36.507+0000] {dag.py:4180} INFO - Setting next_dagrun for consume_1_or_2_with_dataset_expressions to None, run_after=None
[2025-04-06T04:20:36.508+0000] {logging_mixin.py:190} INFO - [2025-04-06T04:20:36.508+0000] {dag.py:4180} INFO - Setting next_dagrun for consume_1_or_both_2_and_3_with_dataset_expressions to None, run_after=None
[2025-04-06T04:20:36.509+0000] {logging_mixin.py:190} INFO - [2025-04-06T04:20:36.509+0000] {dag.py:4180} INFO - Setting next_dagrun for dataset_consumes_1 to None, run_after=None
[2025-04-06T04:20:36.510+0000] {logging_mixin.py:190} INFO - [2025-04-06T04:20:36.510+0000] {dag.py:4180} INFO - Setting next_dagrun for dataset_consumes_1_and_2 to None, run_after=None
[2025-04-06T04:20:36.511+0000] {logging_mixin.py:190} INFO - [2025-04-06T04:20:36.511+0000] {dag.py:4180} INFO - Setting next_dagrun for dataset_consumes_1_never_scheduled to None, run_after=None
[2025-04-06T04:20:36.513+0000] {logging_mixin.py:190} INFO - [2025-04-06T04:20:36.513+0000] {dag.py:4180} INFO - Setting next_dagrun for dataset_consumes_unknown_never_scheduled to None, run_after=None
[2025-04-06T04:20:36.515+0000] {logging_mixin.py:190} INFO - [2025-04-06T04:20:36.515+0000] {dag.py:4180} INFO - Setting next_dagrun for dataset_produces_1 to 2025-04-05 00:00:00+00:00, run_after=2025-04-06 00:00:00+00:00
[2025-04-06T04:20:36.517+0000] {logging_mixin.py:190} INFO - [2025-04-06T04:20:36.516+0000] {dag.py:4180} INFO - Setting next_dagrun for dataset_produces_2 to None, run_after=None
[2025-04-06T04:20:36.554+0000] {processor.py:208} INFO - Processing /home/airflow/.local/lib/python3.12/site-packages/airflow/example_dags/example_datasets.py took 0.682 seconds
[2025-04-06T04:21:07.180+0000] {processor.py:186} INFO - Started process (PID=3338) to work on /home/airflow/.local/lib/python3.12/site-packages/airflow/example_dags/example_datasets.py
[2025-04-06T04:21:07.193+0000] {processor.py:914} INFO - Processing file /home/airflow/.local/lib/python3.12/site-packages/airflow/example_dags/example_datasets.py for tasks to queue
[2025-04-06T04:21:07.195+0000] {logging_mixin.py:190} INFO - [2025-04-06T04:21:07.195+0000] {dagbag.py:588} INFO - Filling up the DagBag from /home/airflow/.local/lib/python3.12/site-packages/airflow/example_dags/example_datasets.py
[2025-04-06T04:21:07.656+0000] {processor.py:925} INFO - DAG(s) 'consume_1_or_both_2_and_3_with_dataset_expressions', 'dataset_produces_1', 'dataset_consumes_1_never_scheduled', 'dataset_produces_2', 'consume_1_or_2_with_dataset_expressions', 'consume_1_and_2_with_dataset_expressions', 'dataset_consumes_1', 'dataset_consumes_unknown_never_scheduled', 'conditional_dataset_and_time_based_timetable', 'dataset_consumes_1_and_2' retrieved from /home/airflow/.local/lib/python3.12/site-packages/airflow/example_dags/example_datasets.py
[2025-04-06T04:21:07.694+0000] {logging_mixin.py:190} INFO - [2025-04-06T04:21:07.693+0000] {dag.py:3239} INFO - Sync 10 DAGs
[2025-04-06T04:21:07.714+0000] {logging_mixin.py:190} INFO - [2025-04-06T04:21:07.714+0000] {dag.py:4180} INFO - Setting next_dagrun for conditional_dataset_and_time_based_timetable to 2025-04-02 01:00:00+00:00, run_after=2025-04-02 01:00:00+00:00
[2025-04-06T04:21:07.717+0000] {logging_mixin.py:190} INFO - [2025-04-06T04:21:07.717+0000] {dag.py:4180} INFO - Setting next_dagrun for consume_1_and_2_with_dataset_expressions to None, run_after=None
[2025-04-06T04:21:07.719+0000] {logging_mixin.py:190} INFO - [2025-04-06T04:21:07.718+0000] {dag.py:4180} INFO - Setting next_dagrun for consume_1_or_2_with_dataset_expressions to None, run_after=None
[2025-04-06T04:21:07.720+0000] {logging_mixin.py:190} INFO - [2025-04-06T04:21:07.719+0000] {dag.py:4180} INFO - Setting next_dagrun for consume_1_or_both_2_and_3_with_dataset_expressions to None, run_after=None
[2025-04-06T04:21:07.721+0000] {logging_mixin.py:190} INFO - [2025-04-06T04:21:07.720+0000] {dag.py:4180} INFO - Setting next_dagrun for dataset_consumes_1 to None, run_after=None
[2025-04-06T04:21:07.721+0000] {logging_mixin.py:190} INFO - [2025-04-06T04:21:07.721+0000] {dag.py:4180} INFO - Setting next_dagrun for dataset_consumes_1_and_2 to None, run_after=None
[2025-04-06T04:21:07.722+0000] {logging_mixin.py:190} INFO - [2025-04-06T04:21:07.722+0000] {dag.py:4180} INFO - Setting next_dagrun for dataset_consumes_1_never_scheduled to None, run_after=None
[2025-04-06T04:21:07.723+0000] {logging_mixin.py:190} INFO - [2025-04-06T04:21:07.723+0000] {dag.py:4180} INFO - Setting next_dagrun for dataset_consumes_unknown_never_scheduled to None, run_after=None
[2025-04-06T04:21:07.725+0000] {logging_mixin.py:190} INFO - [2025-04-06T04:21:07.725+0000] {dag.py:4180} INFO - Setting next_dagrun for dataset_produces_1 to 2025-04-05 00:00:00+00:00, run_after=2025-04-06 00:00:00+00:00
[2025-04-06T04:21:07.726+0000] {logging_mixin.py:190} INFO - [2025-04-06T04:21:07.726+0000] {dag.py:4180} INFO - Setting next_dagrun for dataset_produces_2 to None, run_after=None
[2025-04-06T04:21:07.774+0000] {processor.py:208} INFO - Processing /home/airflow/.local/lib/python3.12/site-packages/airflow/example_dags/example_datasets.py took 0.599 seconds
[2025-04-06T04:21:38.391+0000] {processor.py:186} INFO - Started process (PID=3401) to work on /home/airflow/.local/lib/python3.12/site-packages/airflow/example_dags/example_datasets.py
[2025-04-06T04:21:38.393+0000] {processor.py:914} INFO - Processing file /home/airflow/.local/lib/python3.12/site-packages/airflow/example_dags/example_datasets.py for tasks to queue
[2025-04-06T04:21:38.397+0000] {logging_mixin.py:190} INFO - [2025-04-06T04:21:38.396+0000] {dagbag.py:588} INFO - Filling up the DagBag from /home/airflow/.local/lib/python3.12/site-packages/airflow/example_dags/example_datasets.py
[2025-04-06T04:21:38.840+0000] {processor.py:925} INFO - DAG(s) 'consume_1_and_2_with_dataset_expressions', 'dataset_consumes_1_never_scheduled', 'consume_1_or_both_2_and_3_with_dataset_expressions', 'conditional_dataset_and_time_based_timetable', 'dataset_consumes_unknown_never_scheduled', 'dataset_produces_2', 'dataset_produces_1', 'dataset_consumes_1_and_2', 'dataset_consumes_1', 'consume_1_or_2_with_dataset_expressions' retrieved from /home/airflow/.local/lib/python3.12/site-packages/airflow/example_dags/example_datasets.py
[2025-04-06T04:21:38.880+0000] {logging_mixin.py:190} INFO - [2025-04-06T04:21:38.880+0000] {dag.py:3239} INFO - Sync 10 DAGs
[2025-04-06T04:21:38.903+0000] {logging_mixin.py:190} INFO - [2025-04-06T04:21:38.903+0000] {dag.py:4180} INFO - Setting next_dagrun for conditional_dataset_and_time_based_timetable to 2025-04-02 01:00:00+00:00, run_after=2025-04-02 01:00:00+00:00
[2025-04-06T04:21:38.907+0000] {logging_mixin.py:190} INFO - [2025-04-06T04:21:38.906+0000] {dag.py:4180} INFO - Setting next_dagrun for consume_1_and_2_with_dataset_expressions to None, run_after=None
[2025-04-06T04:21:38.908+0000] {logging_mixin.py:190} INFO - [2025-04-06T04:21:38.908+0000] {dag.py:4180} INFO - Setting next_dagrun for consume_1_or_2_with_dataset_expressions to None, run_after=None
[2025-04-06T04:21:38.909+0000] {logging_mixin.py:190} INFO - [2025-04-06T04:21:38.909+0000] {dag.py:4180} INFO - Setting next_dagrun for consume_1_or_both_2_and_3_with_dataset_expressions to None, run_after=None
[2025-04-06T04:21:38.910+0000] {logging_mixin.py:190} INFO - [2025-04-06T04:21:38.910+0000] {dag.py:4180} INFO - Setting next_dagrun for dataset_consumes_1 to None, run_after=None
[2025-04-06T04:21:38.911+0000] {logging_mixin.py:190} INFO - [2025-04-06T04:21:38.911+0000] {dag.py:4180} INFO - Setting next_dagrun for dataset_consumes_1_and_2 to None, run_after=None
[2025-04-06T04:21:38.912+0000] {logging_mixin.py:190} INFO - [2025-04-06T04:21:38.912+0000] {dag.py:4180} INFO - Setting next_dagrun for dataset_consumes_1_never_scheduled to None, run_after=None
[2025-04-06T04:21:38.913+0000] {logging_mixin.py:190} INFO - [2025-04-06T04:21:38.913+0000] {dag.py:4180} INFO - Setting next_dagrun for dataset_consumes_unknown_never_scheduled to None, run_after=None
[2025-04-06T04:21:38.914+0000] {logging_mixin.py:190} INFO - [2025-04-06T04:21:38.914+0000] {dag.py:4180} INFO - Setting next_dagrun for dataset_produces_1 to 2025-04-05 00:00:00+00:00, run_after=2025-04-06 00:00:00+00:00
[2025-04-06T04:21:38.915+0000] {logging_mixin.py:190} INFO - [2025-04-06T04:21:38.915+0000] {dag.py:4180} INFO - Setting next_dagrun for dataset_produces_2 to None, run_after=None
[2025-04-06T04:21:38.960+0000] {processor.py:208} INFO - Processing /home/airflow/.local/lib/python3.12/site-packages/airflow/example_dags/example_datasets.py took 0.574 seconds
[2025-04-06T04:22:09.108+0000] {processor.py:186} INFO - Started process (PID=3464) to work on /home/airflow/.local/lib/python3.12/site-packages/airflow/example_dags/example_datasets.py
[2025-04-06T04:22:09.120+0000] {processor.py:914} INFO - Processing file /home/airflow/.local/lib/python3.12/site-packages/airflow/example_dags/example_datasets.py for tasks to queue
[2025-04-06T04:22:09.123+0000] {logging_mixin.py:190} INFO - [2025-04-06T04:22:09.123+0000] {dagbag.py:588} INFO - Filling up the DagBag from /home/airflow/.local/lib/python3.12/site-packages/airflow/example_dags/example_datasets.py
[2025-04-06T04:22:09.513+0000] {processor.py:925} INFO - DAG(s) 'dataset_consumes_unknown_never_scheduled', 'dataset_produces_1', 'dataset_consumes_1_and_2', 'consume_1_and_2_with_dataset_expressions', 'consume_1_or_2_with_dataset_expressions', 'consume_1_or_both_2_and_3_with_dataset_expressions', 'dataset_consumes_1_never_scheduled', 'conditional_dataset_and_time_based_timetable', 'dataset_consumes_1', 'dataset_produces_2' retrieved from /home/airflow/.local/lib/python3.12/site-packages/airflow/example_dags/example_datasets.py
[2025-04-06T04:22:09.554+0000] {logging_mixin.py:190} INFO - [2025-04-06T04:22:09.553+0000] {dag.py:3239} INFO - Sync 10 DAGs
[2025-04-06T04:22:09.594+0000] {logging_mixin.py:190} INFO - [2025-04-06T04:22:09.594+0000] {dag.py:4180} INFO - Setting next_dagrun for conditional_dataset_and_time_based_timetable to 2025-04-02 01:00:00+00:00, run_after=2025-04-02 01:00:00+00:00
[2025-04-06T04:22:09.598+0000] {logging_mixin.py:190} INFO - [2025-04-06T04:22:09.598+0000] {dag.py:4180} INFO - Setting next_dagrun for consume_1_and_2_with_dataset_expressions to None, run_after=None
[2025-04-06T04:22:09.600+0000] {logging_mixin.py:190} INFO - [2025-04-06T04:22:09.600+0000] {dag.py:4180} INFO - Setting next_dagrun for consume_1_or_2_with_dataset_expressions to None, run_after=None
[2025-04-06T04:22:09.601+0000] {logging_mixin.py:190} INFO - [2025-04-06T04:22:09.601+0000] {dag.py:4180} INFO - Setting next_dagrun for consume_1_or_both_2_and_3_with_dataset_expressions to None, run_after=None
[2025-04-06T04:22:09.602+0000] {logging_mixin.py:190} INFO - [2025-04-06T04:22:09.602+0000] {dag.py:4180} INFO - Setting next_dagrun for dataset_consumes_1 to None, run_after=None
[2025-04-06T04:22:09.603+0000] {logging_mixin.py:190} INFO - [2025-04-06T04:22:09.603+0000] {dag.py:4180} INFO - Setting next_dagrun for dataset_consumes_1_and_2 to None, run_after=None
[2025-04-06T04:22:09.604+0000] {logging_mixin.py:190} INFO - [2025-04-06T04:22:09.604+0000] {dag.py:4180} INFO - Setting next_dagrun for dataset_consumes_1_never_scheduled to None, run_after=None
[2025-04-06T04:22:09.604+0000] {logging_mixin.py:190} INFO - [2025-04-06T04:22:09.604+0000] {dag.py:4180} INFO - Setting next_dagrun for dataset_consumes_unknown_never_scheduled to None, run_after=None
[2025-04-06T04:22:09.606+0000] {logging_mixin.py:190} INFO - [2025-04-06T04:22:09.606+0000] {dag.py:4180} INFO - Setting next_dagrun for dataset_produces_1 to 2025-04-05 00:00:00+00:00, run_after=2025-04-06 00:00:00+00:00
[2025-04-06T04:22:09.607+0000] {logging_mixin.py:190} INFO - [2025-04-06T04:22:09.607+0000] {dag.py:4180} INFO - Setting next_dagrun for dataset_produces_2 to None, run_after=None
[2025-04-06T04:22:09.637+0000] {processor.py:208} INFO - Processing /home/airflow/.local/lib/python3.12/site-packages/airflow/example_dags/example_datasets.py took 0.534 seconds
[2025-04-06T04:22:39.679+0000] {processor.py:186} INFO - Started process (PID=3527) to work on /home/airflow/.local/lib/python3.12/site-packages/airflow/example_dags/example_datasets.py
[2025-04-06T04:22:39.681+0000] {processor.py:914} INFO - Processing file /home/airflow/.local/lib/python3.12/site-packages/airflow/example_dags/example_datasets.py for tasks to queue
[2025-04-06T04:22:39.683+0000] {logging_mixin.py:190} INFO - [2025-04-06T04:22:39.683+0000] {dagbag.py:588} INFO - Filling up the DagBag from /home/airflow/.local/lib/python3.12/site-packages/airflow/example_dags/example_datasets.py
[2025-04-06T04:22:40.146+0000] {processor.py:925} INFO - DAG(s) 'dataset_consumes_unknown_never_scheduled', 'consume_1_and_2_with_dataset_expressions', 'consume_1_or_both_2_and_3_with_dataset_expressions', 'conditional_dataset_and_time_based_timetable', 'dataset_produces_1', 'dataset_produces_2', 'dataset_consumes_1_never_scheduled', 'dataset_consumes_1_and_2', 'dataset_consumes_1', 'consume_1_or_2_with_dataset_expressions' retrieved from /home/airflow/.local/lib/python3.12/site-packages/airflow/example_dags/example_datasets.py
[2025-04-06T04:22:40.210+0000] {logging_mixin.py:190} INFO - [2025-04-06T04:22:40.210+0000] {dag.py:3239} INFO - Sync 10 DAGs
[2025-04-06T04:22:40.242+0000] {logging_mixin.py:190} INFO - [2025-04-06T04:22:40.241+0000] {dag.py:4180} INFO - Setting next_dagrun for conditional_dataset_and_time_based_timetable to 2025-04-02 01:00:00+00:00, run_after=2025-04-02 01:00:00+00:00
[2025-04-06T04:22:40.246+0000] {logging_mixin.py:190} INFO - [2025-04-06T04:22:40.246+0000] {dag.py:4180} INFO - Setting next_dagrun for consume_1_and_2_with_dataset_expressions to None, run_after=None
[2025-04-06T04:22:40.250+0000] {logging_mixin.py:190} INFO - [2025-04-06T04:22:40.249+0000] {dag.py:4180} INFO - Setting next_dagrun for consume_1_or_2_with_dataset_expressions to None, run_after=None
[2025-04-06T04:22:40.252+0000] {logging_mixin.py:190} INFO - [2025-04-06T04:22:40.252+0000] {dag.py:4180} INFO - Setting next_dagrun for consume_1_or_both_2_and_3_with_dataset_expressions to None, run_after=None
[2025-04-06T04:22:40.254+0000] {logging_mixin.py:190} INFO - [2025-04-06T04:22:40.254+0000] {dag.py:4180} INFO - Setting next_dagrun for dataset_consumes_1 to None, run_after=None
[2025-04-06T04:22:40.255+0000] {logging_mixin.py:190} INFO - [2025-04-06T04:22:40.255+0000] {dag.py:4180} INFO - Setting next_dagrun for dataset_consumes_1_and_2 to None, run_after=None
[2025-04-06T04:22:40.256+0000] {logging_mixin.py:190} INFO - [2025-04-06T04:22:40.256+0000] {dag.py:4180} INFO - Setting next_dagrun for dataset_consumes_1_never_scheduled to None, run_after=None
[2025-04-06T04:22:40.257+0000] {logging_mixin.py:190} INFO - [2025-04-06T04:22:40.257+0000] {dag.py:4180} INFO - Setting next_dagrun for dataset_consumes_unknown_never_scheduled to None, run_after=None
[2025-04-06T04:22:40.258+0000] {logging_mixin.py:190} INFO - [2025-04-06T04:22:40.258+0000] {dag.py:4180} INFO - Setting next_dagrun for dataset_produces_1 to 2025-04-05 00:00:00+00:00, run_after=2025-04-06 00:00:00+00:00
[2025-04-06T04:22:40.259+0000] {logging_mixin.py:190} INFO - [2025-04-06T04:22:40.259+0000] {dag.py:4180} INFO - Setting next_dagrun for dataset_produces_2 to None, run_after=None
[2025-04-06T04:22:40.292+0000] {processor.py:208} INFO - Processing /home/airflow/.local/lib/python3.12/site-packages/airflow/example_dags/example_datasets.py took 0.617 seconds
[2025-04-06T04:23:10.869+0000] {processor.py:186} INFO - Started process (PID=3590) to work on /home/airflow/.local/lib/python3.12/site-packages/airflow/example_dags/example_datasets.py
[2025-04-06T04:23:10.881+0000] {processor.py:914} INFO - Processing file /home/airflow/.local/lib/python3.12/site-packages/airflow/example_dags/example_datasets.py for tasks to queue
[2025-04-06T04:23:10.883+0000] {logging_mixin.py:190} INFO - [2025-04-06T04:23:10.883+0000] {dagbag.py:588} INFO - Filling up the DagBag from /home/airflow/.local/lib/python3.12/site-packages/airflow/example_dags/example_datasets.py
[2025-04-06T04:23:11.317+0000] {processor.py:925} INFO - DAG(s) 'consume_1_or_both_2_and_3_with_dataset_expressions', 'dataset_consumes_1_never_scheduled', 'consume_1_and_2_with_dataset_expressions', 'dataset_consumes_1_and_2', 'conditional_dataset_and_time_based_timetable', 'consume_1_or_2_with_dataset_expressions', 'dataset_consumes_1', 'dataset_consumes_unknown_never_scheduled', 'dataset_produces_2', 'dataset_produces_1' retrieved from /home/airflow/.local/lib/python3.12/site-packages/airflow/example_dags/example_datasets.py
[2025-04-06T04:23:11.362+0000] {logging_mixin.py:190} INFO - [2025-04-06T04:23:11.361+0000] {dag.py:3239} INFO - Sync 10 DAGs
[2025-04-06T04:23:11.389+0000] {logging_mixin.py:190} INFO - [2025-04-06T04:23:11.388+0000] {dag.py:4180} INFO - Setting next_dagrun for conditional_dataset_and_time_based_timetable to 2025-04-02 01:00:00+00:00, run_after=2025-04-02 01:00:00+00:00
[2025-04-06T04:23:11.394+0000] {logging_mixin.py:190} INFO - [2025-04-06T04:23:11.394+0000] {dag.py:4180} INFO - Setting next_dagrun for consume_1_and_2_with_dataset_expressions to None, run_after=None
[2025-04-06T04:23:11.396+0000] {logging_mixin.py:190} INFO - [2025-04-06T04:23:11.396+0000] {dag.py:4180} INFO - Setting next_dagrun for consume_1_or_2_with_dataset_expressions to None, run_after=None
[2025-04-06T04:23:11.397+0000] {logging_mixin.py:190} INFO - [2025-04-06T04:23:11.397+0000] {dag.py:4180} INFO - Setting next_dagrun for consume_1_or_both_2_and_3_with_dataset_expressions to None, run_after=None
[2025-04-06T04:23:11.399+0000] {logging_mixin.py:190} INFO - [2025-04-06T04:23:11.399+0000] {dag.py:4180} INFO - Setting next_dagrun for dataset_consumes_1 to None, run_after=None
[2025-04-06T04:23:11.400+0000] {logging_mixin.py:190} INFO - [2025-04-06T04:23:11.400+0000] {dag.py:4180} INFO - Setting next_dagrun for dataset_consumes_1_and_2 to None, run_after=None
[2025-04-06T04:23:11.401+0000] {logging_mixin.py:190} INFO - [2025-04-06T04:23:11.401+0000] {dag.py:4180} INFO - Setting next_dagrun for dataset_consumes_1_never_scheduled to None, run_after=None
[2025-04-06T04:23:11.402+0000] {logging_mixin.py:190} INFO - [2025-04-06T04:23:11.402+0000] {dag.py:4180} INFO - Setting next_dagrun for dataset_consumes_unknown_never_scheduled to None, run_after=None
[2025-04-06T04:23:11.405+0000] {logging_mixin.py:190} INFO - [2025-04-06T04:23:11.405+0000] {dag.py:4180} INFO - Setting next_dagrun for dataset_produces_1 to 2025-04-05 00:00:00+00:00, run_after=2025-04-06 00:00:00+00:00
[2025-04-06T04:23:11.407+0000] {logging_mixin.py:190} INFO - [2025-04-06T04:23:11.407+0000] {dag.py:4180} INFO - Setting next_dagrun for dataset_produces_2 to None, run_after=None
[2025-04-06T04:23:11.458+0000] {processor.py:208} INFO - Processing /home/airflow/.local/lib/python3.12/site-packages/airflow/example_dags/example_datasets.py took 0.593 seconds
[2025-04-06T04:23:41.741+0000] {processor.py:186} INFO - Started process (PID=3653) to work on /home/airflow/.local/lib/python3.12/site-packages/airflow/example_dags/example_datasets.py
[2025-04-06T04:23:41.743+0000] {processor.py:914} INFO - Processing file /home/airflow/.local/lib/python3.12/site-packages/airflow/example_dags/example_datasets.py for tasks to queue
[2025-04-06T04:23:41.747+0000] {logging_mixin.py:190} INFO - [2025-04-06T04:23:41.746+0000] {dagbag.py:588} INFO - Filling up the DagBag from /home/airflow/.local/lib/python3.12/site-packages/airflow/example_dags/example_datasets.py
[2025-04-06T04:23:42.311+0000] {processor.py:925} INFO - DAG(s) 'dataset_consumes_1_never_scheduled', 'dataset_produces_1', 'dataset_consumes_1_and_2', 'consume_1_or_2_with_dataset_expressions', 'consume_1_and_2_with_dataset_expressions', 'consume_1_or_both_2_and_3_with_dataset_expressions', 'dataset_consumes_unknown_never_scheduled', 'conditional_dataset_and_time_based_timetable', 'dataset_consumes_1', 'dataset_produces_2' retrieved from /home/airflow/.local/lib/python3.12/site-packages/airflow/example_dags/example_datasets.py
[2025-04-06T04:23:42.354+0000] {logging_mixin.py:190} INFO - [2025-04-06T04:23:42.354+0000] {dag.py:3239} INFO - Sync 10 DAGs
[2025-04-06T04:23:42.377+0000] {logging_mixin.py:190} INFO - [2025-04-06T04:23:42.376+0000] {dag.py:4180} INFO - Setting next_dagrun for conditional_dataset_and_time_based_timetable to 2025-04-02 01:00:00+00:00, run_after=2025-04-02 01:00:00+00:00
[2025-04-06T04:23:42.379+0000] {logging_mixin.py:190} INFO - [2025-04-06T04:23:42.379+0000] {dag.py:4180} INFO - Setting next_dagrun for consume_1_and_2_with_dataset_expressions to None, run_after=None
[2025-04-06T04:23:42.380+0000] {logging_mixin.py:190} INFO - [2025-04-06T04:23:42.380+0000] {dag.py:4180} INFO - Setting next_dagrun for consume_1_or_2_with_dataset_expressions to None, run_after=None
[2025-04-06T04:23:42.381+0000] {logging_mixin.py:190} INFO - [2025-04-06T04:23:42.381+0000] {dag.py:4180} INFO - Setting next_dagrun for consume_1_or_both_2_and_3_with_dataset_expressions to None, run_after=None
[2025-04-06T04:23:42.382+0000] {logging_mixin.py:190} INFO - [2025-04-06T04:23:42.382+0000] {dag.py:4180} INFO - Setting next_dagrun for dataset_consumes_1 to None, run_after=None
[2025-04-06T04:23:42.383+0000] {logging_mixin.py:190} INFO - [2025-04-06T04:23:42.383+0000] {dag.py:4180} INFO - Setting next_dagrun for dataset_consumes_1_and_2 to None, run_after=None
[2025-04-06T04:23:42.384+0000] {logging_mixin.py:190} INFO - [2025-04-06T04:23:42.384+0000] {dag.py:4180} INFO - Setting next_dagrun for dataset_consumes_1_never_scheduled to None, run_after=None
[2025-04-06T04:23:42.384+0000] {logging_mixin.py:190} INFO - [2025-04-06T04:23:42.384+0000] {dag.py:4180} INFO - Setting next_dagrun for dataset_consumes_unknown_never_scheduled to None, run_after=None
[2025-04-06T04:23:42.386+0000] {logging_mixin.py:190} INFO - [2025-04-06T04:23:42.386+0000] {dag.py:4180} INFO - Setting next_dagrun for dataset_produces_1 to 2025-04-05 00:00:00+00:00, run_after=2025-04-06 00:00:00+00:00
[2025-04-06T04:23:42.388+0000] {logging_mixin.py:190} INFO - [2025-04-06T04:23:42.387+0000] {dag.py:4180} INFO - Setting next_dagrun for dataset_produces_2 to None, run_after=None
[2025-04-06T04:23:42.433+0000] {processor.py:208} INFO - Processing /home/airflow/.local/lib/python3.12/site-packages/airflow/example_dags/example_datasets.py took 0.699 seconds
[2025-04-06T04:24:12.796+0000] {processor.py:186} INFO - Started process (PID=3716) to work on /home/airflow/.local/lib/python3.12/site-packages/airflow/example_dags/example_datasets.py
[2025-04-06T04:24:12.809+0000] {processor.py:914} INFO - Processing file /home/airflow/.local/lib/python3.12/site-packages/airflow/example_dags/example_datasets.py for tasks to queue
[2025-04-06T04:24:12.811+0000] {logging_mixin.py:190} INFO - [2025-04-06T04:24:12.811+0000] {dagbag.py:588} INFO - Filling up the DagBag from /home/airflow/.local/lib/python3.12/site-packages/airflow/example_dags/example_datasets.py
[2025-04-06T04:24:13.328+0000] {processor.py:925} INFO - DAG(s) 'conditional_dataset_and_time_based_timetable', 'dataset_consumes_unknown_never_scheduled', 'dataset_consumes_1_and_2', 'dataset_produces_2', 'dataset_consumes_1', 'consume_1_or_both_2_and_3_with_dataset_expressions', 'dataset_consumes_1_never_scheduled', 'dataset_produces_1', 'consume_1_or_2_with_dataset_expressions', 'consume_1_and_2_with_dataset_expressions' retrieved from /home/airflow/.local/lib/python3.12/site-packages/airflow/example_dags/example_datasets.py
[2025-04-06T04:24:13.368+0000] {logging_mixin.py:190} INFO - [2025-04-06T04:24:13.368+0000] {dag.py:3239} INFO - Sync 10 DAGs
[2025-04-06T04:24:13.390+0000] {logging_mixin.py:190} INFO - [2025-04-06T04:24:13.390+0000] {dag.py:4180} INFO - Setting next_dagrun for conditional_dataset_and_time_based_timetable to 2025-04-02 01:00:00+00:00, run_after=2025-04-02 01:00:00+00:00
[2025-04-06T04:24:13.393+0000] {logging_mixin.py:190} INFO - [2025-04-06T04:24:13.393+0000] {dag.py:4180} INFO - Setting next_dagrun for consume_1_and_2_with_dataset_expressions to None, run_after=None
[2025-04-06T04:24:13.395+0000] {logging_mixin.py:190} INFO - [2025-04-06T04:24:13.395+0000] {dag.py:4180} INFO - Setting next_dagrun for consume_1_or_2_with_dataset_expressions to None, run_after=None
[2025-04-06T04:24:13.396+0000] {logging_mixin.py:190} INFO - [2025-04-06T04:24:13.396+0000] {dag.py:4180} INFO - Setting next_dagrun for consume_1_or_both_2_and_3_with_dataset_expressions to None, run_after=None
[2025-04-06T04:24:13.397+0000] {logging_mixin.py:190} INFO - [2025-04-06T04:24:13.397+0000] {dag.py:4180} INFO - Setting next_dagrun for dataset_consumes_1 to None, run_after=None
[2025-04-06T04:24:13.398+0000] {logging_mixin.py:190} INFO - [2025-04-06T04:24:13.398+0000] {dag.py:4180} INFO - Setting next_dagrun for dataset_consumes_1_and_2 to None, run_after=None
[2025-04-06T04:24:13.399+0000] {logging_mixin.py:190} INFO - [2025-04-06T04:24:13.399+0000] {dag.py:4180} INFO - Setting next_dagrun for dataset_consumes_1_never_scheduled to None, run_after=None
[2025-04-06T04:24:13.400+0000] {logging_mixin.py:190} INFO - [2025-04-06T04:24:13.400+0000] {dag.py:4180} INFO - Setting next_dagrun for dataset_consumes_unknown_never_scheduled to None, run_after=None
[2025-04-06T04:24:13.402+0000] {logging_mixin.py:190} INFO - [2025-04-06T04:24:13.402+0000] {dag.py:4180} INFO - Setting next_dagrun for dataset_produces_1 to 2025-04-05 00:00:00+00:00, run_after=2025-04-06 00:00:00+00:00
[2025-04-06T04:24:13.403+0000] {logging_mixin.py:190} INFO - [2025-04-06T04:24:13.403+0000] {dag.py:4180} INFO - Setting next_dagrun for dataset_produces_2 to None, run_after=None
[2025-04-06T04:24:13.443+0000] {processor.py:208} INFO - Processing /home/airflow/.local/lib/python3.12/site-packages/airflow/example_dags/example_datasets.py took 0.653 seconds
[2025-04-06T04:24:43.662+0000] {processor.py:186} INFO - Started process (PID=3779) to work on /home/airflow/.local/lib/python3.12/site-packages/airflow/example_dags/example_datasets.py
[2025-04-06T04:24:43.676+0000] {processor.py:914} INFO - Processing file /home/airflow/.local/lib/python3.12/site-packages/airflow/example_dags/example_datasets.py for tasks to queue
[2025-04-06T04:24:43.678+0000] {logging_mixin.py:190} INFO - [2025-04-06T04:24:43.677+0000] {dagbag.py:588} INFO - Filling up the DagBag from /home/airflow/.local/lib/python3.12/site-packages/airflow/example_dags/example_datasets.py
[2025-04-06T04:24:43.961+0000] {processor.py:925} INFO - DAG(s) 'dataset_consumes_1_never_scheduled', 'consume_1_and_2_with_dataset_expressions', 'dataset_produces_1', 'dataset_consumes_1_and_2', 'dataset_consumes_1', 'consume_1_or_2_with_dataset_expressions', 'dataset_produces_2', 'consume_1_or_both_2_and_3_with_dataset_expressions', 'conditional_dataset_and_time_based_timetable', 'dataset_consumes_unknown_never_scheduled' retrieved from /home/airflow/.local/lib/python3.12/site-packages/airflow/example_dags/example_datasets.py
[2025-04-06T04:24:44.004+0000] {logging_mixin.py:190} INFO - [2025-04-06T04:24:44.003+0000] {dag.py:3239} INFO - Sync 10 DAGs
[2025-04-06T04:24:44.029+0000] {logging_mixin.py:190} INFO - [2025-04-06T04:24:44.029+0000] {dag.py:4180} INFO - Setting next_dagrun for conditional_dataset_and_time_based_timetable to 2025-04-02 01:00:00+00:00, run_after=2025-04-02 01:00:00+00:00
[2025-04-06T04:24:44.033+0000] {logging_mixin.py:190} INFO - [2025-04-06T04:24:44.032+0000] {dag.py:4180} INFO - Setting next_dagrun for consume_1_and_2_with_dataset_expressions to None, run_after=None
[2025-04-06T04:24:44.034+0000] {logging_mixin.py:190} INFO - [2025-04-06T04:24:44.034+0000] {dag.py:4180} INFO - Setting next_dagrun for consume_1_or_2_with_dataset_expressions to None, run_after=None
[2025-04-06T04:24:44.035+0000] {logging_mixin.py:190} INFO - [2025-04-06T04:24:44.035+0000] {dag.py:4180} INFO - Setting next_dagrun for consume_1_or_both_2_and_3_with_dataset_expressions to None, run_after=None
[2025-04-06T04:24:44.037+0000] {logging_mixin.py:190} INFO - [2025-04-06T04:24:44.037+0000] {dag.py:4180} INFO - Setting next_dagrun for dataset_consumes_1 to None, run_after=None
[2025-04-06T04:24:44.039+0000] {logging_mixin.py:190} INFO - [2025-04-06T04:24:44.039+0000] {dag.py:4180} INFO - Setting next_dagrun for dataset_consumes_1_and_2 to None, run_after=None
[2025-04-06T04:24:44.040+0000] {logging_mixin.py:190} INFO - [2025-04-06T04:24:44.040+0000] {dag.py:4180} INFO - Setting next_dagrun for dataset_consumes_1_never_scheduled to None, run_after=None
[2025-04-06T04:24:44.041+0000] {logging_mixin.py:190} INFO - [2025-04-06T04:24:44.041+0000] {dag.py:4180} INFO - Setting next_dagrun for dataset_consumes_unknown_never_scheduled to None, run_after=None
[2025-04-06T04:24:44.043+0000] {logging_mixin.py:190} INFO - [2025-04-06T04:24:44.043+0000] {dag.py:4180} INFO - Setting next_dagrun for dataset_produces_1 to 2025-04-05 00:00:00+00:00, run_after=2025-04-06 00:00:00+00:00
[2025-04-06T04:24:44.044+0000] {logging_mixin.py:190} INFO - [2025-04-06T04:24:44.044+0000] {dag.py:4180} INFO - Setting next_dagrun for dataset_produces_2 to None, run_after=None
[2025-04-06T04:24:44.082+0000] {processor.py:208} INFO - Processing /home/airflow/.local/lib/python3.12/site-packages/airflow/example_dags/example_datasets.py took 0.424 seconds
[2025-04-06T04:25:14.136+0000] {processor.py:186} INFO - Started process (PID=3842) to work on /home/airflow/.local/lib/python3.12/site-packages/airflow/example_dags/example_datasets.py
[2025-04-06T04:25:14.141+0000] {processor.py:914} INFO - Processing file /home/airflow/.local/lib/python3.12/site-packages/airflow/example_dags/example_datasets.py for tasks to queue
[2025-04-06T04:25:14.143+0000] {logging_mixin.py:190} INFO - [2025-04-06T04:25:14.142+0000] {dagbag.py:588} INFO - Filling up the DagBag from /home/airflow/.local/lib/python3.12/site-packages/airflow/example_dags/example_datasets.py
[2025-04-06T04:25:14.458+0000] {processor.py:925} INFO - DAG(s) 'conditional_dataset_and_time_based_timetable', 'dataset_consumes_1_never_scheduled', 'dataset_produces_2', 'dataset_consumes_1_and_2', 'dataset_consumes_1', 'consume_1_or_2_with_dataset_expressions', 'consume_1_and_2_with_dataset_expressions', 'dataset_produces_1', 'dataset_consumes_unknown_never_scheduled', 'consume_1_or_both_2_and_3_with_dataset_expressions' retrieved from /home/airflow/.local/lib/python3.12/site-packages/airflow/example_dags/example_datasets.py
[2025-04-06T04:25:14.500+0000] {logging_mixin.py:190} INFO - [2025-04-06T04:25:14.500+0000] {dag.py:3239} INFO - Sync 10 DAGs
[2025-04-06T04:25:14.525+0000] {logging_mixin.py:190} INFO - [2025-04-06T04:25:14.525+0000] {dag.py:4180} INFO - Setting next_dagrun for conditional_dataset_and_time_based_timetable to 2025-04-02 01:00:00+00:00, run_after=2025-04-02 01:00:00+00:00
[2025-04-06T04:25:14.528+0000] {logging_mixin.py:190} INFO - [2025-04-06T04:25:14.528+0000] {dag.py:4180} INFO - Setting next_dagrun for consume_1_and_2_with_dataset_expressions to None, run_after=None
[2025-04-06T04:25:14.529+0000] {logging_mixin.py:190} INFO - [2025-04-06T04:25:14.529+0000] {dag.py:4180} INFO - Setting next_dagrun for consume_1_or_2_with_dataset_expressions to None, run_after=None
[2025-04-06T04:25:14.530+0000] {logging_mixin.py:190} INFO - [2025-04-06T04:25:14.530+0000] {dag.py:4180} INFO - Setting next_dagrun for consume_1_or_both_2_and_3_with_dataset_expressions to None, run_after=None
[2025-04-06T04:25:14.531+0000] {logging_mixin.py:190} INFO - [2025-04-06T04:25:14.531+0000] {dag.py:4180} INFO - Setting next_dagrun for dataset_consumes_1 to None, run_after=None
[2025-04-06T04:25:14.532+0000] {logging_mixin.py:190} INFO - [2025-04-06T04:25:14.532+0000] {dag.py:4180} INFO - Setting next_dagrun for dataset_consumes_1_and_2 to None, run_after=None
[2025-04-06T04:25:14.533+0000] {logging_mixin.py:190} INFO - [2025-04-06T04:25:14.533+0000] {dag.py:4180} INFO - Setting next_dagrun for dataset_consumes_1_never_scheduled to None, run_after=None
[2025-04-06T04:25:14.535+0000] {logging_mixin.py:190} INFO - [2025-04-06T04:25:14.534+0000] {dag.py:4180} INFO - Setting next_dagrun for dataset_consumes_unknown_never_scheduled to None, run_after=None
[2025-04-06T04:25:14.537+0000] {logging_mixin.py:190} INFO - [2025-04-06T04:25:14.537+0000] {dag.py:4180} INFO - Setting next_dagrun for dataset_produces_1 to 2025-04-05 00:00:00+00:00, run_after=2025-04-06 00:00:00+00:00
[2025-04-06T04:25:14.539+0000] {logging_mixin.py:190} INFO - [2025-04-06T04:25:14.539+0000] {dag.py:4180} INFO - Setting next_dagrun for dataset_produces_2 to None, run_after=None
[2025-04-06T04:25:14.576+0000] {processor.py:208} INFO - Processing /home/airflow/.local/lib/python3.12/site-packages/airflow/example_dags/example_datasets.py took 0.445 seconds
[2025-04-06T04:25:44.755+0000] {processor.py:186} INFO - Started process (PID=3905) to work on /home/airflow/.local/lib/python3.12/site-packages/airflow/example_dags/example_datasets.py
[2025-04-06T04:25:44.758+0000] {processor.py:914} INFO - Processing file /home/airflow/.local/lib/python3.12/site-packages/airflow/example_dags/example_datasets.py for tasks to queue
[2025-04-06T04:25:44.760+0000] {logging_mixin.py:190} INFO - [2025-04-06T04:25:44.760+0000] {dagbag.py:588} INFO - Filling up the DagBag from /home/airflow/.local/lib/python3.12/site-packages/airflow/example_dags/example_datasets.py
[2025-04-06T04:25:45.071+0000] {processor.py:925} INFO - DAG(s) 'dataset_produces_1', 'dataset_consumes_1', 'consume_1_or_both_2_and_3_with_dataset_expressions', 'consume_1_and_2_with_dataset_expressions', 'dataset_produces_2', 'dataset_consumes_unknown_never_scheduled', 'conditional_dataset_and_time_based_timetable', 'consume_1_or_2_with_dataset_expressions', 'dataset_consumes_1_never_scheduled', 'dataset_consumes_1_and_2' retrieved from /home/airflow/.local/lib/python3.12/site-packages/airflow/example_dags/example_datasets.py
[2025-04-06T04:25:45.118+0000] {logging_mixin.py:190} INFO - [2025-04-06T04:25:45.118+0000] {dag.py:3239} INFO - Sync 10 DAGs
[2025-04-06T04:25:45.142+0000] {logging_mixin.py:190} INFO - [2025-04-06T04:25:45.142+0000] {dag.py:4180} INFO - Setting next_dagrun for conditional_dataset_and_time_based_timetable to 2025-04-02 01:00:00+00:00, run_after=2025-04-02 01:00:00+00:00
[2025-04-06T04:25:45.146+0000] {logging_mixin.py:190} INFO - [2025-04-06T04:25:45.146+0000] {dag.py:4180} INFO - Setting next_dagrun for consume_1_and_2_with_dataset_expressions to None, run_after=None
[2025-04-06T04:25:45.147+0000] {logging_mixin.py:190} INFO - [2025-04-06T04:25:45.147+0000] {dag.py:4180} INFO - Setting next_dagrun for consume_1_or_2_with_dataset_expressions to None, run_after=None
[2025-04-06T04:25:45.148+0000] {logging_mixin.py:190} INFO - [2025-04-06T04:25:45.148+0000] {dag.py:4180} INFO - Setting next_dagrun for consume_1_or_both_2_and_3_with_dataset_expressions to None, run_after=None
[2025-04-06T04:25:45.149+0000] {logging_mixin.py:190} INFO - [2025-04-06T04:25:45.149+0000] {dag.py:4180} INFO - Setting next_dagrun for dataset_consumes_1 to None, run_after=None
[2025-04-06T04:25:45.150+0000] {logging_mixin.py:190} INFO - [2025-04-06T04:25:45.150+0000] {dag.py:4180} INFO - Setting next_dagrun for dataset_consumes_1_and_2 to None, run_after=None
[2025-04-06T04:25:45.151+0000] {logging_mixin.py:190} INFO - [2025-04-06T04:25:45.151+0000] {dag.py:4180} INFO - Setting next_dagrun for dataset_consumes_1_never_scheduled to None, run_after=None
[2025-04-06T04:25:45.152+0000] {logging_mixin.py:190} INFO - [2025-04-06T04:25:45.152+0000] {dag.py:4180} INFO - Setting next_dagrun for dataset_consumes_unknown_never_scheduled to None, run_after=None
[2025-04-06T04:25:45.153+0000] {logging_mixin.py:190} INFO - [2025-04-06T04:25:45.153+0000] {dag.py:4180} INFO - Setting next_dagrun for dataset_produces_1 to 2025-04-05 00:00:00+00:00, run_after=2025-04-06 00:00:00+00:00
[2025-04-06T04:25:45.154+0000] {logging_mixin.py:190} INFO - [2025-04-06T04:25:45.154+0000] {dag.py:4180} INFO - Setting next_dagrun for dataset_produces_2 to None, run_after=None
[2025-04-06T04:25:45.185+0000] {processor.py:208} INFO - Processing /home/airflow/.local/lib/python3.12/site-packages/airflow/example_dags/example_datasets.py took 0.437 seconds
