[2025-04-05T15:19:18.237+0000] {processor.py:186} INFO - Started process (PID=112) to work on /home/airflow/.local/lib/python3.12/site-packages/airflow/example_dags/example_datasets.py
[2025-04-05T15:19:18.238+0000] {processor.py:914} INFO - Processing file /home/airflow/.local/lib/python3.12/site-packages/airflow/example_dags/example_datasets.py for tasks to queue
[2025-04-05T15:19:18.239+0000] {logging_mixin.py:190} INFO - [2025-04-05T15:19:18.239+0000] {dagbag.py:588} INFO - Filling up the DagBag from /home/airflow/.local/lib/python3.12/site-packages/airflow/example_dags/example_datasets.py
[2025-04-05T15:19:18.899+0000] {processor.py:925} INFO - DAG(s) 'dataset_produces_1', 'dataset_produces_2', 'dataset_consumes_unknown_never_scheduled', 'dataset_consumes_1_and_2', 'consume_1_and_2_with_dataset_expressions', 'conditional_dataset_and_time_based_timetable', 'consume_1_or_both_2_and_3_with_dataset_expressions', 'consume_1_or_2_with_dataset_expressions', 'dataset_consumes_1', 'dataset_consumes_1_never_scheduled' retrieved from /home/airflow/.local/lib/python3.12/site-packages/airflow/example_dags/example_datasets.py
[2025-04-05T15:19:19.041+0000] {logging_mixin.py:190} INFO - [2025-04-05T15:19:19.040+0000] {override.py:1912} INFO - Created Permission View: can read on DAG:dataset_produces_1
[2025-04-05T15:19:19.068+0000] {logging_mixin.py:190} INFO - [2025-04-05T15:19:19.067+0000] {override.py:1912} INFO - Created Permission View: can delete on DAG:dataset_produces_1
[2025-04-05T15:19:19.107+0000] {logging_mixin.py:190} INFO - [2025-04-05T15:19:19.107+0000] {override.py:1912} INFO - Created Permission View: can edit on DAG:dataset_produces_1
[2025-04-05T15:19:19.177+0000] {logging_mixin.py:190} INFO - [2025-04-05T15:19:19.176+0000] {override.py:1912} INFO - Created Permission View: can read on DAG Run:dataset_produces_1
[2025-04-05T15:19:19.198+0000] {logging_mixin.py:190} INFO - [2025-04-05T15:19:19.197+0000] {override.py:1912} INFO - Created Permission View: can create on DAG Run:dataset_produces_1
[2025-04-05T15:19:19.207+0000] {logging_mixin.py:190} INFO - [2025-04-05T15:19:19.207+0000] {override.py:1912} INFO - Created Permission View: can delete on DAG Run:dataset_produces_1
[2025-04-05T15:19:19.218+0000] {logging_mixin.py:190} INFO - [2025-04-05T15:19:19.217+0000] {override.py:1912} INFO - Created Permission View: menu access on DAG Run:dataset_produces_1
[2025-04-05T15:19:19.242+0000] {logging_mixin.py:190} INFO - [2025-04-05T15:19:19.242+0000] {override.py:1912} INFO - Created Permission View: can read on DAG:dataset_produces_2
[2025-04-05T15:19:19.253+0000] {logging_mixin.py:190} INFO - [2025-04-05T15:19:19.252+0000] {override.py:1912} INFO - Created Permission View: can delete on DAG:dataset_produces_2
[2025-04-05T15:19:19.264+0000] {logging_mixin.py:190} INFO - [2025-04-05T15:19:19.264+0000] {override.py:1912} INFO - Created Permission View: can edit on DAG:dataset_produces_2
[2025-04-05T15:19:19.279+0000] {logging_mixin.py:190} INFO - [2025-04-05T15:19:19.278+0000] {override.py:1912} INFO - Created Permission View: can read on DAG Run:dataset_produces_2
[2025-04-05T15:19:19.288+0000] {logging_mixin.py:190} INFO - [2025-04-05T15:19:19.287+0000] {override.py:1912} INFO - Created Permission View: can create on DAG Run:dataset_produces_2
[2025-04-05T15:19:19.297+0000] {logging_mixin.py:190} INFO - [2025-04-05T15:19:19.297+0000] {override.py:1912} INFO - Created Permission View: can delete on DAG Run:dataset_produces_2
[2025-04-05T15:19:19.309+0000] {logging_mixin.py:190} INFO - [2025-04-05T15:19:19.309+0000] {override.py:1912} INFO - Created Permission View: menu access on DAG Run:dataset_produces_2
[2025-04-05T15:19:19.327+0000] {logging_mixin.py:190} INFO - [2025-04-05T15:19:19.327+0000] {override.py:1912} INFO - Created Permission View: can read on DAG:dataset_consumes_unknown_never_scheduled
[2025-04-05T15:19:19.339+0000] {logging_mixin.py:190} INFO - [2025-04-05T15:19:19.339+0000] {override.py:1912} INFO - Created Permission View: can delete on DAG:dataset_consumes_unknown_never_scheduled
[2025-04-05T15:19:19.350+0000] {logging_mixin.py:190} INFO - [2025-04-05T15:19:19.350+0000] {override.py:1912} INFO - Created Permission View: can edit on DAG:dataset_consumes_unknown_never_scheduled
[2025-04-05T15:19:19.363+0000] {logging_mixin.py:190} INFO - [2025-04-05T15:19:19.363+0000] {override.py:1912} INFO - Created Permission View: can read on DAG Run:dataset_consumes_unknown_never_scheduled
[2025-04-05T15:19:19.372+0000] {logging_mixin.py:190} INFO - [2025-04-05T15:19:19.372+0000] {override.py:1912} INFO - Created Permission View: can create on DAG Run:dataset_consumes_unknown_never_scheduled
[2025-04-05T15:19:19.384+0000] {logging_mixin.py:190} INFO - [2025-04-05T15:19:19.384+0000] {override.py:1912} INFO - Created Permission View: can delete on DAG Run:dataset_consumes_unknown_never_scheduled
[2025-04-05T15:19:19.394+0000] {logging_mixin.py:190} INFO - [2025-04-05T15:19:19.393+0000] {override.py:1912} INFO - Created Permission View: menu access on DAG Run:dataset_consumes_unknown_never_scheduled
[2025-04-05T15:19:19.410+0000] {logging_mixin.py:190} INFO - [2025-04-05T15:19:19.410+0000] {override.py:1912} INFO - Created Permission View: can read on DAG:dataset_consumes_1_and_2
[2025-04-05T15:19:19.420+0000] {logging_mixin.py:190} INFO - [2025-04-05T15:19:19.420+0000] {override.py:1912} INFO - Created Permission View: can delete on DAG:dataset_consumes_1_and_2
[2025-04-05T15:19:19.428+0000] {logging_mixin.py:190} INFO - [2025-04-05T15:19:19.428+0000] {override.py:1912} INFO - Created Permission View: can edit on DAG:dataset_consumes_1_and_2
[2025-04-05T15:19:19.442+0000] {logging_mixin.py:190} INFO - [2025-04-05T15:19:19.442+0000] {override.py:1912} INFO - Created Permission View: can read on DAG Run:dataset_consumes_1_and_2
[2025-04-05T15:19:19.449+0000] {logging_mixin.py:190} INFO - [2025-04-05T15:19:19.449+0000] {override.py:1912} INFO - Created Permission View: can create on DAG Run:dataset_consumes_1_and_2
[2025-04-05T15:19:19.461+0000] {logging_mixin.py:190} INFO - [2025-04-05T15:19:19.461+0000] {override.py:1912} INFO - Created Permission View: can delete on DAG Run:dataset_consumes_1_and_2
[2025-04-05T15:19:19.470+0000] {logging_mixin.py:190} INFO - [2025-04-05T15:19:19.470+0000] {override.py:1912} INFO - Created Permission View: menu access on DAG Run:dataset_consumes_1_and_2
[2025-04-05T15:19:19.492+0000] {logging_mixin.py:190} INFO - [2025-04-05T15:19:19.492+0000] {override.py:1912} INFO - Created Permission View: can read on DAG:consume_1_and_2_with_dataset_expressions
[2025-04-05T15:19:19.504+0000] {logging_mixin.py:190} INFO - [2025-04-05T15:19:19.504+0000] {override.py:1912} INFO - Created Permission View: can delete on DAG:consume_1_and_2_with_dataset_expressions
[2025-04-05T15:19:19.512+0000] {logging_mixin.py:190} INFO - [2025-04-05T15:19:19.512+0000] {override.py:1912} INFO - Created Permission View: can edit on DAG:consume_1_and_2_with_dataset_expressions
[2025-04-05T15:19:19.526+0000] {logging_mixin.py:190} INFO - [2025-04-05T15:19:19.526+0000] {override.py:1912} INFO - Created Permission View: can read on DAG Run:consume_1_and_2_with_dataset_expressions
[2025-04-05T15:19:19.546+0000] {logging_mixin.py:190} INFO - [2025-04-05T15:19:19.546+0000] {override.py:1912} INFO - Created Permission View: can create on DAG Run:consume_1_and_2_with_dataset_expressions
[2025-04-05T15:19:19.557+0000] {logging_mixin.py:190} INFO - [2025-04-05T15:19:19.556+0000] {override.py:1912} INFO - Created Permission View: can delete on DAG Run:consume_1_and_2_with_dataset_expressions
[2025-04-05T15:19:19.574+0000] {logging_mixin.py:190} INFO - [2025-04-05T15:19:19.572+0000] {override.py:1912} INFO - Created Permission View: menu access on DAG Run:consume_1_and_2_with_dataset_expressions
[2025-04-05T15:19:19.598+0000] {logging_mixin.py:190} INFO - [2025-04-05T15:19:19.597+0000] {override.py:1912} INFO - Created Permission View: can read on DAG:conditional_dataset_and_time_based_timetable
[2025-04-05T15:19:19.608+0000] {logging_mixin.py:190} INFO - [2025-04-05T15:19:19.607+0000] {override.py:1912} INFO - Created Permission View: can delete on DAG:conditional_dataset_and_time_based_timetable
[2025-04-05T15:19:19.621+0000] {logging_mixin.py:190} INFO - [2025-04-05T15:19:19.621+0000] {override.py:1912} INFO - Created Permission View: can edit on DAG:conditional_dataset_and_time_based_timetable
[2025-04-05T15:19:19.635+0000] {logging_mixin.py:190} INFO - [2025-04-05T15:19:19.635+0000] {override.py:1912} INFO - Created Permission View: can read on DAG Run:conditional_dataset_and_time_based_timetable
[2025-04-05T15:19:19.645+0000] {logging_mixin.py:190} INFO - [2025-04-05T15:19:19.645+0000] {override.py:1912} INFO - Created Permission View: can create on DAG Run:conditional_dataset_and_time_based_timetable
[2025-04-05T15:19:19.654+0000] {logging_mixin.py:190} INFO - [2025-04-05T15:19:19.654+0000] {override.py:1912} INFO - Created Permission View: can delete on DAG Run:conditional_dataset_and_time_based_timetable
[2025-04-05T15:19:19.663+0000] {logging_mixin.py:190} INFO - [2025-04-05T15:19:19.663+0000] {override.py:1912} INFO - Created Permission View: menu access on DAG Run:conditional_dataset_and_time_based_timetable
[2025-04-05T15:19:19.679+0000] {logging_mixin.py:190} INFO - [2025-04-05T15:19:19.679+0000] {override.py:1912} INFO - Created Permission View: can read on DAG:consume_1_or_both_2_and_3_with_dataset_expressions
[2025-04-05T15:19:19.688+0000] {logging_mixin.py:190} INFO - [2025-04-05T15:19:19.688+0000] {override.py:1912} INFO - Created Permission View: can delete on DAG:consume_1_or_both_2_and_3_with_dataset_expressions
[2025-04-05T15:19:19.698+0000] {logging_mixin.py:190} INFO - [2025-04-05T15:19:19.698+0000] {override.py:1912} INFO - Created Permission View: can edit on DAG:consume_1_or_both_2_and_3_with_dataset_expressions
[2025-04-05T15:19:19.714+0000] {logging_mixin.py:190} INFO - [2025-04-05T15:19:19.714+0000] {override.py:1912} INFO - Created Permission View: can read on DAG Run:consume_1_or_both_2_and_3_with_dataset_expressions
[2025-04-05T15:19:19.723+0000] {logging_mixin.py:190} INFO - [2025-04-05T15:19:19.723+0000] {override.py:1912} INFO - Created Permission View: can create on DAG Run:consume_1_or_both_2_and_3_with_dataset_expressions
[2025-04-05T15:19:19.731+0000] {logging_mixin.py:190} INFO - [2025-04-05T15:19:19.731+0000] {override.py:1912} INFO - Created Permission View: can delete on DAG Run:consume_1_or_both_2_and_3_with_dataset_expressions
[2025-04-05T15:19:19.740+0000] {logging_mixin.py:190} INFO - [2025-04-05T15:19:19.739+0000] {override.py:1912} INFO - Created Permission View: menu access on DAG Run:consume_1_or_both_2_and_3_with_dataset_expressions
[2025-04-05T15:19:19.760+0000] {logging_mixin.py:190} INFO - [2025-04-05T15:19:19.760+0000] {override.py:1912} INFO - Created Permission View: can read on DAG:consume_1_or_2_with_dataset_expressions
[2025-04-05T15:19:19.769+0000] {logging_mixin.py:190} INFO - [2025-04-05T15:19:19.769+0000] {override.py:1912} INFO - Created Permission View: can delete on DAG:consume_1_or_2_with_dataset_expressions
[2025-04-05T15:19:19.780+0000] {logging_mixin.py:190} INFO - [2025-04-05T15:19:19.779+0000] {override.py:1912} INFO - Created Permission View: can edit on DAG:consume_1_or_2_with_dataset_expressions
[2025-04-05T15:19:19.793+0000] {logging_mixin.py:190} INFO - [2025-04-05T15:19:19.792+0000] {override.py:1912} INFO - Created Permission View: can read on DAG Run:consume_1_or_2_with_dataset_expressions
[2025-04-05T15:19:19.803+0000] {logging_mixin.py:190} INFO - [2025-04-05T15:19:19.803+0000] {override.py:1912} INFO - Created Permission View: can create on DAG Run:consume_1_or_2_with_dataset_expressions
[2025-04-05T15:19:19.814+0000] {logging_mixin.py:190} INFO - [2025-04-05T15:19:19.813+0000] {override.py:1912} INFO - Created Permission View: can delete on DAG Run:consume_1_or_2_with_dataset_expressions
[2025-04-05T15:19:19.822+0000] {logging_mixin.py:190} INFO - [2025-04-05T15:19:19.821+0000] {override.py:1912} INFO - Created Permission View: menu access on DAG Run:consume_1_or_2_with_dataset_expressions
[2025-04-05T15:19:19.839+0000] {logging_mixin.py:190} INFO - [2025-04-05T15:19:19.838+0000] {override.py:1912} INFO - Created Permission View: can read on DAG:dataset_consumes_1
[2025-04-05T15:19:19.931+0000] {logging_mixin.py:190} INFO - [2025-04-05T15:19:19.931+0000] {override.py:1912} INFO - Created Permission View: can delete on DAG:dataset_consumes_1
[2025-04-05T15:19:19.940+0000] {logging_mixin.py:190} INFO - [2025-04-05T15:19:19.940+0000] {override.py:1912} INFO - Created Permission View: can edit on DAG:dataset_consumes_1
[2025-04-05T15:19:19.957+0000] {logging_mixin.py:190} INFO - [2025-04-05T15:19:19.957+0000] {override.py:1912} INFO - Created Permission View: can read on DAG Run:dataset_consumes_1
[2025-04-05T15:19:19.967+0000] {logging_mixin.py:190} INFO - [2025-04-05T15:19:19.967+0000] {override.py:1912} INFO - Created Permission View: can create on DAG Run:dataset_consumes_1
[2025-04-05T15:19:19.980+0000] {logging_mixin.py:190} INFO - [2025-04-05T15:19:19.980+0000] {override.py:1912} INFO - Created Permission View: can delete on DAG Run:dataset_consumes_1
[2025-04-05T15:19:19.990+0000] {logging_mixin.py:190} INFO - [2025-04-05T15:19:19.990+0000] {override.py:1912} INFO - Created Permission View: menu access on DAG Run:dataset_consumes_1
[2025-04-05T15:19:20.010+0000] {logging_mixin.py:190} INFO - [2025-04-05T15:19:20.009+0000] {override.py:1912} INFO - Created Permission View: can read on DAG:dataset_consumes_1_never_scheduled
[2025-04-05T15:19:20.021+0000] {logging_mixin.py:190} INFO - [2025-04-05T15:19:20.020+0000] {override.py:1912} INFO - Created Permission View: can delete on DAG:dataset_consumes_1_never_scheduled
[2025-04-05T15:19:20.031+0000] {logging_mixin.py:190} INFO - [2025-04-05T15:19:20.031+0000] {override.py:1912} INFO - Created Permission View: can edit on DAG:dataset_consumes_1_never_scheduled
[2025-04-05T15:19:20.043+0000] {logging_mixin.py:190} INFO - [2025-04-05T15:19:20.043+0000] {override.py:1912} INFO - Created Permission View: can read on DAG Run:dataset_consumes_1_never_scheduled
[2025-04-05T15:19:20.052+0000] {logging_mixin.py:190} INFO - [2025-04-05T15:19:20.052+0000] {override.py:1912} INFO - Created Permission View: can create on DAG Run:dataset_consumes_1_never_scheduled
[2025-04-05T15:19:20.062+0000] {logging_mixin.py:190} INFO - [2025-04-05T15:19:20.061+0000] {override.py:1912} INFO - Created Permission View: can delete on DAG Run:dataset_consumes_1_never_scheduled
[2025-04-05T15:19:20.071+0000] {logging_mixin.py:190} INFO - [2025-04-05T15:19:20.070+0000] {override.py:1912} INFO - Created Permission View: menu access on DAG Run:dataset_consumes_1_never_scheduled
[2025-04-05T15:19:20.071+0000] {logging_mixin.py:190} INFO - [2025-04-05T15:19:20.071+0000] {dag.py:3239} INFO - Sync 10 DAGs
[2025-04-05T15:19:20.097+0000] {logging_mixin.py:190} INFO - [2025-04-05T15:19:20.087+0000] {dag.py:3262} INFO - Creating ORM DAG for consume_1_or_2_with_dataset_expressions
[2025-04-05T15:19:20.098+0000] {logging_mixin.py:190} INFO - [2025-04-05T15:19:20.097+0000] {dag.py:3262} INFO - Creating ORM DAG for dataset_consumes_1_and_2
[2025-04-05T15:19:20.098+0000] {logging_mixin.py:190} INFO - [2025-04-05T15:19:20.098+0000] {dag.py:3262} INFO - Creating ORM DAG for dataset_produces_1
[2025-04-05T15:19:20.099+0000] {logging_mixin.py:190} INFO - [2025-04-05T15:19:20.099+0000] {dag.py:3262} INFO - Creating ORM DAG for dataset_consumes_unknown_never_scheduled
[2025-04-05T15:19:20.099+0000] {logging_mixin.py:190} INFO - [2025-04-05T15:19:20.099+0000] {dag.py:3262} INFO - Creating ORM DAG for dataset_consumes_1
[2025-04-05T15:19:20.100+0000] {logging_mixin.py:190} INFO - [2025-04-05T15:19:20.099+0000] {dag.py:3262} INFO - Creating ORM DAG for dataset_produces_2
[2025-04-05T15:19:20.100+0000] {logging_mixin.py:190} INFO - [2025-04-05T15:19:20.100+0000] {dag.py:3262} INFO - Creating ORM DAG for consume_1_and_2_with_dataset_expressions
[2025-04-05T15:19:20.101+0000] {logging_mixin.py:190} INFO - [2025-04-05T15:19:20.101+0000] {dag.py:3262} INFO - Creating ORM DAG for conditional_dataset_and_time_based_timetable
[2025-04-05T15:19:20.101+0000] {logging_mixin.py:190} INFO - [2025-04-05T15:19:20.101+0000] {dag.py:3262} INFO - Creating ORM DAG for consume_1_or_both_2_and_3_with_dataset_expressions
[2025-04-05T15:19:20.102+0000] {logging_mixin.py:190} INFO - [2025-04-05T15:19:20.102+0000] {dag.py:3262} INFO - Creating ORM DAG for dataset_consumes_1_never_scheduled
[2025-04-05T15:19:20.117+0000] {logging_mixin.py:190} INFO - [2025-04-05T15:19:20.117+0000] {dag.py:4180} INFO - Setting next_dagrun for conditional_dataset_and_time_based_timetable to 2025-04-02 01:00:00+00:00, run_after=2025-04-02 01:00:00+00:00
[2025-04-05T15:19:20.118+0000] {logging_mixin.py:190} INFO - [2025-04-05T15:19:20.118+0000] {dag.py:4180} INFO - Setting next_dagrun for consume_1_and_2_with_dataset_expressions to None, run_after=None
[2025-04-05T15:19:20.119+0000] {logging_mixin.py:190} INFO - [2025-04-05T15:19:20.119+0000] {dag.py:4180} INFO - Setting next_dagrun for consume_1_or_2_with_dataset_expressions to None, run_after=None
[2025-04-05T15:19:20.119+0000] {logging_mixin.py:190} INFO - [2025-04-05T15:19:20.119+0000] {dag.py:4180} INFO - Setting next_dagrun for consume_1_or_both_2_and_3_with_dataset_expressions to None, run_after=None
[2025-04-05T15:19:20.120+0000] {logging_mixin.py:190} INFO - [2025-04-05T15:19:20.119+0000] {dag.py:4180} INFO - Setting next_dagrun for dataset_consumes_1 to None, run_after=None
[2025-04-05T15:19:20.120+0000] {logging_mixin.py:190} INFO - [2025-04-05T15:19:20.120+0000] {dag.py:4180} INFO - Setting next_dagrun for dataset_consumes_1_and_2 to None, run_after=None
[2025-04-05T15:19:20.121+0000] {logging_mixin.py:190} INFO - [2025-04-05T15:19:20.121+0000] {dag.py:4180} INFO - Setting next_dagrun for dataset_consumes_1_never_scheduled to None, run_after=None
[2025-04-05T15:19:20.122+0000] {logging_mixin.py:190} INFO - [2025-04-05T15:19:20.121+0000] {dag.py:4180} INFO - Setting next_dagrun for dataset_consumes_unknown_never_scheduled to None, run_after=None
[2025-04-05T15:19:20.124+0000] {logging_mixin.py:190} INFO - [2025-04-05T15:19:20.124+0000] {dag.py:4180} INFO - Setting next_dagrun for dataset_produces_1 to 2025-04-04 00:00:00+00:00, run_after=2025-04-05 00:00:00+00:00
[2025-04-05T15:19:20.124+0000] {logging_mixin.py:190} INFO - [2025-04-05T15:19:20.124+0000] {dag.py:4180} INFO - Setting next_dagrun for dataset_produces_2 to None, run_after=None
[2025-04-05T15:19:20.165+0000] {processor.py:208} INFO - Processing /home/airflow/.local/lib/python3.12/site-packages/airflow/example_dags/example_datasets.py took 1.933 seconds
[2025-04-05T15:19:51.085+0000] {processor.py:186} INFO - Started process (PID=179) to work on /home/airflow/.local/lib/python3.12/site-packages/airflow/example_dags/example_datasets.py
[2025-04-05T15:19:51.098+0000] {processor.py:914} INFO - Processing file /home/airflow/.local/lib/python3.12/site-packages/airflow/example_dags/example_datasets.py for tasks to queue
[2025-04-05T15:19:51.100+0000] {logging_mixin.py:190} INFO - [2025-04-05T15:19:51.100+0000] {dagbag.py:588} INFO - Filling up the DagBag from /home/airflow/.local/lib/python3.12/site-packages/airflow/example_dags/example_datasets.py
[2025-04-05T15:19:51.549+0000] {processor.py:925} INFO - DAG(s) 'dataset_produces_1', 'conditional_dataset_and_time_based_timetable', 'dataset_produces_2', 'consume_1_and_2_with_dataset_expressions', 'dataset_consumes_1_never_scheduled', 'dataset_consumes_unknown_never_scheduled', 'consume_1_or_2_with_dataset_expressions', 'dataset_consumes_1_and_2', 'dataset_consumes_1', 'consume_1_or_both_2_and_3_with_dataset_expressions' retrieved from /home/airflow/.local/lib/python3.12/site-packages/airflow/example_dags/example_datasets.py
[2025-04-05T15:19:51.584+0000] {logging_mixin.py:190} INFO - [2025-04-05T15:19:51.584+0000] {dag.py:3239} INFO - Sync 10 DAGs
[2025-04-05T15:19:51.604+0000] {logging_mixin.py:190} INFO - [2025-04-05T15:19:51.604+0000] {dag.py:4180} INFO - Setting next_dagrun for conditional_dataset_and_time_based_timetable to 2025-04-02 01:00:00+00:00, run_after=2025-04-02 01:00:00+00:00
[2025-04-05T15:19:51.609+0000] {logging_mixin.py:190} INFO - [2025-04-05T15:19:51.608+0000] {dag.py:4180} INFO - Setting next_dagrun for consume_1_and_2_with_dataset_expressions to None, run_after=None
[2025-04-05T15:19:51.610+0000] {logging_mixin.py:190} INFO - [2025-04-05T15:19:51.610+0000] {dag.py:4180} INFO - Setting next_dagrun for consume_1_or_2_with_dataset_expressions to None, run_after=None
[2025-04-05T15:19:51.611+0000] {logging_mixin.py:190} INFO - [2025-04-05T15:19:51.611+0000] {dag.py:4180} INFO - Setting next_dagrun for consume_1_or_both_2_and_3_with_dataset_expressions to None, run_after=None
[2025-04-05T15:19:51.612+0000] {logging_mixin.py:190} INFO - [2025-04-05T15:19:51.612+0000] {dag.py:4180} INFO - Setting next_dagrun for dataset_consumes_1 to None, run_after=None
[2025-04-05T15:19:51.613+0000] {logging_mixin.py:190} INFO - [2025-04-05T15:19:51.613+0000] {dag.py:4180} INFO - Setting next_dagrun for dataset_consumes_1_and_2 to None, run_after=None
[2025-04-05T15:19:51.614+0000] {logging_mixin.py:190} INFO - [2025-04-05T15:19:51.614+0000] {dag.py:4180} INFO - Setting next_dagrun for dataset_consumes_1_never_scheduled to None, run_after=None
[2025-04-05T15:19:51.615+0000] {logging_mixin.py:190} INFO - [2025-04-05T15:19:51.615+0000] {dag.py:4180} INFO - Setting next_dagrun for dataset_consumes_unknown_never_scheduled to None, run_after=None
[2025-04-05T15:19:51.616+0000] {logging_mixin.py:190} INFO - [2025-04-05T15:19:51.616+0000] {dag.py:4180} INFO - Setting next_dagrun for dataset_produces_1 to 2025-04-04 00:00:00+00:00, run_after=2025-04-05 00:00:00+00:00
[2025-04-05T15:19:51.617+0000] {logging_mixin.py:190} INFO - [2025-04-05T15:19:51.617+0000] {dag.py:4180} INFO - Setting next_dagrun for dataset_produces_2 to None, run_after=None
[2025-04-05T15:19:51.647+0000] {processor.py:208} INFO - Processing /home/airflow/.local/lib/python3.12/site-packages/airflow/example_dags/example_datasets.py took 0.566 seconds
[2025-04-05T15:20:21.707+0000] {processor.py:186} INFO - Started process (PID=246) to work on /home/airflow/.local/lib/python3.12/site-packages/airflow/example_dags/example_datasets.py
[2025-04-05T15:20:21.709+0000] {processor.py:914} INFO - Processing file /home/airflow/.local/lib/python3.12/site-packages/airflow/example_dags/example_datasets.py for tasks to queue
[2025-04-05T15:20:21.711+0000] {logging_mixin.py:190} INFO - [2025-04-05T15:20:21.710+0000] {dagbag.py:588} INFO - Filling up the DagBag from /home/airflow/.local/lib/python3.12/site-packages/airflow/example_dags/example_datasets.py
[2025-04-05T15:20:22.191+0000] {processor.py:925} INFO - DAG(s) 'dataset_consumes_1_and_2', 'dataset_consumes_1_never_scheduled', 'dataset_consumes_unknown_never_scheduled', 'conditional_dataset_and_time_based_timetable', 'dataset_produces_1', 'dataset_consumes_1', 'consume_1_and_2_with_dataset_expressions', 'consume_1_or_2_with_dataset_expressions', 'dataset_produces_2', 'consume_1_or_both_2_and_3_with_dataset_expressions' retrieved from /home/airflow/.local/lib/python3.12/site-packages/airflow/example_dags/example_datasets.py
[2025-04-05T15:20:22.228+0000] {logging_mixin.py:190} INFO - [2025-04-05T15:20:22.228+0000] {dag.py:3239} INFO - Sync 10 DAGs
[2025-04-05T15:20:22.252+0000] {logging_mixin.py:190} INFO - [2025-04-05T15:20:22.251+0000] {dag.py:4180} INFO - Setting next_dagrun for conditional_dataset_and_time_based_timetable to 2025-04-02 01:00:00+00:00, run_after=2025-04-02 01:00:00+00:00
[2025-04-05T15:20:22.254+0000] {logging_mixin.py:190} INFO - [2025-04-05T15:20:22.254+0000] {dag.py:4180} INFO - Setting next_dagrun for consume_1_and_2_with_dataset_expressions to None, run_after=None
[2025-04-05T15:20:22.256+0000] {logging_mixin.py:190} INFO - [2025-04-05T15:20:22.256+0000] {dag.py:4180} INFO - Setting next_dagrun for consume_1_or_2_with_dataset_expressions to None, run_after=None
[2025-04-05T15:20:22.258+0000] {logging_mixin.py:190} INFO - [2025-04-05T15:20:22.257+0000] {dag.py:4180} INFO - Setting next_dagrun for consume_1_or_both_2_and_3_with_dataset_expressions to None, run_after=None
[2025-04-05T15:20:22.259+0000] {logging_mixin.py:190} INFO - [2025-04-05T15:20:22.259+0000] {dag.py:4180} INFO - Setting next_dagrun for dataset_consumes_1 to None, run_after=None
[2025-04-05T15:20:22.260+0000] {logging_mixin.py:190} INFO - [2025-04-05T15:20:22.260+0000] {dag.py:4180} INFO - Setting next_dagrun for dataset_consumes_1_and_2 to None, run_after=None
[2025-04-05T15:20:22.262+0000] {logging_mixin.py:190} INFO - [2025-04-05T15:20:22.262+0000] {dag.py:4180} INFO - Setting next_dagrun for dataset_consumes_1_never_scheduled to None, run_after=None
[2025-04-05T15:20:22.264+0000] {logging_mixin.py:190} INFO - [2025-04-05T15:20:22.263+0000] {dag.py:4180} INFO - Setting next_dagrun for dataset_consumes_unknown_never_scheduled to None, run_after=None
[2025-04-05T15:20:22.266+0000] {logging_mixin.py:190} INFO - [2025-04-05T15:20:22.266+0000] {dag.py:4180} INFO - Setting next_dagrun for dataset_produces_1 to 2025-04-04 00:00:00+00:00, run_after=2025-04-05 00:00:00+00:00
[2025-04-05T15:20:22.270+0000] {logging_mixin.py:190} INFO - [2025-04-05T15:20:22.269+0000] {dag.py:4180} INFO - Setting next_dagrun for dataset_produces_2 to None, run_after=None
[2025-04-05T15:20:22.319+0000] {processor.py:208} INFO - Processing /home/airflow/.local/lib/python3.12/site-packages/airflow/example_dags/example_datasets.py took 0.617 seconds
[2025-04-05T15:20:52.574+0000] {processor.py:186} INFO - Started process (PID=312) to work on /home/airflow/.local/lib/python3.12/site-packages/airflow/example_dags/example_datasets.py
[2025-04-05T15:20:52.575+0000] {processor.py:914} INFO - Processing file /home/airflow/.local/lib/python3.12/site-packages/airflow/example_dags/example_datasets.py for tasks to queue
[2025-04-05T15:20:52.577+0000] {logging_mixin.py:190} INFO - [2025-04-05T15:20:52.577+0000] {dagbag.py:588} INFO - Filling up the DagBag from /home/airflow/.local/lib/python3.12/site-packages/airflow/example_dags/example_datasets.py
[2025-04-05T15:20:52.998+0000] {processor.py:925} INFO - DAG(s) 'dataset_produces_2', 'consume_1_and_2_with_dataset_expressions', 'dataset_consumes_1_and_2', 'dataset_consumes_1_never_scheduled', 'dataset_consumes_unknown_never_scheduled', 'dataset_consumes_1', 'consume_1_or_2_with_dataset_expressions', 'conditional_dataset_and_time_based_timetable', 'consume_1_or_both_2_and_3_with_dataset_expressions', 'dataset_produces_1' retrieved from /home/airflow/.local/lib/python3.12/site-packages/airflow/example_dags/example_datasets.py
[2025-04-05T15:20:53.035+0000] {logging_mixin.py:190} INFO - [2025-04-05T15:20:53.035+0000] {dag.py:3239} INFO - Sync 10 DAGs
[2025-04-05T15:20:53.054+0000] {logging_mixin.py:190} INFO - [2025-04-05T15:20:53.054+0000] {dag.py:4180} INFO - Setting next_dagrun for conditional_dataset_and_time_based_timetable to 2025-04-02 01:00:00+00:00, run_after=2025-04-02 01:00:00+00:00
[2025-04-05T15:20:53.057+0000] {logging_mixin.py:190} INFO - [2025-04-05T15:20:53.056+0000] {dag.py:4180} INFO - Setting next_dagrun for consume_1_and_2_with_dataset_expressions to None, run_after=None
[2025-04-05T15:20:53.058+0000] {logging_mixin.py:190} INFO - [2025-04-05T15:20:53.057+0000] {dag.py:4180} INFO - Setting next_dagrun for consume_1_or_2_with_dataset_expressions to None, run_after=None
[2025-04-05T15:20:53.059+0000] {logging_mixin.py:190} INFO - [2025-04-05T15:20:53.059+0000] {dag.py:4180} INFO - Setting next_dagrun for consume_1_or_both_2_and_3_with_dataset_expressions to None, run_after=None
[2025-04-05T15:20:53.060+0000] {logging_mixin.py:190} INFO - [2025-04-05T15:20:53.060+0000] {dag.py:4180} INFO - Setting next_dagrun for dataset_consumes_1 to None, run_after=None
[2025-04-05T15:20:53.061+0000] {logging_mixin.py:190} INFO - [2025-04-05T15:20:53.060+0000] {dag.py:4180} INFO - Setting next_dagrun for dataset_consumes_1_and_2 to None, run_after=None
[2025-04-05T15:20:53.061+0000] {logging_mixin.py:190} INFO - [2025-04-05T15:20:53.061+0000] {dag.py:4180} INFO - Setting next_dagrun for dataset_consumes_1_never_scheduled to None, run_after=None
[2025-04-05T15:20:53.062+0000] {logging_mixin.py:190} INFO - [2025-04-05T15:20:53.062+0000] {dag.py:4180} INFO - Setting next_dagrun for dataset_consumes_unknown_never_scheduled to None, run_after=None
[2025-04-05T15:20:53.064+0000] {logging_mixin.py:190} INFO - [2025-04-05T15:20:53.064+0000] {dag.py:4180} INFO - Setting next_dagrun for dataset_produces_1 to 2025-04-04 00:00:00+00:00, run_after=2025-04-05 00:00:00+00:00
[2025-04-05T15:20:53.064+0000] {logging_mixin.py:190} INFO - [2025-04-05T15:20:53.064+0000] {dag.py:4180} INFO - Setting next_dagrun for dataset_produces_2 to None, run_after=None
[2025-04-05T15:20:53.091+0000] {processor.py:208} INFO - Processing /home/airflow/.local/lib/python3.12/site-packages/airflow/example_dags/example_datasets.py took 0.522 seconds
[2025-04-05T15:21:23.952+0000] {processor.py:186} INFO - Started process (PID=375) to work on /home/airflow/.local/lib/python3.12/site-packages/airflow/example_dags/example_datasets.py
[2025-04-05T15:21:23.965+0000] {processor.py:914} INFO - Processing file /home/airflow/.local/lib/python3.12/site-packages/airflow/example_dags/example_datasets.py for tasks to queue
[2025-04-05T15:21:23.967+0000] {logging_mixin.py:190} INFO - [2025-04-05T15:21:23.967+0000] {dagbag.py:588} INFO - Filling up the DagBag from /home/airflow/.local/lib/python3.12/site-packages/airflow/example_dags/example_datasets.py
[2025-04-05T15:21:24.402+0000] {processor.py:925} INFO - DAG(s) 'consume_1_or_both_2_and_3_with_dataset_expressions', 'consume_1_and_2_with_dataset_expressions', 'dataset_consumes_1_never_scheduled', 'dataset_consumes_1', 'dataset_produces_2', 'conditional_dataset_and_time_based_timetable', 'consume_1_or_2_with_dataset_expressions', 'dataset_consumes_1_and_2', 'dataset_consumes_unknown_never_scheduled', 'dataset_produces_1' retrieved from /home/airflow/.local/lib/python3.12/site-packages/airflow/example_dags/example_datasets.py
[2025-04-05T15:21:24.447+0000] {logging_mixin.py:190} INFO - [2025-04-05T15:21:24.447+0000] {dag.py:3239} INFO - Sync 10 DAGs
[2025-04-05T15:21:24.469+0000] {logging_mixin.py:190} INFO - [2025-04-05T15:21:24.469+0000] {dag.py:4180} INFO - Setting next_dagrun for conditional_dataset_and_time_based_timetable to 2025-04-02 01:00:00+00:00, run_after=2025-04-02 01:00:00+00:00
[2025-04-05T15:21:24.472+0000] {logging_mixin.py:190} INFO - [2025-04-05T15:21:24.472+0000] {dag.py:4180} INFO - Setting next_dagrun for consume_1_and_2_with_dataset_expressions to None, run_after=None
[2025-04-05T15:21:24.475+0000] {logging_mixin.py:190} INFO - [2025-04-05T15:21:24.475+0000] {dag.py:4180} INFO - Setting next_dagrun for consume_1_or_2_with_dataset_expressions to None, run_after=None
[2025-04-05T15:21:24.476+0000] {logging_mixin.py:190} INFO - [2025-04-05T15:21:24.476+0000] {dag.py:4180} INFO - Setting next_dagrun for consume_1_or_both_2_and_3_with_dataset_expressions to None, run_after=None
[2025-04-05T15:21:24.477+0000] {logging_mixin.py:190} INFO - [2025-04-05T15:21:24.477+0000] {dag.py:4180} INFO - Setting next_dagrun for dataset_consumes_1 to None, run_after=None
[2025-04-05T15:21:24.478+0000] {logging_mixin.py:190} INFO - [2025-04-05T15:21:24.478+0000] {dag.py:4180} INFO - Setting next_dagrun for dataset_consumes_1_and_2 to None, run_after=None
[2025-04-05T15:21:24.479+0000] {logging_mixin.py:190} INFO - [2025-04-05T15:21:24.479+0000] {dag.py:4180} INFO - Setting next_dagrun for dataset_consumes_1_never_scheduled to None, run_after=None
[2025-04-05T15:21:24.480+0000] {logging_mixin.py:190} INFO - [2025-04-05T15:21:24.480+0000] {dag.py:4180} INFO - Setting next_dagrun for dataset_consumes_unknown_never_scheduled to None, run_after=None
[2025-04-05T15:21:24.482+0000] {logging_mixin.py:190} INFO - [2025-04-05T15:21:24.481+0000] {dag.py:4180} INFO - Setting next_dagrun for dataset_produces_1 to 2025-04-04 00:00:00+00:00, run_after=2025-04-05 00:00:00+00:00
[2025-04-05T15:21:24.482+0000] {logging_mixin.py:190} INFO - [2025-04-05T15:21:24.482+0000] {dag.py:4180} INFO - Setting next_dagrun for dataset_produces_2 to None, run_after=None
[2025-04-05T15:21:24.541+0000] {processor.py:208} INFO - Processing /home/airflow/.local/lib/python3.12/site-packages/airflow/example_dags/example_datasets.py took 0.593 seconds
[2025-04-05T15:21:54.592+0000] {processor.py:186} INFO - Started process (PID=442) to work on /home/airflow/.local/lib/python3.12/site-packages/airflow/example_dags/example_datasets.py
[2025-04-05T15:21:54.593+0000] {processor.py:914} INFO - Processing file /home/airflow/.local/lib/python3.12/site-packages/airflow/example_dags/example_datasets.py for tasks to queue
[2025-04-05T15:21:54.595+0000] {logging_mixin.py:190} INFO - [2025-04-05T15:21:54.595+0000] {dagbag.py:588} INFO - Filling up the DagBag from /home/airflow/.local/lib/python3.12/site-packages/airflow/example_dags/example_datasets.py
[2025-04-05T15:21:55.112+0000] {processor.py:925} INFO - DAG(s) 'dataset_consumes_unknown_never_scheduled', 'conditional_dataset_and_time_based_timetable', 'dataset_produces_1', 'consume_1_and_2_with_dataset_expressions', 'dataset_consumes_1_and_2', 'dataset_produces_2', 'dataset_consumes_1', 'consume_1_or_both_2_and_3_with_dataset_expressions', 'dataset_consumes_1_never_scheduled', 'consume_1_or_2_with_dataset_expressions' retrieved from /home/airflow/.local/lib/python3.12/site-packages/airflow/example_dags/example_datasets.py
[2025-04-05T15:21:55.145+0000] {logging_mixin.py:190} INFO - [2025-04-05T15:21:55.145+0000] {dag.py:3239} INFO - Sync 10 DAGs
[2025-04-05T15:21:55.163+0000] {logging_mixin.py:190} INFO - [2025-04-05T15:21:55.163+0000] {dag.py:4180} INFO - Setting next_dagrun for conditional_dataset_and_time_based_timetable to 2025-04-02 01:00:00+00:00, run_after=2025-04-02 01:00:00+00:00
[2025-04-05T15:21:55.166+0000] {logging_mixin.py:190} INFO - [2025-04-05T15:21:55.166+0000] {dag.py:4180} INFO - Setting next_dagrun for consume_1_and_2_with_dataset_expressions to None, run_after=None
[2025-04-05T15:21:55.167+0000] {logging_mixin.py:190} INFO - [2025-04-05T15:21:55.167+0000] {dag.py:4180} INFO - Setting next_dagrun for consume_1_or_2_with_dataset_expressions to None, run_after=None
[2025-04-05T15:21:55.168+0000] {logging_mixin.py:190} INFO - [2025-04-05T15:21:55.167+0000] {dag.py:4180} INFO - Setting next_dagrun for consume_1_or_both_2_and_3_with_dataset_expressions to None, run_after=None
[2025-04-05T15:21:55.169+0000] {logging_mixin.py:190} INFO - [2025-04-05T15:21:55.168+0000] {dag.py:4180} INFO - Setting next_dagrun for dataset_consumes_1 to None, run_after=None
[2025-04-05T15:21:55.169+0000] {logging_mixin.py:190} INFO - [2025-04-05T15:21:55.169+0000] {dag.py:4180} INFO - Setting next_dagrun for dataset_consumes_1_and_2 to None, run_after=None
[2025-04-05T15:21:55.170+0000] {logging_mixin.py:190} INFO - [2025-04-05T15:21:55.170+0000] {dag.py:4180} INFO - Setting next_dagrun for dataset_consumes_1_never_scheduled to None, run_after=None
[2025-04-05T15:21:55.171+0000] {logging_mixin.py:190} INFO - [2025-04-05T15:21:55.171+0000] {dag.py:4180} INFO - Setting next_dagrun for dataset_consumes_unknown_never_scheduled to None, run_after=None
[2025-04-05T15:21:55.173+0000] {logging_mixin.py:190} INFO - [2025-04-05T15:21:55.173+0000] {dag.py:4180} INFO - Setting next_dagrun for dataset_produces_1 to 2025-04-04 00:00:00+00:00, run_after=2025-04-05 00:00:00+00:00
[2025-04-05T15:21:55.174+0000] {logging_mixin.py:190} INFO - [2025-04-05T15:21:55.174+0000] {dag.py:4180} INFO - Setting next_dagrun for dataset_produces_2 to None, run_after=None
[2025-04-05T15:21:55.201+0000] {processor.py:208} INFO - Processing /home/airflow/.local/lib/python3.12/site-packages/airflow/example_dags/example_datasets.py took 0.615 seconds
[2025-04-05T15:22:26.101+0000] {processor.py:186} INFO - Started process (PID=511) to work on /home/airflow/.local/lib/python3.12/site-packages/airflow/example_dags/example_datasets.py
[2025-04-05T15:22:26.103+0000] {processor.py:914} INFO - Processing file /home/airflow/.local/lib/python3.12/site-packages/airflow/example_dags/example_datasets.py for tasks to queue
[2025-04-05T15:22:26.105+0000] {logging_mixin.py:190} INFO - [2025-04-05T15:22:26.105+0000] {dagbag.py:588} INFO - Filling up the DagBag from /home/airflow/.local/lib/python3.12/site-packages/airflow/example_dags/example_datasets.py
[2025-04-05T15:22:26.729+0000] {processor.py:925} INFO - DAG(s) 'consume_1_or_2_with_dataset_expressions', 'dataset_produces_1', 'dataset_consumes_1_and_2', 'dataset_produces_2', 'consume_1_or_both_2_and_3_with_dataset_expressions', 'dataset_consumes_1_never_scheduled', 'consume_1_and_2_with_dataset_expressions', 'conditional_dataset_and_time_based_timetable', 'dataset_consumes_unknown_never_scheduled', 'dataset_consumes_1' retrieved from /home/airflow/.local/lib/python3.12/site-packages/airflow/example_dags/example_datasets.py
[2025-04-05T15:22:26.772+0000] {logging_mixin.py:190} INFO - [2025-04-05T15:22:26.772+0000] {dag.py:3239} INFO - Sync 10 DAGs
[2025-04-05T15:22:26.799+0000] {logging_mixin.py:190} INFO - [2025-04-05T15:22:26.799+0000] {dag.py:4180} INFO - Setting next_dagrun for conditional_dataset_and_time_based_timetable to 2025-04-02 01:00:00+00:00, run_after=2025-04-02 01:00:00+00:00
[2025-04-05T15:22:26.804+0000] {logging_mixin.py:190} INFO - [2025-04-05T15:22:26.803+0000] {dag.py:4180} INFO - Setting next_dagrun for consume_1_and_2_with_dataset_expressions to None, run_after=None
[2025-04-05T15:22:26.807+0000] {logging_mixin.py:190} INFO - [2025-04-05T15:22:26.806+0000] {dag.py:4180} INFO - Setting next_dagrun for consume_1_or_2_with_dataset_expressions to None, run_after=None
[2025-04-05T15:22:26.809+0000] {logging_mixin.py:190} INFO - [2025-04-05T15:22:26.808+0000] {dag.py:4180} INFO - Setting next_dagrun for consume_1_or_both_2_and_3_with_dataset_expressions to None, run_after=None
[2025-04-05T15:22:26.811+0000] {logging_mixin.py:190} INFO - [2025-04-05T15:22:26.811+0000] {dag.py:4180} INFO - Setting next_dagrun for dataset_consumes_1 to None, run_after=None
[2025-04-05T15:22:26.813+0000] {logging_mixin.py:190} INFO - [2025-04-05T15:22:26.813+0000] {dag.py:4180} INFO - Setting next_dagrun for dataset_consumes_1_and_2 to None, run_after=None
[2025-04-05T15:22:26.816+0000] {logging_mixin.py:190} INFO - [2025-04-05T15:22:26.815+0000] {dag.py:4180} INFO - Setting next_dagrun for dataset_consumes_1_never_scheduled to None, run_after=None
[2025-04-05T15:22:26.817+0000] {logging_mixin.py:190} INFO - [2025-04-05T15:22:26.817+0000] {dag.py:4180} INFO - Setting next_dagrun for dataset_consumes_unknown_never_scheduled to None, run_after=None
[2025-04-05T15:22:26.821+0000] {logging_mixin.py:190} INFO - [2025-04-05T15:22:26.821+0000] {dag.py:4180} INFO - Setting next_dagrun for dataset_produces_1 to 2025-04-04 00:00:00+00:00, run_after=2025-04-05 00:00:00+00:00
[2025-04-05T15:22:26.822+0000] {logging_mixin.py:190} INFO - [2025-04-05T15:22:26.822+0000] {dag.py:4180} INFO - Setting next_dagrun for dataset_produces_2 to None, run_after=None
[2025-04-05T15:22:26.861+0000] {processor.py:208} INFO - Processing /home/airflow/.local/lib/python3.12/site-packages/airflow/example_dags/example_datasets.py took 0.765 seconds
[2025-04-05T15:22:56.924+0000] {processor.py:186} INFO - Started process (PID=574) to work on /home/airflow/.local/lib/python3.12/site-packages/airflow/example_dags/example_datasets.py
[2025-04-05T15:22:56.925+0000] {processor.py:914} INFO - Processing file /home/airflow/.local/lib/python3.12/site-packages/airflow/example_dags/example_datasets.py for tasks to queue
[2025-04-05T15:22:56.927+0000] {logging_mixin.py:190} INFO - [2025-04-05T15:22:56.927+0000] {dagbag.py:588} INFO - Filling up the DagBag from /home/airflow/.local/lib/python3.12/site-packages/airflow/example_dags/example_datasets.py
[2025-04-05T15:22:57.423+0000] {processor.py:925} INFO - DAG(s) 'dataset_consumes_1', 'consume_1_and_2_with_dataset_expressions', 'dataset_produces_1', 'consume_1_or_both_2_and_3_with_dataset_expressions', 'dataset_consumes_unknown_never_scheduled', 'dataset_consumes_1_never_scheduled', 'dataset_produces_2', 'conditional_dataset_and_time_based_timetable', 'consume_1_or_2_with_dataset_expressions', 'dataset_consumes_1_and_2' retrieved from /home/airflow/.local/lib/python3.12/site-packages/airflow/example_dags/example_datasets.py
[2025-04-05T15:22:57.458+0000] {logging_mixin.py:190} INFO - [2025-04-05T15:22:57.458+0000] {dag.py:3239} INFO - Sync 10 DAGs
[2025-04-05T15:22:57.478+0000] {logging_mixin.py:190} INFO - [2025-04-05T15:22:57.478+0000] {dag.py:4180} INFO - Setting next_dagrun for conditional_dataset_and_time_based_timetable to 2025-04-02 01:00:00+00:00, run_after=2025-04-02 01:00:00+00:00
[2025-04-05T15:22:57.481+0000] {logging_mixin.py:190} INFO - [2025-04-05T15:22:57.481+0000] {dag.py:4180} INFO - Setting next_dagrun for consume_1_and_2_with_dataset_expressions to None, run_after=None
[2025-04-05T15:22:57.482+0000] {logging_mixin.py:190} INFO - [2025-04-05T15:22:57.482+0000] {dag.py:4180} INFO - Setting next_dagrun for consume_1_or_2_with_dataset_expressions to None, run_after=None
[2025-04-05T15:22:57.483+0000] {logging_mixin.py:190} INFO - [2025-04-05T15:22:57.483+0000] {dag.py:4180} INFO - Setting next_dagrun for consume_1_or_both_2_and_3_with_dataset_expressions to None, run_after=None
[2025-04-05T15:22:57.484+0000] {logging_mixin.py:190} INFO - [2025-04-05T15:22:57.484+0000] {dag.py:4180} INFO - Setting next_dagrun for dataset_consumes_1 to None, run_after=None
[2025-04-05T15:22:57.485+0000] {logging_mixin.py:190} INFO - [2025-04-05T15:22:57.485+0000] {dag.py:4180} INFO - Setting next_dagrun for dataset_consumes_1_and_2 to None, run_after=None
[2025-04-05T15:22:57.486+0000] {logging_mixin.py:190} INFO - [2025-04-05T15:22:57.486+0000] {dag.py:4180} INFO - Setting next_dagrun for dataset_consumes_1_never_scheduled to None, run_after=None
[2025-04-05T15:22:57.487+0000] {logging_mixin.py:190} INFO - [2025-04-05T15:22:57.487+0000] {dag.py:4180} INFO - Setting next_dagrun for dataset_consumes_unknown_never_scheduled to None, run_after=None
[2025-04-05T15:22:57.489+0000] {logging_mixin.py:190} INFO - [2025-04-05T15:22:57.489+0000] {dag.py:4180} INFO - Setting next_dagrun for dataset_produces_1 to 2025-04-04 00:00:00+00:00, run_after=2025-04-05 00:00:00+00:00
[2025-04-05T15:22:57.490+0000] {logging_mixin.py:190} INFO - [2025-04-05T15:22:57.490+0000] {dag.py:4180} INFO - Setting next_dagrun for dataset_produces_2 to None, run_after=None
[2025-04-05T15:22:57.524+0000] {processor.py:208} INFO - Processing /home/airflow/.local/lib/python3.12/site-packages/airflow/example_dags/example_datasets.py took 0.605 seconds
[2025-04-05T15:23:28.166+0000] {processor.py:186} INFO - Started process (PID=637) to work on /home/airflow/.local/lib/python3.12/site-packages/airflow/example_dags/example_datasets.py
[2025-04-05T15:23:28.172+0000] {processor.py:914} INFO - Processing file /home/airflow/.local/lib/python3.12/site-packages/airflow/example_dags/example_datasets.py for tasks to queue
[2025-04-05T15:23:28.174+0000] {logging_mixin.py:190} INFO - [2025-04-05T15:23:28.173+0000] {dagbag.py:588} INFO - Filling up the DagBag from /home/airflow/.local/lib/python3.12/site-packages/airflow/example_dags/example_datasets.py
[2025-04-05T15:23:28.573+0000] {processor.py:925} INFO - DAG(s) 'consume_1_or_2_with_dataset_expressions', 'dataset_consumes_1_and_2', 'conditional_dataset_and_time_based_timetable', 'consume_1_or_both_2_and_3_with_dataset_expressions', 'dataset_consumes_1_never_scheduled', 'dataset_consumes_1', 'dataset_produces_2', 'dataset_produces_1', 'consume_1_and_2_with_dataset_expressions', 'dataset_consumes_unknown_never_scheduled' retrieved from /home/airflow/.local/lib/python3.12/site-packages/airflow/example_dags/example_datasets.py
[2025-04-05T15:23:28.607+0000] {logging_mixin.py:190} INFO - [2025-04-05T15:23:28.607+0000] {dag.py:3239} INFO - Sync 10 DAGs
[2025-04-05T15:23:28.625+0000] {logging_mixin.py:190} INFO - [2025-04-05T15:23:28.625+0000] {dag.py:4180} INFO - Setting next_dagrun for conditional_dataset_and_time_based_timetable to 2025-04-02 01:00:00+00:00, run_after=2025-04-02 01:00:00+00:00
[2025-04-05T15:23:28.628+0000] {logging_mixin.py:190} INFO - [2025-04-05T15:23:28.628+0000] {dag.py:4180} INFO - Setting next_dagrun for consume_1_and_2_with_dataset_expressions to None, run_after=None
[2025-04-05T15:23:28.629+0000] {logging_mixin.py:190} INFO - [2025-04-05T15:23:28.629+0000] {dag.py:4180} INFO - Setting next_dagrun for consume_1_or_2_with_dataset_expressions to None, run_after=None
[2025-04-05T15:23:28.630+0000] {logging_mixin.py:190} INFO - [2025-04-05T15:23:28.630+0000] {dag.py:4180} INFO - Setting next_dagrun for consume_1_or_both_2_and_3_with_dataset_expressions to None, run_after=None
[2025-04-05T15:23:28.631+0000] {logging_mixin.py:190} INFO - [2025-04-05T15:23:28.631+0000] {dag.py:4180} INFO - Setting next_dagrun for dataset_consumes_1 to None, run_after=None
[2025-04-05T15:23:28.632+0000] {logging_mixin.py:190} INFO - [2025-04-05T15:23:28.632+0000] {dag.py:4180} INFO - Setting next_dagrun for dataset_consumes_1_and_2 to None, run_after=None
[2025-04-05T15:23:28.633+0000] {logging_mixin.py:190} INFO - [2025-04-05T15:23:28.633+0000] {dag.py:4180} INFO - Setting next_dagrun for dataset_consumes_1_never_scheduled to None, run_after=None
[2025-04-05T15:23:28.633+0000] {logging_mixin.py:190} INFO - [2025-04-05T15:23:28.633+0000] {dag.py:4180} INFO - Setting next_dagrun for dataset_consumes_unknown_never_scheduled to None, run_after=None
[2025-04-05T15:23:28.635+0000] {logging_mixin.py:190} INFO - [2025-04-05T15:23:28.635+0000] {dag.py:4180} INFO - Setting next_dagrun for dataset_produces_1 to 2025-04-04 00:00:00+00:00, run_after=2025-04-05 00:00:00+00:00
[2025-04-05T15:23:28.636+0000] {logging_mixin.py:190} INFO - [2025-04-05T15:23:28.636+0000] {dag.py:4180} INFO - Setting next_dagrun for dataset_produces_2 to None, run_after=None
[2025-04-05T15:23:28.729+0000] {processor.py:208} INFO - Processing /home/airflow/.local/lib/python3.12/site-packages/airflow/example_dags/example_datasets.py took 0.568 seconds
[2025-04-05T15:23:59.578+0000] {processor.py:186} INFO - Started process (PID=700) to work on /home/airflow/.local/lib/python3.12/site-packages/airflow/example_dags/example_datasets.py
[2025-04-05T15:23:59.591+0000] {processor.py:914} INFO - Processing file /home/airflow/.local/lib/python3.12/site-packages/airflow/example_dags/example_datasets.py for tasks to queue
[2025-04-05T15:23:59.593+0000] {logging_mixin.py:190} INFO - [2025-04-05T15:23:59.592+0000] {dagbag.py:588} INFO - Filling up the DagBag from /home/airflow/.local/lib/python3.12/site-packages/airflow/example_dags/example_datasets.py
[2025-04-05T15:24:00.181+0000] {processor.py:925} INFO - DAG(s) 'consume_1_or_2_with_dataset_expressions', 'dataset_consumes_1', 'consume_1_and_2_with_dataset_expressions', 'dataset_consumes_1_and_2', 'conditional_dataset_and_time_based_timetable', 'dataset_consumes_1_never_scheduled', 'dataset_produces_1', 'dataset_consumes_unknown_never_scheduled', 'consume_1_or_both_2_and_3_with_dataset_expressions', 'dataset_produces_2' retrieved from /home/airflow/.local/lib/python3.12/site-packages/airflow/example_dags/example_datasets.py
[2025-04-05T15:24:00.223+0000] {logging_mixin.py:190} INFO - [2025-04-05T15:24:00.223+0000] {dag.py:3239} INFO - Sync 10 DAGs
[2025-04-05T15:24:00.259+0000] {logging_mixin.py:190} INFO - [2025-04-05T15:24:00.258+0000] {dag.py:4180} INFO - Setting next_dagrun for conditional_dataset_and_time_based_timetable to 2025-04-02 01:00:00+00:00, run_after=2025-04-02 01:00:00+00:00
[2025-04-05T15:24:00.263+0000] {logging_mixin.py:190} INFO - [2025-04-05T15:24:00.263+0000] {dag.py:4180} INFO - Setting next_dagrun for consume_1_and_2_with_dataset_expressions to None, run_after=None
[2025-04-05T15:24:00.265+0000] {logging_mixin.py:190} INFO - [2025-04-05T15:24:00.264+0000] {dag.py:4180} INFO - Setting next_dagrun for consume_1_or_2_with_dataset_expressions to None, run_after=None
[2025-04-05T15:24:00.266+0000] {logging_mixin.py:190} INFO - [2025-04-05T15:24:00.266+0000] {dag.py:4180} INFO - Setting next_dagrun for consume_1_or_both_2_and_3_with_dataset_expressions to None, run_after=None
[2025-04-05T15:24:00.268+0000] {logging_mixin.py:190} INFO - [2025-04-05T15:24:00.268+0000] {dag.py:4180} INFO - Setting next_dagrun for dataset_consumes_1 to None, run_after=None
[2025-04-05T15:24:00.270+0000] {logging_mixin.py:190} INFO - [2025-04-05T15:24:00.269+0000] {dag.py:4180} INFO - Setting next_dagrun for dataset_consumes_1_and_2 to None, run_after=None
[2025-04-05T15:24:00.271+0000] {logging_mixin.py:190} INFO - [2025-04-05T15:24:00.271+0000] {dag.py:4180} INFO - Setting next_dagrun for dataset_consumes_1_never_scheduled to None, run_after=None
[2025-04-05T15:24:00.273+0000] {logging_mixin.py:190} INFO - [2025-04-05T15:24:00.272+0000] {dag.py:4180} INFO - Setting next_dagrun for dataset_consumes_unknown_never_scheduled to None, run_after=None
[2025-04-05T15:24:00.276+0000] {logging_mixin.py:190} INFO - [2025-04-05T15:24:00.276+0000] {dag.py:4180} INFO - Setting next_dagrun for dataset_produces_1 to 2025-04-04 00:00:00+00:00, run_after=2025-04-05 00:00:00+00:00
[2025-04-05T15:24:00.278+0000] {logging_mixin.py:190} INFO - [2025-04-05T15:24:00.278+0000] {dag.py:4180} INFO - Setting next_dagrun for dataset_produces_2 to None, run_after=None
[2025-04-05T15:24:00.318+0000] {processor.py:208} INFO - Processing /home/airflow/.local/lib/python3.12/site-packages/airflow/example_dags/example_datasets.py took 0.745 seconds
[2025-04-05T15:24:30.822+0000] {processor.py:186} INFO - Started process (PID=763) to work on /home/airflow/.local/lib/python3.12/site-packages/airflow/example_dags/example_datasets.py
[2025-04-05T15:24:30.834+0000] {processor.py:914} INFO - Processing file /home/airflow/.local/lib/python3.12/site-packages/airflow/example_dags/example_datasets.py for tasks to queue
[2025-04-05T15:24:30.837+0000] {logging_mixin.py:190} INFO - [2025-04-05T15:24:30.836+0000] {dagbag.py:588} INFO - Filling up the DagBag from /home/airflow/.local/lib/python3.12/site-packages/airflow/example_dags/example_datasets.py
[2025-04-05T15:24:31.333+0000] {processor.py:925} INFO - DAG(s) 'consume_1_and_2_with_dataset_expressions', 'consume_1_or_both_2_and_3_with_dataset_expressions', 'consume_1_or_2_with_dataset_expressions', 'dataset_produces_2', 'dataset_consumes_1_never_scheduled', 'conditional_dataset_and_time_based_timetable', 'dataset_produces_1', 'dataset_consumes_1', 'dataset_consumes_unknown_never_scheduled', 'dataset_consumes_1_and_2' retrieved from /home/airflow/.local/lib/python3.12/site-packages/airflow/example_dags/example_datasets.py
[2025-04-05T15:24:31.377+0000] {logging_mixin.py:190} INFO - [2025-04-05T15:24:31.377+0000] {dag.py:3239} INFO - Sync 10 DAGs
[2025-04-05T15:24:31.400+0000] {logging_mixin.py:190} INFO - [2025-04-05T15:24:31.400+0000] {dag.py:4180} INFO - Setting next_dagrun for conditional_dataset_and_time_based_timetable to 2025-04-02 01:00:00+00:00, run_after=2025-04-02 01:00:00+00:00
[2025-04-05T15:24:31.405+0000] {logging_mixin.py:190} INFO - [2025-04-05T15:24:31.405+0000] {dag.py:4180} INFO - Setting next_dagrun for consume_1_and_2_with_dataset_expressions to None, run_after=None
[2025-04-05T15:24:31.406+0000] {logging_mixin.py:190} INFO - [2025-04-05T15:24:31.406+0000] {dag.py:4180} INFO - Setting next_dagrun for consume_1_or_2_with_dataset_expressions to None, run_after=None
[2025-04-05T15:24:31.407+0000] {logging_mixin.py:190} INFO - [2025-04-05T15:24:31.407+0000] {dag.py:4180} INFO - Setting next_dagrun for consume_1_or_both_2_and_3_with_dataset_expressions to None, run_after=None
[2025-04-05T15:24:31.409+0000] {logging_mixin.py:190} INFO - [2025-04-05T15:24:31.409+0000] {dag.py:4180} INFO - Setting next_dagrun for dataset_consumes_1 to None, run_after=None
[2025-04-05T15:24:31.410+0000] {logging_mixin.py:190} INFO - [2025-04-05T15:24:31.410+0000] {dag.py:4180} INFO - Setting next_dagrun for dataset_consumes_1_and_2 to None, run_after=None
[2025-04-05T15:24:31.411+0000] {logging_mixin.py:190} INFO - [2025-04-05T15:24:31.411+0000] {dag.py:4180} INFO - Setting next_dagrun for dataset_consumes_1_never_scheduled to None, run_after=None
[2025-04-05T15:24:31.412+0000] {logging_mixin.py:190} INFO - [2025-04-05T15:24:31.411+0000] {dag.py:4180} INFO - Setting next_dagrun for dataset_consumes_unknown_never_scheduled to None, run_after=None
[2025-04-05T15:24:31.414+0000] {logging_mixin.py:190} INFO - [2025-04-05T15:24:31.413+0000] {dag.py:4180} INFO - Setting next_dagrun for dataset_produces_1 to 2025-04-04 00:00:00+00:00, run_after=2025-04-05 00:00:00+00:00
[2025-04-05T15:24:31.415+0000] {logging_mixin.py:190} INFO - [2025-04-05T15:24:31.415+0000] {dag.py:4180} INFO - Setting next_dagrun for dataset_produces_2 to None, run_after=None
[2025-04-05T15:24:31.446+0000] {processor.py:208} INFO - Processing /home/airflow/.local/lib/python3.12/site-packages/airflow/example_dags/example_datasets.py took 0.629 seconds
[2025-04-05T15:25:01.735+0000] {processor.py:186} INFO - Started process (PID=826) to work on /home/airflow/.local/lib/python3.12/site-packages/airflow/example_dags/example_datasets.py
[2025-04-05T15:25:01.736+0000] {processor.py:914} INFO - Processing file /home/airflow/.local/lib/python3.12/site-packages/airflow/example_dags/example_datasets.py for tasks to queue
[2025-04-05T15:25:01.738+0000] {logging_mixin.py:190} INFO - [2025-04-05T15:25:01.737+0000] {dagbag.py:588} INFO - Filling up the DagBag from /home/airflow/.local/lib/python3.12/site-packages/airflow/example_dags/example_datasets.py
[2025-04-05T15:25:02.161+0000] {processor.py:925} INFO - DAG(s) 'dataset_consumes_1_never_scheduled', 'consume_1_or_both_2_and_3_with_dataset_expressions', 'dataset_consumes_unknown_never_scheduled', 'consume_1_or_2_with_dataset_expressions', 'dataset_consumes_1_and_2', 'dataset_produces_2', 'conditional_dataset_and_time_based_timetable', 'dataset_consumes_1', 'consume_1_and_2_with_dataset_expressions', 'dataset_produces_1' retrieved from /home/airflow/.local/lib/python3.12/site-packages/airflow/example_dags/example_datasets.py
[2025-04-05T15:25:02.209+0000] {logging_mixin.py:190} INFO - [2025-04-05T15:25:02.209+0000] {dag.py:3239} INFO - Sync 10 DAGs
[2025-04-05T15:25:02.234+0000] {logging_mixin.py:190} INFO - [2025-04-05T15:25:02.234+0000] {dag.py:4180} INFO - Setting next_dagrun for conditional_dataset_and_time_based_timetable to 2025-04-02 01:00:00+00:00, run_after=2025-04-02 01:00:00+00:00
[2025-04-05T15:25:02.238+0000] {logging_mixin.py:190} INFO - [2025-04-05T15:25:02.238+0000] {dag.py:4180} INFO - Setting next_dagrun for consume_1_and_2_with_dataset_expressions to None, run_after=None
[2025-04-05T15:25:02.239+0000] {logging_mixin.py:190} INFO - [2025-04-05T15:25:02.239+0000] {dag.py:4180} INFO - Setting next_dagrun for consume_1_or_2_with_dataset_expressions to None, run_after=None
[2025-04-05T15:25:02.240+0000] {logging_mixin.py:190} INFO - [2025-04-05T15:25:02.240+0000] {dag.py:4180} INFO - Setting next_dagrun for consume_1_or_both_2_and_3_with_dataset_expressions to None, run_after=None
[2025-04-05T15:25:02.241+0000] {logging_mixin.py:190} INFO - [2025-04-05T15:25:02.241+0000] {dag.py:4180} INFO - Setting next_dagrun for dataset_consumes_1 to None, run_after=None
[2025-04-05T15:25:02.242+0000] {logging_mixin.py:190} INFO - [2025-04-05T15:25:02.242+0000] {dag.py:4180} INFO - Setting next_dagrun for dataset_consumes_1_and_2 to None, run_after=None
[2025-04-05T15:25:02.243+0000] {logging_mixin.py:190} INFO - [2025-04-05T15:25:02.243+0000] {dag.py:4180} INFO - Setting next_dagrun for dataset_consumes_1_never_scheduled to None, run_after=None
[2025-04-05T15:25:02.244+0000] {logging_mixin.py:190} INFO - [2025-04-05T15:25:02.244+0000] {dag.py:4180} INFO - Setting next_dagrun for dataset_consumes_unknown_never_scheduled to None, run_after=None
[2025-04-05T15:25:02.246+0000] {logging_mixin.py:190} INFO - [2025-04-05T15:25:02.246+0000] {dag.py:4180} INFO - Setting next_dagrun for dataset_produces_1 to 2025-04-04 00:00:00+00:00, run_after=2025-04-05 00:00:00+00:00
[2025-04-05T15:25:02.247+0000] {logging_mixin.py:190} INFO - [2025-04-05T15:25:02.247+0000] {dag.py:4180} INFO - Setting next_dagrun for dataset_produces_2 to None, run_after=None
[2025-04-05T15:25:02.274+0000] {processor.py:208} INFO - Processing /home/airflow/.local/lib/python3.12/site-packages/airflow/example_dags/example_datasets.py took 0.544 seconds
[2025-04-05T15:25:33.087+0000] {processor.py:186} INFO - Started process (PID=889) to work on /home/airflow/.local/lib/python3.12/site-packages/airflow/example_dags/example_datasets.py
[2025-04-05T15:25:33.089+0000] {processor.py:914} INFO - Processing file /home/airflow/.local/lib/python3.12/site-packages/airflow/example_dags/example_datasets.py for tasks to queue
[2025-04-05T15:25:33.091+0000] {logging_mixin.py:190} INFO - [2025-04-05T15:25:33.090+0000] {dagbag.py:588} INFO - Filling up the DagBag from /home/airflow/.local/lib/python3.12/site-packages/airflow/example_dags/example_datasets.py
[2025-04-05T15:25:33.496+0000] {processor.py:925} INFO - DAG(s) 'consume_1_or_both_2_and_3_with_dataset_expressions', 'dataset_produces_1', 'dataset_consumes_1', 'dataset_consumes_1_never_scheduled', 'consume_1_and_2_with_dataset_expressions', 'dataset_consumes_unknown_never_scheduled', 'dataset_consumes_1_and_2', 'conditional_dataset_and_time_based_timetable', 'consume_1_or_2_with_dataset_expressions', 'dataset_produces_2' retrieved from /home/airflow/.local/lib/python3.12/site-packages/airflow/example_dags/example_datasets.py
[2025-04-05T15:25:33.530+0000] {logging_mixin.py:190} INFO - [2025-04-05T15:25:33.530+0000] {dag.py:3239} INFO - Sync 10 DAGs
[2025-04-05T15:25:33.548+0000] {logging_mixin.py:190} INFO - [2025-04-05T15:25:33.548+0000] {dag.py:4180} INFO - Setting next_dagrun for conditional_dataset_and_time_based_timetable to 2025-04-02 01:00:00+00:00, run_after=2025-04-02 01:00:00+00:00
[2025-04-05T15:25:33.551+0000] {logging_mixin.py:190} INFO - [2025-04-05T15:25:33.550+0000] {dag.py:4180} INFO - Setting next_dagrun for consume_1_and_2_with_dataset_expressions to None, run_after=None
[2025-04-05T15:25:33.552+0000] {logging_mixin.py:190} INFO - [2025-04-05T15:25:33.551+0000] {dag.py:4180} INFO - Setting next_dagrun for consume_1_or_2_with_dataset_expressions to None, run_after=None
[2025-04-05T15:25:33.553+0000] {logging_mixin.py:190} INFO - [2025-04-05T15:25:33.552+0000] {dag.py:4180} INFO - Setting next_dagrun for consume_1_or_both_2_and_3_with_dataset_expressions to None, run_after=None
[2025-04-05T15:25:33.553+0000] {logging_mixin.py:190} INFO - [2025-04-05T15:25:33.553+0000] {dag.py:4180} INFO - Setting next_dagrun for dataset_consumes_1 to None, run_after=None
[2025-04-05T15:25:33.554+0000] {logging_mixin.py:190} INFO - [2025-04-05T15:25:33.554+0000] {dag.py:4180} INFO - Setting next_dagrun for dataset_consumes_1_and_2 to None, run_after=None
[2025-04-05T15:25:33.555+0000] {logging_mixin.py:190} INFO - [2025-04-05T15:25:33.555+0000] {dag.py:4180} INFO - Setting next_dagrun for dataset_consumes_1_never_scheduled to None, run_after=None
[2025-04-05T15:25:33.556+0000] {logging_mixin.py:190} INFO - [2025-04-05T15:25:33.556+0000] {dag.py:4180} INFO - Setting next_dagrun for dataset_consumes_unknown_never_scheduled to None, run_after=None
[2025-04-05T15:25:33.558+0000] {logging_mixin.py:190} INFO - [2025-04-05T15:25:33.558+0000] {dag.py:4180} INFO - Setting next_dagrun for dataset_produces_1 to 2025-04-04 00:00:00+00:00, run_after=2025-04-05 00:00:00+00:00
[2025-04-05T15:25:33.559+0000] {logging_mixin.py:190} INFO - [2025-04-05T15:25:33.559+0000] {dag.py:4180} INFO - Setting next_dagrun for dataset_produces_2 to None, run_after=None
[2025-04-05T15:25:33.591+0000] {processor.py:208} INFO - Processing /home/airflow/.local/lib/python3.12/site-packages/airflow/example_dags/example_datasets.py took 0.508 seconds
[2025-04-05T15:26:04.523+0000] {processor.py:186} INFO - Started process (PID=952) to work on /home/airflow/.local/lib/python3.12/site-packages/airflow/example_dags/example_datasets.py
[2025-04-05T15:26:04.524+0000] {processor.py:914} INFO - Processing file /home/airflow/.local/lib/python3.12/site-packages/airflow/example_dags/example_datasets.py for tasks to queue
[2025-04-05T15:26:04.526+0000] {logging_mixin.py:190} INFO - [2025-04-05T15:26:04.526+0000] {dagbag.py:588} INFO - Filling up the DagBag from /home/airflow/.local/lib/python3.12/site-packages/airflow/example_dags/example_datasets.py
[2025-04-05T15:26:05.090+0000] {processor.py:925} INFO - DAG(s) 'dataset_consumes_1_and_2', 'dataset_produces_2', 'dataset_produces_1', 'dataset_consumes_1', 'consume_1_or_both_2_and_3_with_dataset_expressions', 'consume_1_or_2_with_dataset_expressions', 'dataset_consumes_unknown_never_scheduled', 'dataset_consumes_1_never_scheduled', 'consume_1_and_2_with_dataset_expressions', 'conditional_dataset_and_time_based_timetable' retrieved from /home/airflow/.local/lib/python3.12/site-packages/airflow/example_dags/example_datasets.py
[2025-04-05T15:26:05.125+0000] {logging_mixin.py:190} INFO - [2025-04-05T15:26:05.125+0000] {dag.py:3239} INFO - Sync 10 DAGs
[2025-04-05T15:26:05.146+0000] {logging_mixin.py:190} INFO - [2025-04-05T15:26:05.146+0000] {dag.py:4180} INFO - Setting next_dagrun for conditional_dataset_and_time_based_timetable to 2025-04-02 01:00:00+00:00, run_after=2025-04-02 01:00:00+00:00
[2025-04-05T15:26:05.149+0000] {logging_mixin.py:190} INFO - [2025-04-05T15:26:05.149+0000] {dag.py:4180} INFO - Setting next_dagrun for consume_1_and_2_with_dataset_expressions to None, run_after=None
[2025-04-05T15:26:05.152+0000] {logging_mixin.py:190} INFO - [2025-04-05T15:26:05.152+0000] {dag.py:4180} INFO - Setting next_dagrun for consume_1_or_2_with_dataset_expressions to None, run_after=None
[2025-04-05T15:26:05.153+0000] {logging_mixin.py:190} INFO - [2025-04-05T15:26:05.153+0000] {dag.py:4180} INFO - Setting next_dagrun for consume_1_or_both_2_and_3_with_dataset_expressions to None, run_after=None
[2025-04-05T15:26:05.154+0000] {logging_mixin.py:190} INFO - [2025-04-05T15:26:05.154+0000] {dag.py:4180} INFO - Setting next_dagrun for dataset_consumes_1 to None, run_after=None
[2025-04-05T15:26:05.155+0000] {logging_mixin.py:190} INFO - [2025-04-05T15:26:05.155+0000] {dag.py:4180} INFO - Setting next_dagrun for dataset_consumes_1_and_2 to None, run_after=None
[2025-04-05T15:26:05.156+0000] {logging_mixin.py:190} INFO - [2025-04-05T15:26:05.156+0000] {dag.py:4180} INFO - Setting next_dagrun for dataset_consumes_1_never_scheduled to None, run_after=None
[2025-04-05T15:26:05.157+0000] {logging_mixin.py:190} INFO - [2025-04-05T15:26:05.157+0000] {dag.py:4180} INFO - Setting next_dagrun for dataset_consumes_unknown_never_scheduled to None, run_after=None
[2025-04-05T15:26:05.159+0000] {logging_mixin.py:190} INFO - [2025-04-05T15:26:05.159+0000] {dag.py:4180} INFO - Setting next_dagrun for dataset_produces_1 to 2025-04-04 00:00:00+00:00, run_after=2025-04-05 00:00:00+00:00
[2025-04-05T15:26:05.160+0000] {logging_mixin.py:190} INFO - [2025-04-05T15:26:05.160+0000] {dag.py:4180} INFO - Setting next_dagrun for dataset_produces_2 to None, run_after=None
[2025-04-05T15:26:05.197+0000] {processor.py:208} INFO - Processing /home/airflow/.local/lib/python3.12/site-packages/airflow/example_dags/example_datasets.py took 0.682 seconds
[2025-04-05T15:26:36.177+0000] {processor.py:186} INFO - Started process (PID=1021) to work on /home/airflow/.local/lib/python3.12/site-packages/airflow/example_dags/example_datasets.py
[2025-04-05T15:26:36.178+0000] {processor.py:914} INFO - Processing file /home/airflow/.local/lib/python3.12/site-packages/airflow/example_dags/example_datasets.py for tasks to queue
[2025-04-05T15:26:36.181+0000] {logging_mixin.py:190} INFO - [2025-04-05T15:26:36.181+0000] {dagbag.py:588} INFO - Filling up the DagBag from /home/airflow/.local/lib/python3.12/site-packages/airflow/example_dags/example_datasets.py
[2025-04-05T15:26:36.674+0000] {processor.py:925} INFO - DAG(s) 'dataset_produces_2', 'dataset_consumes_1', 'consume_1_and_2_with_dataset_expressions', 'dataset_produces_1', 'dataset_consumes_unknown_never_scheduled', 'dataset_consumes_1_and_2', 'conditional_dataset_and_time_based_timetable', 'dataset_consumes_1_never_scheduled', 'consume_1_or_2_with_dataset_expressions', 'consume_1_or_both_2_and_3_with_dataset_expressions' retrieved from /home/airflow/.local/lib/python3.12/site-packages/airflow/example_dags/example_datasets.py
[2025-04-05T15:26:36.711+0000] {logging_mixin.py:190} INFO - [2025-04-05T15:26:36.711+0000] {dag.py:3239} INFO - Sync 10 DAGs
[2025-04-05T15:26:36.731+0000] {logging_mixin.py:190} INFO - [2025-04-05T15:26:36.731+0000] {dag.py:4180} INFO - Setting next_dagrun for conditional_dataset_and_time_based_timetable to 2025-04-02 01:00:00+00:00, run_after=2025-04-02 01:00:00+00:00
[2025-04-05T15:26:36.735+0000] {logging_mixin.py:190} INFO - [2025-04-05T15:26:36.735+0000] {dag.py:4180} INFO - Setting next_dagrun for consume_1_and_2_with_dataset_expressions to None, run_after=None
[2025-04-05T15:26:36.736+0000] {logging_mixin.py:190} INFO - [2025-04-05T15:26:36.736+0000] {dag.py:4180} INFO - Setting next_dagrun for consume_1_or_2_with_dataset_expressions to None, run_after=None
[2025-04-05T15:26:36.737+0000] {logging_mixin.py:190} INFO - [2025-04-05T15:26:36.737+0000] {dag.py:4180} INFO - Setting next_dagrun for consume_1_or_both_2_and_3_with_dataset_expressions to None, run_after=None
[2025-04-05T15:26:36.738+0000] {logging_mixin.py:190} INFO - [2025-04-05T15:26:36.738+0000] {dag.py:4180} INFO - Setting next_dagrun for dataset_consumes_1 to None, run_after=None
[2025-04-05T15:26:36.739+0000] {logging_mixin.py:190} INFO - [2025-04-05T15:26:36.739+0000] {dag.py:4180} INFO - Setting next_dagrun for dataset_consumes_1_and_2 to None, run_after=None
[2025-04-05T15:26:36.740+0000] {logging_mixin.py:190} INFO - [2025-04-05T15:26:36.740+0000] {dag.py:4180} INFO - Setting next_dagrun for dataset_consumes_1_never_scheduled to None, run_after=None
[2025-04-05T15:26:36.741+0000] {logging_mixin.py:190} INFO - [2025-04-05T15:26:36.741+0000] {dag.py:4180} INFO - Setting next_dagrun for dataset_consumes_unknown_never_scheduled to None, run_after=None
[2025-04-05T15:26:36.743+0000] {logging_mixin.py:190} INFO - [2025-04-05T15:26:36.743+0000] {dag.py:4180} INFO - Setting next_dagrun for dataset_produces_1 to 2025-04-04 00:00:00+00:00, run_after=2025-04-05 00:00:00+00:00
[2025-04-05T15:26:36.744+0000] {logging_mixin.py:190} INFO - [2025-04-05T15:26:36.744+0000] {dag.py:4180} INFO - Setting next_dagrun for dataset_produces_2 to None, run_after=None
[2025-04-05T15:26:36.784+0000] {processor.py:208} INFO - Processing /home/airflow/.local/lib/python3.12/site-packages/airflow/example_dags/example_datasets.py took 0.613 seconds
[2025-04-05T15:27:07.401+0000] {processor.py:186} INFO - Started process (PID=1085) to work on /home/airflow/.local/lib/python3.12/site-packages/airflow/example_dags/example_datasets.py
[2025-04-05T15:27:07.402+0000] {processor.py:914} INFO - Processing file /home/airflow/.local/lib/python3.12/site-packages/airflow/example_dags/example_datasets.py for tasks to queue
[2025-04-05T15:27:07.405+0000] {logging_mixin.py:190} INFO - [2025-04-05T15:27:07.405+0000] {dagbag.py:588} INFO - Filling up the DagBag from /home/airflow/.local/lib/python3.12/site-packages/airflow/example_dags/example_datasets.py
[2025-04-05T15:27:07.934+0000] {processor.py:925} INFO - DAG(s) 'dataset_produces_2', 'dataset_consumes_1_and_2', 'dataset_consumes_1', 'dataset_produces_1', 'conditional_dataset_and_time_based_timetable', 'dataset_consumes_1_never_scheduled', 'consume_1_or_2_with_dataset_expressions', 'consume_1_or_both_2_and_3_with_dataset_expressions', 'dataset_consumes_unknown_never_scheduled', 'consume_1_and_2_with_dataset_expressions' retrieved from /home/airflow/.local/lib/python3.12/site-packages/airflow/example_dags/example_datasets.py
[2025-04-05T15:27:07.978+0000] {logging_mixin.py:190} INFO - [2025-04-05T15:27:07.977+0000] {dag.py:3239} INFO - Sync 10 DAGs
[2025-04-05T15:27:08.000+0000] {logging_mixin.py:190} INFO - [2025-04-05T15:27:08.000+0000] {dag.py:4180} INFO - Setting next_dagrun for conditional_dataset_and_time_based_timetable to 2025-04-02 01:00:00+00:00, run_after=2025-04-02 01:00:00+00:00
[2025-04-05T15:27:08.004+0000] {logging_mixin.py:190} INFO - [2025-04-05T15:27:08.004+0000] {dag.py:4180} INFO - Setting next_dagrun for consume_1_and_2_with_dataset_expressions to None, run_after=None
[2025-04-05T15:27:08.006+0000] {logging_mixin.py:190} INFO - [2025-04-05T15:27:08.006+0000] {dag.py:4180} INFO - Setting next_dagrun for consume_1_or_2_with_dataset_expressions to None, run_after=None
[2025-04-05T15:27:08.007+0000] {logging_mixin.py:190} INFO - [2025-04-05T15:27:08.007+0000] {dag.py:4180} INFO - Setting next_dagrun for consume_1_or_both_2_and_3_with_dataset_expressions to None, run_after=None
[2025-04-05T15:27:08.008+0000] {logging_mixin.py:190} INFO - [2025-04-05T15:27:08.008+0000] {dag.py:4180} INFO - Setting next_dagrun for dataset_consumes_1 to None, run_after=None
[2025-04-05T15:27:08.009+0000] {logging_mixin.py:190} INFO - [2025-04-05T15:27:08.009+0000] {dag.py:4180} INFO - Setting next_dagrun for dataset_consumes_1_and_2 to None, run_after=None
[2025-04-05T15:27:08.010+0000] {logging_mixin.py:190} INFO - [2025-04-05T15:27:08.010+0000] {dag.py:4180} INFO - Setting next_dagrun for dataset_consumes_1_never_scheduled to None, run_after=None
[2025-04-05T15:27:08.011+0000] {logging_mixin.py:190} INFO - [2025-04-05T15:27:08.011+0000] {dag.py:4180} INFO - Setting next_dagrun for dataset_consumes_unknown_never_scheduled to None, run_after=None
[2025-04-05T15:27:08.013+0000] {logging_mixin.py:190} INFO - [2025-04-05T15:27:08.012+0000] {dag.py:4180} INFO - Setting next_dagrun for dataset_produces_1 to 2025-04-04 00:00:00+00:00, run_after=2025-04-05 00:00:00+00:00
[2025-04-05T15:27:08.014+0000] {logging_mixin.py:190} INFO - [2025-04-05T15:27:08.013+0000] {dag.py:4180} INFO - Setting next_dagrun for dataset_produces_2 to None, run_after=None
[2025-04-05T15:27:08.051+0000] {processor.py:208} INFO - Processing /home/airflow/.local/lib/python3.12/site-packages/airflow/example_dags/example_datasets.py took 0.657 seconds
[2025-04-05T15:27:38.775+0000] {processor.py:186} INFO - Started process (PID=1148) to work on /home/airflow/.local/lib/python3.12/site-packages/airflow/example_dags/example_datasets.py
[2025-04-05T15:27:38.778+0000] {processor.py:914} INFO - Processing file /home/airflow/.local/lib/python3.12/site-packages/airflow/example_dags/example_datasets.py for tasks to queue
[2025-04-05T15:27:38.780+0000] {logging_mixin.py:190} INFO - [2025-04-05T15:27:38.780+0000] {dagbag.py:588} INFO - Filling up the DagBag from /home/airflow/.local/lib/python3.12/site-packages/airflow/example_dags/example_datasets.py
[2025-04-05T15:27:39.408+0000] {processor.py:925} INFO - DAG(s) 'dataset_consumes_unknown_never_scheduled', 'consume_1_or_2_with_dataset_expressions', 'dataset_produces_1', 'dataset_consumes_1', 'consume_1_or_both_2_and_3_with_dataset_expressions', 'dataset_consumes_1_never_scheduled', 'conditional_dataset_and_time_based_timetable', 'dataset_consumes_1_and_2', 'dataset_produces_2', 'consume_1_and_2_with_dataset_expressions' retrieved from /home/airflow/.local/lib/python3.12/site-packages/airflow/example_dags/example_datasets.py
[2025-04-05T15:27:39.447+0000] {logging_mixin.py:190} INFO - [2025-04-05T15:27:39.447+0000] {dag.py:3239} INFO - Sync 10 DAGs
[2025-04-05T15:27:39.474+0000] {logging_mixin.py:190} INFO - [2025-04-05T15:27:39.473+0000] {dag.py:4180} INFO - Setting next_dagrun for conditional_dataset_and_time_based_timetable to 2025-04-02 01:00:00+00:00, run_after=2025-04-02 01:00:00+00:00
[2025-04-05T15:27:39.477+0000] {logging_mixin.py:190} INFO - [2025-04-05T15:27:39.477+0000] {dag.py:4180} INFO - Setting next_dagrun for consume_1_and_2_with_dataset_expressions to None, run_after=None
[2025-04-05T15:27:39.479+0000] {logging_mixin.py:190} INFO - [2025-04-05T15:27:39.479+0000] {dag.py:4180} INFO - Setting next_dagrun for consume_1_or_2_with_dataset_expressions to None, run_after=None
[2025-04-05T15:27:39.480+0000] {logging_mixin.py:190} INFO - [2025-04-05T15:27:39.480+0000] {dag.py:4180} INFO - Setting next_dagrun for consume_1_or_both_2_and_3_with_dataset_expressions to None, run_after=None
[2025-04-05T15:27:39.481+0000] {logging_mixin.py:190} INFO - [2025-04-05T15:27:39.481+0000] {dag.py:4180} INFO - Setting next_dagrun for dataset_consumes_1 to None, run_after=None
[2025-04-05T15:27:39.482+0000] {logging_mixin.py:190} INFO - [2025-04-05T15:27:39.482+0000] {dag.py:4180} INFO - Setting next_dagrun for dataset_consumes_1_and_2 to None, run_after=None
[2025-04-05T15:27:39.483+0000] {logging_mixin.py:190} INFO - [2025-04-05T15:27:39.483+0000] {dag.py:4180} INFO - Setting next_dagrun for dataset_consumes_1_never_scheduled to None, run_after=None
[2025-04-05T15:27:39.484+0000] {logging_mixin.py:190} INFO - [2025-04-05T15:27:39.484+0000] {dag.py:4180} INFO - Setting next_dagrun for dataset_consumes_unknown_never_scheduled to None, run_after=None
[2025-04-05T15:27:39.487+0000] {logging_mixin.py:190} INFO - [2025-04-05T15:27:39.486+0000] {dag.py:4180} INFO - Setting next_dagrun for dataset_produces_1 to 2025-04-04 00:00:00+00:00, run_after=2025-04-05 00:00:00+00:00
[2025-04-05T15:27:39.488+0000] {logging_mixin.py:190} INFO - [2025-04-05T15:27:39.488+0000] {dag.py:4180} INFO - Setting next_dagrun for dataset_produces_2 to None, run_after=None
[2025-04-05T15:27:39.519+0000] {processor.py:208} INFO - Processing /home/airflow/.local/lib/python3.12/site-packages/airflow/example_dags/example_datasets.py took 0.752 seconds
[2025-04-05T15:28:09.848+0000] {processor.py:186} INFO - Started process (PID=1211) to work on /home/airflow/.local/lib/python3.12/site-packages/airflow/example_dags/example_datasets.py
[2025-04-05T15:28:09.852+0000] {processor.py:914} INFO - Processing file /home/airflow/.local/lib/python3.12/site-packages/airflow/example_dags/example_datasets.py for tasks to queue
[2025-04-05T15:28:09.857+0000] {logging_mixin.py:190} INFO - [2025-04-05T15:28:09.857+0000] {dagbag.py:588} INFO - Filling up the DagBag from /home/airflow/.local/lib/python3.12/site-packages/airflow/example_dags/example_datasets.py
[2025-04-05T15:28:10.518+0000] {processor.py:925} INFO - DAG(s) 'consume_1_or_both_2_and_3_with_dataset_expressions', 'dataset_consumes_1', 'conditional_dataset_and_time_based_timetable', 'consume_1_or_2_with_dataset_expressions', 'dataset_produces_2', 'dataset_consumes_unknown_never_scheduled', 'consume_1_and_2_with_dataset_expressions', 'dataset_consumes_1_and_2', 'dataset_consumes_1_never_scheduled', 'dataset_produces_1' retrieved from /home/airflow/.local/lib/python3.12/site-packages/airflow/example_dags/example_datasets.py
[2025-04-05T15:28:10.566+0000] {logging_mixin.py:190} INFO - [2025-04-05T15:28:10.566+0000] {dag.py:3239} INFO - Sync 10 DAGs
[2025-04-05T15:28:10.590+0000] {logging_mixin.py:190} INFO - [2025-04-05T15:28:10.590+0000] {dag.py:4180} INFO - Setting next_dagrun for conditional_dataset_and_time_based_timetable to 2025-04-02 01:00:00+00:00, run_after=2025-04-02 01:00:00+00:00
[2025-04-05T15:28:10.594+0000] {logging_mixin.py:190} INFO - [2025-04-05T15:28:10.594+0000] {dag.py:4180} INFO - Setting next_dagrun for consume_1_and_2_with_dataset_expressions to None, run_after=None
[2025-04-05T15:28:10.596+0000] {logging_mixin.py:190} INFO - [2025-04-05T15:28:10.596+0000] {dag.py:4180} INFO - Setting next_dagrun for consume_1_or_2_with_dataset_expressions to None, run_after=None
[2025-04-05T15:28:10.598+0000] {logging_mixin.py:190} INFO - [2025-04-05T15:28:10.598+0000] {dag.py:4180} INFO - Setting next_dagrun for consume_1_or_both_2_and_3_with_dataset_expressions to None, run_after=None
[2025-04-05T15:28:10.600+0000] {logging_mixin.py:190} INFO - [2025-04-05T15:28:10.599+0000] {dag.py:4180} INFO - Setting next_dagrun for dataset_consumes_1 to None, run_after=None
[2025-04-05T15:28:10.602+0000] {logging_mixin.py:190} INFO - [2025-04-05T15:28:10.602+0000] {dag.py:4180} INFO - Setting next_dagrun for dataset_consumes_1_and_2 to None, run_after=None
[2025-04-05T15:28:10.604+0000] {logging_mixin.py:190} INFO - [2025-04-05T15:28:10.603+0000] {dag.py:4180} INFO - Setting next_dagrun for dataset_consumes_1_never_scheduled to None, run_after=None
[2025-04-05T15:28:10.605+0000] {logging_mixin.py:190} INFO - [2025-04-05T15:28:10.605+0000] {dag.py:4180} INFO - Setting next_dagrun for dataset_consumes_unknown_never_scheduled to None, run_after=None
[2025-04-05T15:28:10.607+0000] {logging_mixin.py:190} INFO - [2025-04-05T15:28:10.607+0000] {dag.py:4180} INFO - Setting next_dagrun for dataset_produces_1 to 2025-04-04 00:00:00+00:00, run_after=2025-04-05 00:00:00+00:00
[2025-04-05T15:28:10.609+0000] {logging_mixin.py:190} INFO - [2025-04-05T15:28:10.609+0000] {dag.py:4180} INFO - Setting next_dagrun for dataset_produces_2 to None, run_after=None
[2025-04-05T15:28:10.639+0000] {processor.py:208} INFO - Processing /home/airflow/.local/lib/python3.12/site-packages/airflow/example_dags/example_datasets.py took 0.797 seconds
[2025-04-05T15:28:40.980+0000] {processor.py:186} INFO - Started process (PID=1274) to work on /home/airflow/.local/lib/python3.12/site-packages/airflow/example_dags/example_datasets.py
[2025-04-05T15:28:40.981+0000] {processor.py:914} INFO - Processing file /home/airflow/.local/lib/python3.12/site-packages/airflow/example_dags/example_datasets.py for tasks to queue
[2025-04-05T15:28:40.983+0000] {logging_mixin.py:190} INFO - [2025-04-05T15:28:40.983+0000] {dagbag.py:588} INFO - Filling up the DagBag from /home/airflow/.local/lib/python3.12/site-packages/airflow/example_dags/example_datasets.py
[2025-04-05T15:28:41.520+0000] {processor.py:925} INFO - DAG(s) 'dataset_consumes_1_never_scheduled', 'dataset_consumes_unknown_never_scheduled', 'conditional_dataset_and_time_based_timetable', 'dataset_produces_2', 'dataset_produces_1', 'consume_1_or_2_with_dataset_expressions', 'dataset_consumes_1_and_2', 'consume_1_or_both_2_and_3_with_dataset_expressions', 'consume_1_and_2_with_dataset_expressions', 'dataset_consumes_1' retrieved from /home/airflow/.local/lib/python3.12/site-packages/airflow/example_dags/example_datasets.py
[2025-04-05T15:28:41.576+0000] {logging_mixin.py:190} INFO - [2025-04-05T15:28:41.575+0000] {dag.py:3239} INFO - Sync 10 DAGs
[2025-04-05T15:28:41.607+0000] {logging_mixin.py:190} INFO - [2025-04-05T15:28:41.607+0000] {dag.py:4180} INFO - Setting next_dagrun for conditional_dataset_and_time_based_timetable to 2025-04-02 01:00:00+00:00, run_after=2025-04-02 01:00:00+00:00
[2025-04-05T15:28:41.610+0000] {logging_mixin.py:190} INFO - [2025-04-05T15:28:41.610+0000] {dag.py:4180} INFO - Setting next_dagrun for consume_1_and_2_with_dataset_expressions to None, run_after=None
[2025-04-05T15:28:41.612+0000] {logging_mixin.py:190} INFO - [2025-04-05T15:28:41.612+0000] {dag.py:4180} INFO - Setting next_dagrun for consume_1_or_2_with_dataset_expressions to None, run_after=None
[2025-04-05T15:28:41.613+0000] {logging_mixin.py:190} INFO - [2025-04-05T15:28:41.612+0000] {dag.py:4180} INFO - Setting next_dagrun for consume_1_or_both_2_and_3_with_dataset_expressions to None, run_after=None
[2025-04-05T15:28:41.613+0000] {logging_mixin.py:190} INFO - [2025-04-05T15:28:41.613+0000] {dag.py:4180} INFO - Setting next_dagrun for dataset_consumes_1 to None, run_after=None
[2025-04-05T15:28:41.614+0000] {logging_mixin.py:190} INFO - [2025-04-05T15:28:41.614+0000] {dag.py:4180} INFO - Setting next_dagrun for dataset_consumes_1_and_2 to None, run_after=None
[2025-04-05T15:28:41.615+0000] {logging_mixin.py:190} INFO - [2025-04-05T15:28:41.615+0000] {dag.py:4180} INFO - Setting next_dagrun for dataset_consumes_1_never_scheduled to None, run_after=None
[2025-04-05T15:28:41.616+0000] {logging_mixin.py:190} INFO - [2025-04-05T15:28:41.616+0000] {dag.py:4180} INFO - Setting next_dagrun for dataset_consumes_unknown_never_scheduled to None, run_after=None
[2025-04-05T15:28:41.618+0000] {logging_mixin.py:190} INFO - [2025-04-05T15:28:41.618+0000] {dag.py:4180} INFO - Setting next_dagrun for dataset_produces_1 to 2025-04-04 00:00:00+00:00, run_after=2025-04-05 00:00:00+00:00
[2025-04-05T15:28:41.619+0000] {logging_mixin.py:190} INFO - [2025-04-05T15:28:41.619+0000] {dag.py:4180} INFO - Setting next_dagrun for dataset_produces_2 to None, run_after=None
[2025-04-05T15:28:41.650+0000] {processor.py:208} INFO - Processing /home/airflow/.local/lib/python3.12/site-packages/airflow/example_dags/example_datasets.py took 0.676 seconds
[2025-04-05T15:29:11.869+0000] {processor.py:186} INFO - Started process (PID=1337) to work on /home/airflow/.local/lib/python3.12/site-packages/airflow/example_dags/example_datasets.py
[2025-04-05T15:29:11.870+0000] {processor.py:914} INFO - Processing file /home/airflow/.local/lib/python3.12/site-packages/airflow/example_dags/example_datasets.py for tasks to queue
[2025-04-05T15:29:11.872+0000] {logging_mixin.py:190} INFO - [2025-04-05T15:29:11.872+0000] {dagbag.py:588} INFO - Filling up the DagBag from /home/airflow/.local/lib/python3.12/site-packages/airflow/example_dags/example_datasets.py
[2025-04-05T15:29:12.462+0000] {processor.py:925} INFO - DAG(s) 'dataset_consumes_1_and_2', 'dataset_consumes_1', 'dataset_produces_2', 'consume_1_or_2_with_dataset_expressions', 'dataset_produces_1', 'conditional_dataset_and_time_based_timetable', 'dataset_consumes_1_never_scheduled', 'consume_1_and_2_with_dataset_expressions', 'consume_1_or_both_2_and_3_with_dataset_expressions', 'dataset_consumes_unknown_never_scheduled' retrieved from /home/airflow/.local/lib/python3.12/site-packages/airflow/example_dags/example_datasets.py
[2025-04-05T15:29:12.500+0000] {logging_mixin.py:190} INFO - [2025-04-05T15:29:12.500+0000] {dag.py:3239} INFO - Sync 10 DAGs
[2025-04-05T15:29:12.524+0000] {logging_mixin.py:190} INFO - [2025-04-05T15:29:12.524+0000] {dag.py:4180} INFO - Setting next_dagrun for conditional_dataset_and_time_based_timetable to 2025-04-02 01:00:00+00:00, run_after=2025-04-02 01:00:00+00:00
[2025-04-05T15:29:12.529+0000] {logging_mixin.py:190} INFO - [2025-04-05T15:29:12.529+0000] {dag.py:4180} INFO - Setting next_dagrun for consume_1_and_2_with_dataset_expressions to None, run_after=None
[2025-04-05T15:29:12.531+0000] {logging_mixin.py:190} INFO - [2025-04-05T15:29:12.530+0000] {dag.py:4180} INFO - Setting next_dagrun for consume_1_or_2_with_dataset_expressions to None, run_after=None
[2025-04-05T15:29:12.532+0000] {logging_mixin.py:190} INFO - [2025-04-05T15:29:12.532+0000] {dag.py:4180} INFO - Setting next_dagrun for consume_1_or_both_2_and_3_with_dataset_expressions to None, run_after=None
[2025-04-05T15:29:12.534+0000] {logging_mixin.py:190} INFO - [2025-04-05T15:29:12.533+0000] {dag.py:4180} INFO - Setting next_dagrun for dataset_consumes_1 to None, run_after=None
[2025-04-05T15:29:12.535+0000] {logging_mixin.py:190} INFO - [2025-04-05T15:29:12.535+0000] {dag.py:4180} INFO - Setting next_dagrun for dataset_consumes_1_and_2 to None, run_after=None
[2025-04-05T15:29:12.536+0000] {logging_mixin.py:190} INFO - [2025-04-05T15:29:12.536+0000] {dag.py:4180} INFO - Setting next_dagrun for dataset_consumes_1_never_scheduled to None, run_after=None
[2025-04-05T15:29:12.537+0000] {logging_mixin.py:190} INFO - [2025-04-05T15:29:12.536+0000] {dag.py:4180} INFO - Setting next_dagrun for dataset_consumes_unknown_never_scheduled to None, run_after=None
[2025-04-05T15:29:12.539+0000] {logging_mixin.py:190} INFO - [2025-04-05T15:29:12.539+0000] {dag.py:4180} INFO - Setting next_dagrun for dataset_produces_1 to 2025-04-04 00:00:00+00:00, run_after=2025-04-05 00:00:00+00:00
[2025-04-05T15:29:12.543+0000] {logging_mixin.py:190} INFO - [2025-04-05T15:29:12.541+0000] {dag.py:4180} INFO - Setting next_dagrun for dataset_produces_2 to None, run_after=None
[2025-04-05T15:29:12.583+0000] {processor.py:208} INFO - Processing /home/airflow/.local/lib/python3.12/site-packages/airflow/example_dags/example_datasets.py took 0.721 seconds
[2025-04-05T15:29:42.789+0000] {processor.py:186} INFO - Started process (PID=1400) to work on /home/airflow/.local/lib/python3.12/site-packages/airflow/example_dags/example_datasets.py
[2025-04-05T15:29:42.802+0000] {processor.py:914} INFO - Processing file /home/airflow/.local/lib/python3.12/site-packages/airflow/example_dags/example_datasets.py for tasks to queue
[2025-04-05T15:29:42.805+0000] {logging_mixin.py:190} INFO - [2025-04-05T15:29:42.805+0000] {dagbag.py:588} INFO - Filling up the DagBag from /home/airflow/.local/lib/python3.12/site-packages/airflow/example_dags/example_datasets.py
[2025-04-05T15:29:43.307+0000] {processor.py:925} INFO - DAG(s) 'consume_1_and_2_with_dataset_expressions', 'dataset_produces_2', 'dataset_produces_1', 'conditional_dataset_and_time_based_timetable', 'dataset_consumes_unknown_never_scheduled', 'consume_1_or_both_2_and_3_with_dataset_expressions', 'dataset_consumes_1', 'dataset_consumes_1_and_2', 'dataset_consumes_1_never_scheduled', 'consume_1_or_2_with_dataset_expressions' retrieved from /home/airflow/.local/lib/python3.12/site-packages/airflow/example_dags/example_datasets.py
[2025-04-05T15:29:43.350+0000] {logging_mixin.py:190} INFO - [2025-04-05T15:29:43.350+0000] {dag.py:3239} INFO - Sync 10 DAGs
[2025-04-05T15:29:43.372+0000] {logging_mixin.py:190} INFO - [2025-04-05T15:29:43.372+0000] {dag.py:4180} INFO - Setting next_dagrun for conditional_dataset_and_time_based_timetable to 2025-04-02 01:00:00+00:00, run_after=2025-04-02 01:00:00+00:00
[2025-04-05T15:29:43.378+0000] {logging_mixin.py:190} INFO - [2025-04-05T15:29:43.377+0000] {dag.py:4180} INFO - Setting next_dagrun for consume_1_and_2_with_dataset_expressions to None, run_after=None
[2025-04-05T15:29:43.379+0000] {logging_mixin.py:190} INFO - [2025-04-05T15:29:43.379+0000] {dag.py:4180} INFO - Setting next_dagrun for consume_1_or_2_with_dataset_expressions to None, run_after=None
[2025-04-05T15:29:43.381+0000] {logging_mixin.py:190} INFO - [2025-04-05T15:29:43.381+0000] {dag.py:4180} INFO - Setting next_dagrun for consume_1_or_both_2_and_3_with_dataset_expressions to None, run_after=None
[2025-04-05T15:29:43.383+0000] {logging_mixin.py:190} INFO - [2025-04-05T15:29:43.382+0000] {dag.py:4180} INFO - Setting next_dagrun for dataset_consumes_1 to None, run_after=None
[2025-04-05T15:29:43.384+0000] {logging_mixin.py:190} INFO - [2025-04-05T15:29:43.384+0000] {dag.py:4180} INFO - Setting next_dagrun for dataset_consumes_1_and_2 to None, run_after=None
[2025-04-05T15:29:43.386+0000] {logging_mixin.py:190} INFO - [2025-04-05T15:29:43.385+0000] {dag.py:4180} INFO - Setting next_dagrun for dataset_consumes_1_never_scheduled to None, run_after=None
[2025-04-05T15:29:43.387+0000] {logging_mixin.py:190} INFO - [2025-04-05T15:29:43.387+0000] {dag.py:4180} INFO - Setting next_dagrun for dataset_consumes_unknown_never_scheduled to None, run_after=None
[2025-04-05T15:29:43.390+0000] {logging_mixin.py:190} INFO - [2025-04-05T15:29:43.389+0000] {dag.py:4180} INFO - Setting next_dagrun for dataset_produces_1 to 2025-04-04 00:00:00+00:00, run_after=2025-04-05 00:00:00+00:00
[2025-04-05T15:29:43.391+0000] {logging_mixin.py:190} INFO - [2025-04-05T15:29:43.391+0000] {dag.py:4180} INFO - Setting next_dagrun for dataset_produces_2 to None, run_after=None
[2025-04-05T15:29:43.427+0000] {processor.py:208} INFO - Processing /home/airflow/.local/lib/python3.12/site-packages/airflow/example_dags/example_datasets.py took 0.644 seconds
[2025-04-05T15:30:13.527+0000] {processor.py:186} INFO - Started process (PID=1464) to work on /home/airflow/.local/lib/python3.12/site-packages/airflow/example_dags/example_datasets.py
[2025-04-05T15:30:13.540+0000] {processor.py:914} INFO - Processing file /home/airflow/.local/lib/python3.12/site-packages/airflow/example_dags/example_datasets.py for tasks to queue
[2025-04-05T15:30:13.542+0000] {logging_mixin.py:190} INFO - [2025-04-05T15:30:13.542+0000] {dagbag.py:588} INFO - Filling up the DagBag from /home/airflow/.local/lib/python3.12/site-packages/airflow/example_dags/example_datasets.py
[2025-04-05T15:30:14.000+0000] {processor.py:925} INFO - DAG(s) 'dataset_produces_2', 'consume_1_or_2_with_dataset_expressions', 'dataset_produces_1', 'conditional_dataset_and_time_based_timetable', 'dataset_consumes_1_never_scheduled', 'consume_1_and_2_with_dataset_expressions', 'dataset_consumes_1_and_2', 'consume_1_or_both_2_and_3_with_dataset_expressions', 'dataset_consumes_1', 'dataset_consumes_unknown_never_scheduled' retrieved from /home/airflow/.local/lib/python3.12/site-packages/airflow/example_dags/example_datasets.py
[2025-04-05T15:30:14.045+0000] {logging_mixin.py:190} INFO - [2025-04-05T15:30:14.045+0000] {dag.py:3239} INFO - Sync 10 DAGs
[2025-04-05T15:30:14.069+0000] {logging_mixin.py:190} INFO - [2025-04-05T15:30:14.069+0000] {dag.py:4180} INFO - Setting next_dagrun for conditional_dataset_and_time_based_timetable to 2025-04-02 01:00:00+00:00, run_after=2025-04-02 01:00:00+00:00
[2025-04-05T15:30:14.073+0000] {logging_mixin.py:190} INFO - [2025-04-05T15:30:14.073+0000] {dag.py:4180} INFO - Setting next_dagrun for consume_1_and_2_with_dataset_expressions to None, run_after=None
[2025-04-05T15:30:14.074+0000] {logging_mixin.py:190} INFO - [2025-04-05T15:30:14.074+0000] {dag.py:4180} INFO - Setting next_dagrun for consume_1_or_2_with_dataset_expressions to None, run_after=None
[2025-04-05T15:30:14.075+0000] {logging_mixin.py:190} INFO - [2025-04-05T15:30:14.075+0000] {dag.py:4180} INFO - Setting next_dagrun for consume_1_or_both_2_and_3_with_dataset_expressions to None, run_after=None
[2025-04-05T15:30:14.076+0000] {logging_mixin.py:190} INFO - [2025-04-05T15:30:14.076+0000] {dag.py:4180} INFO - Setting next_dagrun for dataset_consumes_1 to None, run_after=None
[2025-04-05T15:30:14.077+0000] {logging_mixin.py:190} INFO - [2025-04-05T15:30:14.077+0000] {dag.py:4180} INFO - Setting next_dagrun for dataset_consumes_1_and_2 to None, run_after=None
[2025-04-05T15:30:14.078+0000] {logging_mixin.py:190} INFO - [2025-04-05T15:30:14.078+0000] {dag.py:4180} INFO - Setting next_dagrun for dataset_consumes_1_never_scheduled to None, run_after=None
[2025-04-05T15:30:14.079+0000] {logging_mixin.py:190} INFO - [2025-04-05T15:30:14.079+0000] {dag.py:4180} INFO - Setting next_dagrun for dataset_consumes_unknown_never_scheduled to None, run_after=None
[2025-04-05T15:30:14.081+0000] {logging_mixin.py:190} INFO - [2025-04-05T15:30:14.081+0000] {dag.py:4180} INFO - Setting next_dagrun for dataset_produces_1 to 2025-04-04 00:00:00+00:00, run_after=2025-04-05 00:00:00+00:00
[2025-04-05T15:30:14.082+0000] {logging_mixin.py:190} INFO - [2025-04-05T15:30:14.082+0000] {dag.py:4180} INFO - Setting next_dagrun for dataset_produces_2 to None, run_after=None
[2025-04-05T15:30:14.113+0000] {processor.py:208} INFO - Processing /home/airflow/.local/lib/python3.12/site-packages/airflow/example_dags/example_datasets.py took 0.590 seconds
[2025-04-05T15:30:44.479+0000] {processor.py:186} INFO - Started process (PID=1527) to work on /home/airflow/.local/lib/python3.12/site-packages/airflow/example_dags/example_datasets.py
[2025-04-05T15:30:44.492+0000] {processor.py:914} INFO - Processing file /home/airflow/.local/lib/python3.12/site-packages/airflow/example_dags/example_datasets.py for tasks to queue
[2025-04-05T15:30:44.495+0000] {logging_mixin.py:190} INFO - [2025-04-05T15:30:44.494+0000] {dagbag.py:588} INFO - Filling up the DagBag from /home/airflow/.local/lib/python3.12/site-packages/airflow/example_dags/example_datasets.py
[2025-04-05T15:30:44.997+0000] {processor.py:925} INFO - DAG(s) 'dataset_consumes_unknown_never_scheduled', 'dataset_consumes_1_never_scheduled', 'dataset_produces_1', 'dataset_consumes_1', 'conditional_dataset_and_time_based_timetable', 'consume_1_and_2_with_dataset_expressions', 'consume_1_or_both_2_and_3_with_dataset_expressions', 'dataset_produces_2', 'consume_1_or_2_with_dataset_expressions', 'dataset_consumes_1_and_2' retrieved from /home/airflow/.local/lib/python3.12/site-packages/airflow/example_dags/example_datasets.py
[2025-04-05T15:30:45.038+0000] {logging_mixin.py:190} INFO - [2025-04-05T15:30:45.038+0000] {dag.py:3239} INFO - Sync 10 DAGs
[2025-04-05T15:30:45.066+0000] {logging_mixin.py:190} INFO - [2025-04-05T15:30:45.066+0000] {dag.py:4180} INFO - Setting next_dagrun for conditional_dataset_and_time_based_timetable to 2025-04-02 01:00:00+00:00, run_after=2025-04-02 01:00:00+00:00
[2025-04-05T15:30:45.070+0000] {logging_mixin.py:190} INFO - [2025-04-05T15:30:45.070+0000] {dag.py:4180} INFO - Setting next_dagrun for consume_1_and_2_with_dataset_expressions to None, run_after=None
[2025-04-05T15:30:45.072+0000] {logging_mixin.py:190} INFO - [2025-04-05T15:30:45.071+0000] {dag.py:4180} INFO - Setting next_dagrun for consume_1_or_2_with_dataset_expressions to None, run_after=None
[2025-04-05T15:30:45.073+0000] {logging_mixin.py:190} INFO - [2025-04-05T15:30:45.073+0000] {dag.py:4180} INFO - Setting next_dagrun for consume_1_or_both_2_and_3_with_dataset_expressions to None, run_after=None
[2025-04-05T15:30:45.076+0000] {logging_mixin.py:190} INFO - [2025-04-05T15:30:45.075+0000] {dag.py:4180} INFO - Setting next_dagrun for dataset_consumes_1 to None, run_after=None
[2025-04-05T15:30:45.077+0000] {logging_mixin.py:190} INFO - [2025-04-05T15:30:45.077+0000] {dag.py:4180} INFO - Setting next_dagrun for dataset_consumes_1_and_2 to None, run_after=None
[2025-04-05T15:30:45.078+0000] {logging_mixin.py:190} INFO - [2025-04-05T15:30:45.077+0000] {dag.py:4180} INFO - Setting next_dagrun for dataset_consumes_1_never_scheduled to None, run_after=None
[2025-04-05T15:30:45.078+0000] {logging_mixin.py:190} INFO - [2025-04-05T15:30:45.078+0000] {dag.py:4180} INFO - Setting next_dagrun for dataset_consumes_unknown_never_scheduled to None, run_after=None
[2025-04-05T15:30:45.081+0000] {logging_mixin.py:190} INFO - [2025-04-05T15:30:45.080+0000] {dag.py:4180} INFO - Setting next_dagrun for dataset_produces_1 to 2025-04-04 00:00:00+00:00, run_after=2025-04-05 00:00:00+00:00
[2025-04-05T15:30:45.082+0000] {logging_mixin.py:190} INFO - [2025-04-05T15:30:45.082+0000] {dag.py:4180} INFO - Setting next_dagrun for dataset_produces_2 to None, run_after=None
[2025-04-05T15:30:45.120+0000] {processor.py:208} INFO - Processing /home/airflow/.local/lib/python3.12/site-packages/airflow/example_dags/example_datasets.py took 0.649 seconds
[2025-04-05T15:31:15.323+0000] {processor.py:186} INFO - Started process (PID=1590) to work on /home/airflow/.local/lib/python3.12/site-packages/airflow/example_dags/example_datasets.py
[2025-04-05T15:31:15.337+0000] {processor.py:914} INFO - Processing file /home/airflow/.local/lib/python3.12/site-packages/airflow/example_dags/example_datasets.py for tasks to queue
[2025-04-05T15:31:15.340+0000] {logging_mixin.py:190} INFO - [2025-04-05T15:31:15.339+0000] {dagbag.py:588} INFO - Filling up the DagBag from /home/airflow/.local/lib/python3.12/site-packages/airflow/example_dags/example_datasets.py
[2025-04-05T15:31:15.835+0000] {processor.py:925} INFO - DAG(s) 'dataset_produces_1', 'consume_1_or_both_2_and_3_with_dataset_expressions', 'conditional_dataset_and_time_based_timetable', 'dataset_consumes_1_and_2', 'dataset_produces_2', 'dataset_consumes_1_never_scheduled', 'consume_1_or_2_with_dataset_expressions', 'consume_1_and_2_with_dataset_expressions', 'dataset_consumes_unknown_never_scheduled', 'dataset_consumes_1' retrieved from /home/airflow/.local/lib/python3.12/site-packages/airflow/example_dags/example_datasets.py
[2025-04-05T15:31:15.879+0000] {logging_mixin.py:190} INFO - [2025-04-05T15:31:15.878+0000] {dag.py:3239} INFO - Sync 10 DAGs
[2025-04-05T15:31:15.904+0000] {logging_mixin.py:190} INFO - [2025-04-05T15:31:15.904+0000] {dag.py:4180} INFO - Setting next_dagrun for conditional_dataset_and_time_based_timetable to 2025-04-02 01:00:00+00:00, run_after=2025-04-02 01:00:00+00:00
[2025-04-05T15:31:15.908+0000] {logging_mixin.py:190} INFO - [2025-04-05T15:31:15.908+0000] {dag.py:4180} INFO - Setting next_dagrun for consume_1_and_2_with_dataset_expressions to None, run_after=None
[2025-04-05T15:31:15.909+0000] {logging_mixin.py:190} INFO - [2025-04-05T15:31:15.909+0000] {dag.py:4180} INFO - Setting next_dagrun for consume_1_or_2_with_dataset_expressions to None, run_after=None
[2025-04-05T15:31:15.910+0000] {logging_mixin.py:190} INFO - [2025-04-05T15:31:15.910+0000] {dag.py:4180} INFO - Setting next_dagrun for consume_1_or_both_2_and_3_with_dataset_expressions to None, run_after=None
[2025-04-05T15:31:15.911+0000] {logging_mixin.py:190} INFO - [2025-04-05T15:31:15.911+0000] {dag.py:4180} INFO - Setting next_dagrun for dataset_consumes_1 to None, run_after=None
[2025-04-05T15:31:15.912+0000] {logging_mixin.py:190} INFO - [2025-04-05T15:31:15.912+0000] {dag.py:4180} INFO - Setting next_dagrun for dataset_consumes_1_and_2 to None, run_after=None
[2025-04-05T15:31:15.913+0000] {logging_mixin.py:190} INFO - [2025-04-05T15:31:15.913+0000] {dag.py:4180} INFO - Setting next_dagrun for dataset_consumes_1_never_scheduled to None, run_after=None
[2025-04-05T15:31:15.914+0000] {logging_mixin.py:190} INFO - [2025-04-05T15:31:15.914+0000] {dag.py:4180} INFO - Setting next_dagrun for dataset_consumes_unknown_never_scheduled to None, run_after=None
[2025-04-05T15:31:15.916+0000] {logging_mixin.py:190} INFO - [2025-04-05T15:31:15.916+0000] {dag.py:4180} INFO - Setting next_dagrun for dataset_produces_1 to 2025-04-04 00:00:00+00:00, run_after=2025-04-05 00:00:00+00:00
[2025-04-05T15:31:15.918+0000] {logging_mixin.py:190} INFO - [2025-04-05T15:31:15.918+0000] {dag.py:4180} INFO - Setting next_dagrun for dataset_produces_2 to None, run_after=None
[2025-04-05T15:31:15.959+0000] {processor.py:208} INFO - Processing /home/airflow/.local/lib/python3.12/site-packages/airflow/example_dags/example_datasets.py took 0.649 seconds
[2025-04-05T15:31:46.585+0000] {processor.py:186} INFO - Started process (PID=1653) to work on /home/airflow/.local/lib/python3.12/site-packages/airflow/example_dags/example_datasets.py
[2025-04-05T15:31:46.587+0000] {processor.py:914} INFO - Processing file /home/airflow/.local/lib/python3.12/site-packages/airflow/example_dags/example_datasets.py for tasks to queue
[2025-04-05T15:31:46.589+0000] {logging_mixin.py:190} INFO - [2025-04-05T15:31:46.589+0000] {dagbag.py:588} INFO - Filling up the DagBag from /home/airflow/.local/lib/python3.12/site-packages/airflow/example_dags/example_datasets.py
[2025-04-05T15:31:47.107+0000] {processor.py:925} INFO - DAG(s) 'dataset_produces_2', 'consume_1_and_2_with_dataset_expressions', 'dataset_produces_1', 'consume_1_or_both_2_and_3_with_dataset_expressions', 'conditional_dataset_and_time_based_timetable', 'dataset_consumes_1_never_scheduled', 'dataset_consumes_1_and_2', 'consume_1_or_2_with_dataset_expressions', 'dataset_consumes_1', 'dataset_consumes_unknown_never_scheduled' retrieved from /home/airflow/.local/lib/python3.12/site-packages/airflow/example_dags/example_datasets.py
[2025-04-05T15:31:47.152+0000] {logging_mixin.py:190} INFO - [2025-04-05T15:31:47.152+0000] {dag.py:3239} INFO - Sync 10 DAGs
[2025-04-05T15:31:47.178+0000] {logging_mixin.py:190} INFO - [2025-04-05T15:31:47.178+0000] {dag.py:4180} INFO - Setting next_dagrun for conditional_dataset_and_time_based_timetable to 2025-04-02 01:00:00+00:00, run_after=2025-04-02 01:00:00+00:00
[2025-04-05T15:31:47.181+0000] {logging_mixin.py:190} INFO - [2025-04-05T15:31:47.181+0000] {dag.py:4180} INFO - Setting next_dagrun for consume_1_and_2_with_dataset_expressions to None, run_after=None
[2025-04-05T15:31:47.182+0000] {logging_mixin.py:190} INFO - [2025-04-05T15:31:47.182+0000] {dag.py:4180} INFO - Setting next_dagrun for consume_1_or_2_with_dataset_expressions to None, run_after=None
[2025-04-05T15:31:47.183+0000] {logging_mixin.py:190} INFO - [2025-04-05T15:31:47.183+0000] {dag.py:4180} INFO - Setting next_dagrun for consume_1_or_both_2_and_3_with_dataset_expressions to None, run_after=None
[2025-04-05T15:31:47.185+0000] {logging_mixin.py:190} INFO - [2025-04-05T15:31:47.184+0000] {dag.py:4180} INFO - Setting next_dagrun for dataset_consumes_1 to None, run_after=None
[2025-04-05T15:31:47.186+0000] {logging_mixin.py:190} INFO - [2025-04-05T15:31:47.186+0000] {dag.py:4180} INFO - Setting next_dagrun for dataset_consumes_1_and_2 to None, run_after=None
[2025-04-05T15:31:47.188+0000] {logging_mixin.py:190} INFO - [2025-04-05T15:31:47.187+0000] {dag.py:4180} INFO - Setting next_dagrun for dataset_consumes_1_never_scheduled to None, run_after=None
[2025-04-05T15:31:47.189+0000] {logging_mixin.py:190} INFO - [2025-04-05T15:31:47.189+0000] {dag.py:4180} INFO - Setting next_dagrun for dataset_consumes_unknown_never_scheduled to None, run_after=None
[2025-04-05T15:31:47.192+0000] {logging_mixin.py:190} INFO - [2025-04-05T15:31:47.192+0000] {dag.py:4180} INFO - Setting next_dagrun for dataset_produces_1 to 2025-04-04 00:00:00+00:00, run_after=2025-04-05 00:00:00+00:00
[2025-04-05T15:31:47.193+0000] {logging_mixin.py:190} INFO - [2025-04-05T15:31:47.193+0000] {dag.py:4180} INFO - Setting next_dagrun for dataset_produces_2 to None, run_after=None
[2025-04-05T15:31:47.225+0000] {processor.py:208} INFO - Processing /home/airflow/.local/lib/python3.12/site-packages/airflow/example_dags/example_datasets.py took 0.645 seconds
[2025-04-05T15:32:17.472+0000] {processor.py:186} INFO - Started process (PID=1716) to work on /home/airflow/.local/lib/python3.12/site-packages/airflow/example_dags/example_datasets.py
[2025-04-05T15:32:17.474+0000] {processor.py:914} INFO - Processing file /home/airflow/.local/lib/python3.12/site-packages/airflow/example_dags/example_datasets.py for tasks to queue
[2025-04-05T15:32:17.478+0000] {logging_mixin.py:190} INFO - [2025-04-05T15:32:17.477+0000] {dagbag.py:588} INFO - Filling up the DagBag from /home/airflow/.local/lib/python3.12/site-packages/airflow/example_dags/example_datasets.py
[2025-04-05T15:32:18.001+0000] {processor.py:925} INFO - DAG(s) 'dataset_produces_2', 'consume_1_and_2_with_dataset_expressions', 'consume_1_or_both_2_and_3_with_dataset_expressions', 'conditional_dataset_and_time_based_timetable', 'dataset_consumes_1_and_2', 'dataset_consumes_unknown_never_scheduled', 'dataset_produces_1', 'dataset_consumes_1', 'dataset_consumes_1_never_scheduled', 'consume_1_or_2_with_dataset_expressions' retrieved from /home/airflow/.local/lib/python3.12/site-packages/airflow/example_dags/example_datasets.py
[2025-04-05T15:32:18.048+0000] {logging_mixin.py:190} INFO - [2025-04-05T15:32:18.048+0000] {dag.py:3239} INFO - Sync 10 DAGs
[2025-04-05T15:32:18.077+0000] {logging_mixin.py:190} INFO - [2025-04-05T15:32:18.076+0000] {dag.py:4180} INFO - Setting next_dagrun for conditional_dataset_and_time_based_timetable to 2025-04-02 01:00:00+00:00, run_after=2025-04-02 01:00:00+00:00
[2025-04-05T15:32:18.082+0000] {logging_mixin.py:190} INFO - [2025-04-05T15:32:18.081+0000] {dag.py:4180} INFO - Setting next_dagrun for consume_1_and_2_with_dataset_expressions to None, run_after=None
[2025-04-05T15:32:18.084+0000] {logging_mixin.py:190} INFO - [2025-04-05T15:32:18.084+0000] {dag.py:4180} INFO - Setting next_dagrun for consume_1_or_2_with_dataset_expressions to None, run_after=None
[2025-04-05T15:32:18.085+0000] {logging_mixin.py:190} INFO - [2025-04-05T15:32:18.085+0000] {dag.py:4180} INFO - Setting next_dagrun for consume_1_or_both_2_and_3_with_dataset_expressions to None, run_after=None
[2025-04-05T15:32:18.086+0000] {logging_mixin.py:190} INFO - [2025-04-05T15:32:18.086+0000] {dag.py:4180} INFO - Setting next_dagrun for dataset_consumes_1 to None, run_after=None
[2025-04-05T15:32:18.087+0000] {logging_mixin.py:190} INFO - [2025-04-05T15:32:18.087+0000] {dag.py:4180} INFO - Setting next_dagrun for dataset_consumes_1_and_2 to None, run_after=None
[2025-04-05T15:32:18.088+0000] {logging_mixin.py:190} INFO - [2025-04-05T15:32:18.088+0000] {dag.py:4180} INFO - Setting next_dagrun for dataset_consumes_1_never_scheduled to None, run_after=None
[2025-04-05T15:32:18.090+0000] {logging_mixin.py:190} INFO - [2025-04-05T15:32:18.089+0000] {dag.py:4180} INFO - Setting next_dagrun for dataset_consumes_unknown_never_scheduled to None, run_after=None
[2025-04-05T15:32:18.093+0000] {logging_mixin.py:190} INFO - [2025-04-05T15:32:18.093+0000] {dag.py:4180} INFO - Setting next_dagrun for dataset_produces_1 to 2025-04-04 00:00:00+00:00, run_after=2025-04-05 00:00:00+00:00
[2025-04-05T15:32:18.096+0000] {logging_mixin.py:190} INFO - [2025-04-05T15:32:18.095+0000] {dag.py:4180} INFO - Setting next_dagrun for dataset_produces_2 to None, run_after=None
[2025-04-05T15:32:18.144+0000] {processor.py:208} INFO - Processing /home/airflow/.local/lib/python3.12/site-packages/airflow/example_dags/example_datasets.py took 0.677 seconds
[2025-04-05T15:32:48.418+0000] {processor.py:186} INFO - Started process (PID=1779) to work on /home/airflow/.local/lib/python3.12/site-packages/airflow/example_dags/example_datasets.py
[2025-04-05T15:32:48.432+0000] {processor.py:914} INFO - Processing file /home/airflow/.local/lib/python3.12/site-packages/airflow/example_dags/example_datasets.py for tasks to queue
[2025-04-05T15:32:48.434+0000] {logging_mixin.py:190} INFO - [2025-04-05T15:32:48.434+0000] {dagbag.py:588} INFO - Filling up the DagBag from /home/airflow/.local/lib/python3.12/site-packages/airflow/example_dags/example_datasets.py
[2025-04-05T15:32:48.928+0000] {processor.py:925} INFO - DAG(s) 'consume_1_or_both_2_and_3_with_dataset_expressions', 'consume_1_and_2_with_dataset_expressions', 'dataset_produces_1', 'conditional_dataset_and_time_based_timetable', 'dataset_consumes_1_never_scheduled', 'dataset_consumes_unknown_never_scheduled', 'dataset_consumes_1', 'dataset_consumes_1_and_2', 'consume_1_or_2_with_dataset_expressions', 'dataset_produces_2' retrieved from /home/airflow/.local/lib/python3.12/site-packages/airflow/example_dags/example_datasets.py
[2025-04-05T15:32:48.969+0000] {logging_mixin.py:190} INFO - [2025-04-05T15:32:48.969+0000] {dag.py:3239} INFO - Sync 10 DAGs
[2025-04-05T15:32:48.992+0000] {logging_mixin.py:190} INFO - [2025-04-05T15:32:48.992+0000] {dag.py:4180} INFO - Setting next_dagrun for conditional_dataset_and_time_based_timetable to 2025-04-02 01:00:00+00:00, run_after=2025-04-02 01:00:00+00:00
[2025-04-05T15:32:48.996+0000] {logging_mixin.py:190} INFO - [2025-04-05T15:32:48.996+0000] {dag.py:4180} INFO - Setting next_dagrun for consume_1_and_2_with_dataset_expressions to None, run_after=None
[2025-04-05T15:32:49.000+0000] {logging_mixin.py:190} INFO - [2025-04-05T15:32:48.999+0000] {dag.py:4180} INFO - Setting next_dagrun for consume_1_or_2_with_dataset_expressions to None, run_after=None
[2025-04-05T15:32:49.001+0000] {logging_mixin.py:190} INFO - [2025-04-05T15:32:49.001+0000] {dag.py:4180} INFO - Setting next_dagrun for consume_1_or_both_2_and_3_with_dataset_expressions to None, run_after=None
[2025-04-05T15:32:49.003+0000] {logging_mixin.py:190} INFO - [2025-04-05T15:32:49.003+0000] {dag.py:4180} INFO - Setting next_dagrun for dataset_consumes_1 to None, run_after=None
[2025-04-05T15:32:49.005+0000] {logging_mixin.py:190} INFO - [2025-04-05T15:32:49.005+0000] {dag.py:4180} INFO - Setting next_dagrun for dataset_consumes_1_and_2 to None, run_after=None
[2025-04-05T15:32:49.006+0000] {logging_mixin.py:190} INFO - [2025-04-05T15:32:49.006+0000] {dag.py:4180} INFO - Setting next_dagrun for dataset_consumes_1_never_scheduled to None, run_after=None
[2025-04-05T15:32:49.008+0000] {logging_mixin.py:190} INFO - [2025-04-05T15:32:49.008+0000] {dag.py:4180} INFO - Setting next_dagrun for dataset_consumes_unknown_never_scheduled to None, run_after=None
[2025-04-05T15:32:49.010+0000] {logging_mixin.py:190} INFO - [2025-04-05T15:32:49.010+0000] {dag.py:4180} INFO - Setting next_dagrun for dataset_produces_1 to 2025-04-04 00:00:00+00:00, run_after=2025-04-05 00:00:00+00:00
[2025-04-05T15:32:49.011+0000] {logging_mixin.py:190} INFO - [2025-04-05T15:32:49.011+0000] {dag.py:4180} INFO - Setting next_dagrun for dataset_produces_2 to None, run_after=None
[2025-04-05T15:32:49.052+0000] {processor.py:208} INFO - Processing /home/airflow/.local/lib/python3.12/site-packages/airflow/example_dags/example_datasets.py took 0.640 seconds
