[2025-04-05T15:19:10.053+0000] {manager.py:483} INFO - Processing files using up to 2 processes at a time 
[2025-04-05T15:19:10.053+0000] {manager.py:484} INFO - Process each file at most once every 30 seconds
[2025-04-05T15:19:10.054+0000] {manager.py:485} INFO - Checking for new files in /opt/airflow/dags every 300 seconds
[2025-04-05T15:19:10.054+0000] {manager.py:821} INFO - Searching for files in /opt/airflow/dags
[2025-04-05T15:19:10.114+0000] {manager.py:824} INFO - There are 57 files in /opt/airflow/dags
[2025-04-05T15:19:10.392+0000] {manager.py:997} INFO - 
================================================================================
DAG File Processing Stats

File Path                                                                                                                            PID  Runtime      # DAGs    # Errors  Last Runtime    Last Run      Last # of DB Queries
---------------------------------------------------------------------------------------------------------------------------------  -----  ---------  --------  ----------  --------------  ----------  ----------------------
/home/airflow/.local/lib/python3.12/site-packages/airflow/example_dags/example_branch_day_of_week_operator.py                         80  0.16s             0           0                                                   0
/home/airflow/.local/lib/python3.12/site-packages/airflow/example_dags/example_inlet_event_extra.py                                   81  0.03s             0           0                                                   0
/home/airflow/.local/lib/python3.12/site-packages/airflow/example_dags/example_bash_decorator.py                                                            0           0                                                   0
/home/airflow/.local/lib/python3.12/site-packages/airflow/example_dags/example_short_circuit_operator.py                                                    0           0                                                   0
/home/airflow/.local/lib/python3.12/site-packages/airflow/example_dags/example_passing_params_via_test_command.py                                           0           0                                                   0
/home/airflow/.local/lib/python3.12/site-packages/airflow/example_dags/example_latest_only_with_trigger.py                                                  0           0                                                   0
/home/airflow/.local/lib/python3.12/site-packages/airflow/example_dags/example_latest_only.py                                                               0           0                                                   0
/home/airflow/.local/lib/python3.12/site-packages/airflow/example_dags/example_nested_branch_dag.py                                                         0           0                                                   0
/home/airflow/.local/lib/python3.12/site-packages/airflow/example_dags/example_setup_teardown_taskflow.py                                                   0           0                                                   0
/home/airflow/.local/lib/python3.12/site-packages/airflow/example_dags/tutorial_objectstorage.py                                                            0           0                                                   0
/home/airflow/.local/lib/python3.12/site-packages/airflow/example_dags/tutorial_taskflow_templates.py                                                       0           0                                                   0
/home/airflow/.local/lib/python3.12/site-packages/airflow/example_dags/example_complex.py                                                                   0           0                                                   0
/home/airflow/.local/lib/python3.12/site-packages/airflow/example_dags/example_sla_dag.py                                                                   0           0                                                   0
/home/airflow/.local/lib/python3.12/site-packages/airflow/example_dags/example_sensor_decorator.py                                                          0           0                                                   0
/home/airflow/.local/lib/python3.12/site-packages/airflow/example_dags/example_short_circuit_decorator.py                                                   0           0                                                   0
/home/airflow/.local/lib/python3.12/site-packages/airflow/example_dags/example_setup_teardown.py                                                            0           0                                                   0
/home/airflow/.local/lib/python3.12/site-packages/airflow/example_dags/example_outlet_event_extra.py                                                        0           0                                                   0
/home/airflow/.local/lib/python3.12/site-packages/airflow/example_dags/example_trigger_target_dag.py                                                        0           0                                                   0
/home/airflow/.local/lib/python3.12/site-packages/airflow/example_dags/example_dag_decorator.py                                                             0           0                                                   0
/home/airflow/.local/lib/python3.12/site-packages/airflow/example_dags/example_skip_dag.py                                                                  0           0                                                   0
/home/airflow/.local/lib/python3.12/site-packages/airflow/example_dags/example_task_group.py                                                                0           0                                                   0
/home/airflow/.local/lib/python3.12/site-packages/airflow/example_dags/example_kubernetes_executor.py                                                       0           0                                                   0
/home/airflow/.local/lib/python3.12/site-packages/airflow/example_dags/example_xcom.py                                                                      0           0                                                   0
/home/airflow/.local/lib/python3.12/site-packages/airflow/example_dags/example_task_group_decorator.py                                                      0           0                                                   0
/home/airflow/.local/lib/python3.12/site-packages/airflow/example_dags/example_branch_operator_decorator.py                                                 0           0                                                   0
/home/airflow/.local/lib/python3.12/site-packages/airflow/example_dags/example_python_decorator.py                                                          0           0                                                   0
/home/airflow/.local/lib/python3.12/site-packages/airflow/example_dags/example_dynamic_task_mapping_with_no_taskflow_operators.py                           0           0                                                   0
/home/airflow/.local/lib/python3.12/site-packages/airflow/example_dags/example_branch_labels.py                                                             0           0                                                   0
/home/airflow/.local/lib/python3.12/site-packages/airflow/example_dags/example_dynamic_task_mapping.py                                                      0           0                                                   0
/home/airflow/.local/lib/python3.12/site-packages/airflow/example_dags/example_bash_operator.py                                                             0           0                                                   0
/home/airflow/.local/lib/python3.12/site-packages/airflow/example_dags/example_branch_datetime_operator.py                                                  0           0                                                   0
/home/airflow/.local/lib/python3.12/site-packages/airflow/example_dags/example_workday_timetable.py                                                         0           0                                                   0
/home/airflow/.local/lib/python3.12/site-packages/airflow/example_dags/example_datasets.py                                                                  0           0                                                   0
/home/airflow/.local/lib/python3.12/site-packages/airflow/example_dags/example_params_ui_tutorial.py                                                        0           0                                                   0
/home/airflow/.local/lib/python3.12/site-packages/airflow/example_dags/tutorial_taskflow_api.py                                                             0           0                                                   0
/home/airflow/.local/lib/python3.12/site-packages/airflow/example_dags/example_sensors.py                                                                   0           0                                                   0
/home/airflow/.local/lib/python3.12/site-packages/airflow/example_dags/example_external_task_marker_dag.py                                                  0           0                                                   0
/home/airflow/.local/lib/python3.12/site-packages/airflow/example_dags/example_trigger_controller_dag.py                                                    0           0                                                   0
/home/airflow/.local/lib/python3.12/site-packages/airflow/example_dags/example_branch_operator.py                                                           0           0                                                   0
/home/airflow/.local/lib/python3.12/site-packages/airflow/example_dags/example_subdag_operator.py                                                           0           0                                                   0
/home/airflow/.local/lib/python3.12/site-packages/airflow/example_dags/tutorial.py                                                                          0           0                                                   0
/home/airflow/.local/lib/python3.12/site-packages/airflow/example_dags/example_params_trigger_ui.py                                                         0           0                                                   0
/home/airflow/.local/lib/python3.12/site-packages/airflow/example_dags/example_branch_python_dop_operator_3.py                                              0           0                                                   0
/home/airflow/.local/lib/python3.12/site-packages/airflow/example_dags/tutorial_dag.py                                                                      0           0                                                   0
/home/airflow/.local/lib/python3.12/site-packages/airflow/example_dags/example_dataset_alias.py                                                             0           0                                                   0
/home/airflow/.local/lib/python3.12/site-packages/airflow/example_dags/example_time_delta_sensor_async.py                                                   0           0                                                   0
/home/airflow/.local/lib/python3.12/site-packages/airflow/example_dags/example_dataset_alias_with_no_taskflow.py                                            0           0                                                   0
/home/airflow/.local/lib/python3.12/site-packages/airflow/example_dags/example_xcomargs.py                                                                  0           0                                                   0
/home/airflow/.local/lib/python3.12/site-packages/airflow/example_dags/tutorial_taskflow_api_virtualenv.py                                                  0           0                                                   0
/home/airflow/.local/lib/python3.12/site-packages/airflow/example_dags/example_python_operator.py                                                           0           0                                                   0
/home/airflow/.local/lib/python3.12/site-packages/airflow/example_dags/example_display_name.py                                                              0           0                                                   0
/home/airflow/.local/lib/python3.12/site-packages/airflow/example_dags/example_local_kubernetes_executor.py                                                 0           0                                                   0
/home/airflow/.local/lib/python3.12/site-packages/airflow/example_dags/plugins/workday.py                                                                   0           0                                                   0
/home/airflow/.local/lib/python3.12/site-packages/airflow/example_dags/plugins/listener_plugin.py                                                           0           0                                                   0
/home/airflow/.local/lib/python3.12/site-packages/airflow/example_dags/plugins/event_listener.py                                                            0           0                                                   0
/home/airflow/.local/lib/python3.12/site-packages/airflow/example_dags/plugins/decreasing_priority_weight_strategy.py                                       0           0                                                   0
/home/airflow/.local/lib/python3.12/site-packages/airflow/example_dags/subdags/subdag.py                                                                    0           0                                                   0
================================================================================
[2025-04-05T15:19:40.584+0000] {manager.py:997} INFO - 
================================================================================
DAG File Processing Stats

File Path                                                                                                                          PID    Runtime      # DAGs    # Errors  Last Runtime    Last Run               Last # of DB Queries
---------------------------------------------------------------------------------------------------------------------------------  -----  ---------  --------  ----------  --------------  -------------------  ----------------------
/home/airflow/.local/lib/python3.12/site-packages/airflow/example_dags/example_inlet_event_extra.py                                                         2           0  3.22s           2025-04-05T15:19:13                      81
/home/airflow/.local/lib/python3.12/site-packages/airflow/example_dags/example_datasets.py                                                                 10           0  1.96s           2025-04-05T15:19:20                     379
/home/airflow/.local/lib/python3.12/site-packages/airflow/example_dags/example_dataset_alias_with_no_taskflow.py                                            4           0  1.52s           2025-04-05T15:19:22                     157
/home/airflow/.local/lib/python3.12/site-packages/airflow/example_dags/example_dataset_alias.py                                                             4           0  1.46s           2025-04-05T15:19:22                     157
/home/airflow/.local/lib/python3.12/site-packages/airflow/example_dags/example_outlet_event_extra.py                                                        3           0  1.07s           2025-04-05T15:19:15                     118
/home/airflow/.local/lib/python3.12/site-packages/airflow/example_dags/example_branch_day_of_week_operator.py                                               1           0  0.89s           2025-04-05T15:19:11                      45
/home/airflow/.local/lib/python3.12/site-packages/airflow/example_dags/example_branch_datetime_operator.py                                                  3           0  0.81s           2025-04-05T15:19:18                     117
/home/airflow/.local/lib/python3.12/site-packages/airflow/example_dags/example_workday_timetable.py                                                         1           0  0.63s           2025-04-05T15:19:18                      45
/home/airflow/.local/lib/python3.12/site-packages/airflow/example_dags/tutorial_taskflow_api.py                                                             1           0  0.60s           2025-04-05T15:19:19                      43
/home/airflow/.local/lib/python3.12/site-packages/airflow/example_dags/example_dag_decorator.py                                                             1           0  0.57s           2025-04-05T15:19:15                      43
/home/airflow/.local/lib/python3.12/site-packages/airflow/example_dags/example_nested_branch_dag.py                                                         1           0  0.49s           2025-04-05T15:19:13                      45
/home/airflow/.local/lib/python3.12/site-packages/airflow/example_dags/example_external_task_marker_dag.py                                                  2           0  0.44s           2025-04-05T15:19:19                      79
/home/airflow/.local/lib/python3.12/site-packages/airflow/example_dags/example_branch_labels.py                                                             1           0  0.40s           2025-04-05T15:19:17                      45
/home/airflow/.local/lib/python3.12/site-packages/airflow/example_dags/example_dynamic_task_mapping_with_no_taskflow_operators.py                           1           0  0.40s           2025-04-05T15:19:17                      43
/home/airflow/.local/lib/python3.12/site-packages/airflow/example_dags/example_setup_teardown_taskflow.py                                                   1           0  0.37s           2025-04-05T15:19:13                      43
/home/airflow/.local/lib/python3.12/site-packages/airflow/example_dags/example_skip_dag.py                                                                  1           0  0.36s           2025-04-05T15:19:15                      45
/home/airflow/.local/lib/python3.12/site-packages/airflow/example_dags/example_branch_operator_decorator.py                                                 1           0  0.35s           2025-04-05T15:19:16                      45
/home/airflow/.local/lib/python3.12/site-packages/airflow/example_dags/tutorial_taskflow_templates.py                                                       1           0  0.35s           2025-04-05T15:19:13                      45
/home/airflow/.local/lib/python3.12/site-packages/airflow/example_dags/example_xcomargs.py                                                                  2           0  0.35s           2025-04-05T15:19:22                      79
/home/airflow/.local/lib/python3.12/site-packages/airflow/example_dags/example_passing_params_via_test_command.py                                           1           0  0.34s           2025-04-05T15:19:12                      45
/home/airflow/.local/lib/python3.12/site-packages/airflow/example_dags/example_task_group.py                                                                1           0  0.34s           2025-04-05T15:19:15                      43
/home/airflow/.local/lib/python3.12/site-packages/airflow/example_dags/tutorial_objectstorage.py                                                            1           0  0.33s           2025-04-05T15:19:13                      43
/home/airflow/.local/lib/python3.12/site-packages/airflow/example_dags/example_complex.py                                                                   1           0  0.33s           2025-04-05T15:19:14                      43
/home/airflow/.local/lib/python3.12/site-packages/airflow/example_dags/example_short_circuit_operator.py                                                    1           0  0.32s           2025-04-05T15:19:11                      43
/home/airflow/.local/lib/python3.12/site-packages/airflow/example_dags/example_sla_dag.py                                                                   1           0  0.32s           2025-04-05T15:19:14                      45
/home/airflow/.local/lib/python3.12/site-packages/airflow/example_dags/example_latest_only.py                                                               1           0  0.31s           2025-04-05T15:19:12                      45
/home/airflow/.local/lib/python3.12/site-packages/airflow/example_dags/example_bash_operator.py                                                             1           0  0.31s           2025-04-05T15:19:17                      45
/home/airflow/.local/lib/python3.12/site-packages/airflow/example_dags/example_python_decorator.py                                                          1           0  0.31s           2025-04-05T15:19:16                      43
/home/airflow/.local/lib/python3.12/site-packages/airflow/example_dags/example_kubernetes_executor.py                                                       1           0  0.30s           2025-04-05T15:19:16                      43
/home/airflow/.local/lib/python3.12/site-packages/airflow/example_dags/example_setup_teardown.py                                                            1           0  0.30s           2025-04-05T15:19:14                      43
/home/airflow/.local/lib/python3.12/site-packages/airflow/example_dags/example_xcom.py                                                                      1           0  0.30s           2025-04-05T15:19:16                      45
/home/airflow/.local/lib/python3.12/site-packages/airflow/example_dags/example_subdag_operator.py                                                           3           0  0.29s           2025-04-05T15:19:20                      53
/home/airflow/.local/lib/python3.12/site-packages/airflow/example_dags/example_sensors.py                                                                   1           0  0.29s           2025-04-05T15:19:19                      43
/home/airflow/.local/lib/python3.12/site-packages/airflow/example_dags/example_latest_only_with_trigger.py                                                  1           0  0.29s           2025-04-05T15:19:12                      45
/home/airflow/.local/lib/python3.12/site-packages/airflow/example_dags/example_branch_operator.py                                                           1           0  0.29s           2025-04-05T15:19:20                      45
/home/airflow/.local/lib/python3.12/site-packages/airflow/example_dags/example_python_operator.py                                                           1           0  0.28s           2025-04-05T15:19:23                      43
/home/airflow/.local/lib/python3.12/site-packages/airflow/example_dags/example_params_ui_tutorial.py                                                        1           0  0.28s           2025-04-05T15:19:18                      43
/home/airflow/.local/lib/python3.12/site-packages/airflow/example_dags/example_dynamic_task_mapping.py                                                      1           0  0.27s           2025-04-05T15:19:17                      43
/home/airflow/.local/lib/python3.12/site-packages/airflow/example_dags/example_bash_decorator.py                                                            1           0  0.27s           2025-04-05T15:19:11                      43
/home/airflow/.local/lib/python3.12/site-packages/airflow/example_dags/example_trigger_target_dag.py                                                        1           0  0.26s           2025-04-05T15:19:15                      43
/home/airflow/.local/lib/python3.12/site-packages/airflow/example_dags/example_sensor_decorator.py                                                          1           0  0.26s           2025-04-05T15:19:14                      43
/home/airflow/.local/lib/python3.12/site-packages/airflow/example_dags/example_short_circuit_decorator.py                                                   1           0  0.26s           2025-04-05T15:19:14                      43
/home/airflow/.local/lib/python3.12/site-packages/airflow/example_dags/example_trigger_controller_dag.py                                                    1           0  0.26s           2025-04-05T15:19:20                      45
/home/airflow/.local/lib/python3.12/site-packages/airflow/example_dags/example_local_kubernetes_executor.py                                                 1           0  0.26s           2025-04-05T15:19:23                      43
/home/airflow/.local/lib/python3.12/site-packages/airflow/example_dags/tutorial.py                                                                          1           0  0.25s           2025-04-05T15:19:20                      45
/home/airflow/.local/lib/python3.12/site-packages/airflow/example_dags/tutorial_taskflow_api_virtualenv.py                                                  1           0  0.25s           2025-04-05T15:19:23                      43
/home/airflow/.local/lib/python3.12/site-packages/airflow/example_dags/example_params_trigger_ui.py                                                         1           0  0.25s           2025-04-05T15:19:20                      43
/home/airflow/.local/lib/python3.12/site-packages/airflow/example_dags/example_branch_python_dop_operator_3.py                                              1           0  0.25s           2025-04-05T15:19:20                      45
/home/airflow/.local/lib/python3.12/site-packages/airflow/example_dags/example_display_name.py                                                              1           0  0.25s           2025-04-05T15:19:23                      43
/home/airflow/.local/lib/python3.12/site-packages/airflow/example_dags/tutorial_dag.py                                                                      1           0  0.25s           2025-04-05T15:19:21                      43
/home/airflow/.local/lib/python3.12/site-packages/airflow/example_dags/example_time_delta_sensor_async.py                                                   1           0  0.23s           2025-04-05T15:19:21                      43
/home/airflow/.local/lib/python3.12/site-packages/airflow/example_dags/example_task_group_decorator.py                                                      1           0  0.22s           2025-04-05T15:19:16                      43
/home/airflow/.local/lib/python3.12/site-packages/airflow/example_dags/plugins/decreasing_priority_weight_strategy.py                                       0           0  0.04s           2025-04-05T15:19:23                       3
/home/airflow/.local/lib/python3.12/site-packages/airflow/example_dags/plugins/workday.py                                                                   0           0  0.04s           2025-04-05T15:19:23                       3
/home/airflow/.local/lib/python3.12/site-packages/airflow/example_dags/plugins/event_listener.py                                                            0           0  0.04s           2025-04-05T15:19:23                       3
/home/airflow/.local/lib/python3.12/site-packages/airflow/example_dags/plugins/listener_plugin.py                                                           0           0  0.04s           2025-04-05T15:19:23                       3
/home/airflow/.local/lib/python3.12/site-packages/airflow/example_dags/subdags/subdag.py                                                                    0           0  0.04s           2025-04-05T15:19:23                       3
================================================================================
[2025-04-05T15:20:10.912+0000] {manager.py:997} INFO - 
================================================================================
DAG File Processing Stats

File Path                                                                                                                          PID    Runtime      # DAGs    # Errors  Last Runtime    Last Run               Last # of DB Queries
---------------------------------------------------------------------------------------------------------------------------------  -----  ---------  --------  ----------  --------------  -------------------  ----------------------
/home/airflow/.local/lib/python3.12/site-packages/airflow/example_dags/example_inlet_event_extra.py                                                         2           0  0.78s           2025-04-05T15:19:44                      15
/home/airflow/.local/lib/python3.12/site-packages/airflow/example_dags/example_datasets.py                                                                 10           0  0.58s           2025-04-05T15:19:51                      49
/home/airflow/.local/lib/python3.12/site-packages/airflow/example_dags/example_dataset_alias_with_no_taskflow.py                                            4           0  0.54s           2025-04-05T15:19:53                      27
/home/airflow/.local/lib/python3.12/site-packages/airflow/example_dags/example_outlet_event_extra.py                                                        3           0  0.53s           2025-04-05T15:19:46                      19
/home/airflow/.local/lib/python3.12/site-packages/airflow/example_dags/example_dataset_alias.py                                                             4           0  0.49s           2025-04-05T15:19:53                      27
/home/airflow/.local/lib/python3.12/site-packages/airflow/example_dags/example_dag_decorator.py                                                             1           0  0.22s           2025-04-05T15:19:46                      32
/home/airflow/.local/lib/python3.12/site-packages/airflow/example_dags/tutorial_taskflow_templates.py                                                       1           0  0.18s           2025-04-05T15:19:44                      12
/home/airflow/.local/lib/python3.12/site-packages/airflow/example_dags/example_workday_timetable.py                                                         1           0  0.13s           2025-04-05T15:19:48                      12
/home/airflow/.local/lib/python3.12/site-packages/airflow/example_dags/example_branch_datetime_operator.py                                                  3           0  0.12s           2025-04-05T15:19:48                      18
/home/airflow/.local/lib/python3.12/site-packages/airflow/example_dags/example_sla_dag.py                                                                   1           0  0.12s           2025-04-05T15:19:44                      12
/home/airflow/.local/lib/python3.12/site-packages/airflow/example_dags/example_branch_day_of_week_operator.py                                               1           0  0.12s           2025-04-05T15:19:41                      12
/home/airflow/.local/lib/python3.12/site-packages/airflow/example_dags/example_branch_operator_decorator.py                                                 1           0  0.11s           2025-04-05T15:19:47                      12
/home/airflow/.local/lib/python3.12/site-packages/airflow/example_dags/example_nested_branch_dag.py                                                         1           0  0.11s           2025-04-05T15:19:43                      12
/home/airflow/.local/lib/python3.12/site-packages/airflow/example_dags/example_subdag_operator.py                                                           3           0  0.11s           2025-04-05T15:19:51                      20
/home/airflow/.local/lib/python3.12/site-packages/airflow/example_dags/example_branch_operator.py                                                           1           0  0.11s           2025-04-05T15:19:51                      12
/home/airflow/.local/lib/python3.12/site-packages/airflow/example_dags/example_bash_decorator.py                                                            1           0  0.10s           2025-04-05T15:19:41                      10
/home/airflow/.local/lib/python3.12/site-packages/airflow/example_dags/example_short_circuit_decorator.py                                                   1           0  0.10s           2025-04-05T15:19:44                      10
/home/airflow/.local/lib/python3.12/site-packages/airflow/example_dags/example_sensor_decorator.py                                                          1           0  0.10s           2025-04-05T15:19:44                      10
/home/airflow/.local/lib/python3.12/site-packages/airflow/example_dags/example_bash_operator.py                                                             1           0  0.10s           2025-04-05T15:19:47                      12
/home/airflow/.local/lib/python3.12/site-packages/airflow/example_dags/example_params_ui_tutorial.py                                                        1           0  0.10s           2025-04-05T15:19:49                      10
/home/airflow/.local/lib/python3.12/site-packages/airflow/example_dags/example_complex.py                                                                   1           0  0.10s           2025-04-05T15:19:44                      10
/home/airflow/.local/lib/python3.12/site-packages/airflow/example_dags/example_python_decorator.py                                                          1           0  0.09s           2025-04-05T15:19:47                      10
/home/airflow/.local/lib/python3.12/site-packages/airflow/example_dags/example_task_group.py                                                                1           0  0.09s           2025-04-05T15:19:46                      10
/home/airflow/.local/lib/python3.12/site-packages/airflow/example_dags/example_setup_teardown.py                                                            1           0  0.09s           2025-04-05T15:19:45                      10
/home/airflow/.local/lib/python3.12/site-packages/airflow/example_dags/example_params_trigger_ui.py                                                         1           0  0.09s           2025-04-05T15:19:51                      10
/home/airflow/.local/lib/python3.12/site-packages/airflow/example_dags/example_passing_params_via_test_command.py                                           1           0  0.09s           2025-04-05T15:19:42                      12
/home/airflow/.local/lib/python3.12/site-packages/airflow/example_dags/example_task_group_decorator.py                                                      1           0  0.09s           2025-04-05T15:19:46                      10
/home/airflow/.local/lib/python3.12/site-packages/airflow/example_dags/example_sensors.py                                                                   1           0  0.09s           2025-04-05T15:19:50                      10
/home/airflow/.local/lib/python3.12/site-packages/airflow/example_dags/example_trigger_controller_dag.py                                                    1           0  0.08s           2025-04-05T15:19:51                      12
/home/airflow/.local/lib/python3.12/site-packages/airflow/example_dags/tutorial_taskflow_api.py                                                             1           0  0.08s           2025-04-05T15:19:50                      10
/home/airflow/.local/lib/python3.12/site-packages/airflow/example_dags/example_xcom.py                                                                      1           0  0.08s           2025-04-05T15:19:46                      12
/home/airflow/.local/lib/python3.12/site-packages/airflow/example_dags/example_branch_labels.py                                                             1           0  0.08s           2025-04-05T15:19:47                      12
/home/airflow/.local/lib/python3.12/site-packages/airflow/example_dags/example_branch_python_dop_operator_3.py                                              1           0  0.08s           2025-04-05T15:19:51                      12
/home/airflow/.local/lib/python3.12/site-packages/airflow/example_dags/tutorial.py                                                                          1           0  0.08s           2025-04-05T15:19:51                      12
/home/airflow/.local/lib/python3.12/site-packages/airflow/example_dags/example_latest_only_with_trigger.py                                                  1           0  0.08s           2025-04-05T15:19:42                      12
/home/airflow/.local/lib/python3.12/site-packages/airflow/example_dags/example_kubernetes_executor.py                                                       1           0  0.08s           2025-04-05T15:19:46                      10
/home/airflow/.local/lib/python3.12/site-packages/airflow/example_dags/example_latest_only.py                                                               1           0  0.08s           2025-04-05T15:19:42                      12
/home/airflow/.local/lib/python3.12/site-packages/airflow/example_dags/example_short_circuit_operator.py                                                    1           0  0.08s           2025-04-05T15:19:42                      10
/home/airflow/.local/lib/python3.12/site-packages/airflow/example_dags/example_python_operator.py                                                           1           0  0.08s           2025-04-05T15:19:53                      10
/home/airflow/.local/lib/python3.12/site-packages/airflow/example_dags/tutorial_taskflow_api_virtualenv.py                                                  1           0  0.08s           2025-04-05T15:19:53                      10
/home/airflow/.local/lib/python3.12/site-packages/airflow/example_dags/example_setup_teardown_taskflow.py                                                   1           0  0.08s           2025-04-05T15:19:44                      10
/home/airflow/.local/lib/python3.12/site-packages/airflow/example_dags/tutorial_objectstorage.py                                                            1           0  0.08s           2025-04-05T15:19:44                      10
/home/airflow/.local/lib/python3.12/site-packages/airflow/example_dags/example_xcomargs.py                                                                  2           0  0.08s           2025-04-05T15:19:53                      13
/home/airflow/.local/lib/python3.12/site-packages/airflow/example_dags/example_external_task_marker_dag.py                                                  2           0  0.08s           2025-04-05T15:19:50                      13
/home/airflow/.local/lib/python3.12/site-packages/airflow/example_dags/example_skip_dag.py                                                                  1           0  0.07s           2025-04-05T15:19:46                      12
/home/airflow/.local/lib/python3.12/site-packages/airflow/example_dags/example_local_kubernetes_executor.py                                                 1           0  0.07s           2025-04-05T15:19:53                      10
/home/airflow/.local/lib/python3.12/site-packages/airflow/example_dags/example_dynamic_task_mapping_with_no_taskflow_operators.py                           1           0  0.07s           2025-04-05T15:19:47                      10
/home/airflow/.local/lib/python3.12/site-packages/airflow/example_dags/example_dynamic_task_mapping.py                                                      1           0  0.07s           2025-04-05T15:19:47                      10
/home/airflow/.local/lib/python3.12/site-packages/airflow/example_dags/example_display_name.py                                                              1           0  0.07s           2025-04-05T15:19:53                      10
/home/airflow/.local/lib/python3.12/site-packages/airflow/example_dags/example_time_delta_sensor_async.py                                                   1           0  0.06s           2025-04-05T15:19:51                      10
/home/airflow/.local/lib/python3.12/site-packages/airflow/example_dags/tutorial_dag.py                                                                      1           0  0.06s           2025-04-05T15:19:51                      10
/home/airflow/.local/lib/python3.12/site-packages/airflow/example_dags/example_trigger_target_dag.py                                                        1           0  0.06s           2025-04-05T15:19:46                      10
/home/airflow/.local/lib/python3.12/site-packages/airflow/example_dags/plugins/workday.py                                                                   0           0  0.03s           2025-04-05T15:19:53                       3
/home/airflow/.local/lib/python3.12/site-packages/airflow/example_dags/plugins/event_listener.py                                                            0           0  0.03s           2025-04-05T15:19:53                       3
/home/airflow/.local/lib/python3.12/site-packages/airflow/example_dags/plugins/decreasing_priority_weight_strategy.py                                       0           0  0.03s           2025-04-05T15:19:53                       3
/home/airflow/.local/lib/python3.12/site-packages/airflow/example_dags/plugins/listener_plugin.py                                                           0           0  0.03s           2025-04-05T15:19:53                       3
/home/airflow/.local/lib/python3.12/site-packages/airflow/example_dags/subdags/subdag.py                                                                    0           0  0.03s           2025-04-05T15:19:53                       3
================================================================================
[2025-04-05T15:20:41.170+0000] {manager.py:997} INFO - 
================================================================================
DAG File Processing Stats

File Path                                                                                                                          PID    Runtime      # DAGs    # Errors  Last Runtime    Last Run               Last # of DB Queries
---------------------------------------------------------------------------------------------------------------------------------  -----  ---------  --------  ----------  --------------  -------------------  ----------------------
/home/airflow/.local/lib/python3.12/site-packages/airflow/example_dags/example_outlet_event_extra.py                                                        3           0  0.90s           2025-04-05T15:20:17                      19
/home/airflow/.local/lib/python3.12/site-packages/airflow/example_dags/example_inlet_event_extra.py                                                         2           0  0.73s           2025-04-05T15:20:15                      15
/home/airflow/.local/lib/python3.12/site-packages/airflow/example_dags/example_datasets.py                                                                 10           0  0.63s           2025-04-05T15:20:22                      49
/home/airflow/.local/lib/python3.12/site-packages/airflow/example_dags/example_dataset_alias.py                                                             4           0  0.59s           2025-04-05T15:20:23                      27
/home/airflow/.local/lib/python3.12/site-packages/airflow/example_dags/example_dataset_alias_with_no_taskflow.py                                            4           0  0.53s           2025-04-05T15:20:24                      27
/home/airflow/.local/lib/python3.12/site-packages/airflow/example_dags/example_dag_decorator.py                                                             1           0  0.34s           2025-04-05T15:20:17                      32
/home/airflow/.local/lib/python3.12/site-packages/airflow/example_dags/example_skip_dag.py                                                                  1           0  0.17s           2025-04-05T15:20:17                      12
/home/airflow/.local/lib/python3.12/site-packages/airflow/example_dags/example_branch_day_of_week_operator.py                                               1           0  0.16s           2025-04-05T15:20:12                      12
/home/airflow/.local/lib/python3.12/site-packages/airflow/example_dags/example_bash_decorator.py                                                            1           0  0.15s           2025-04-05T15:20:12                      10
/home/airflow/.local/lib/python3.12/site-packages/airflow/example_dags/example_kubernetes_executor.py                                                       1           0  0.13s           2025-04-05T15:20:17                      10
/home/airflow/.local/lib/python3.12/site-packages/airflow/example_dags/example_passing_params_via_test_command.py                                           1           0  0.12s           2025-04-05T15:20:13                      12
/home/airflow/.local/lib/python3.12/site-packages/airflow/example_dags/example_bash_operator.py                                                             1           0  0.11s           2025-04-05T15:20:18                      12
/home/airflow/.local/lib/python3.12/site-packages/airflow/example_dags/example_time_delta_sensor_async.py                                                   1           0  0.11s           2025-04-05T15:20:21                      10
/home/airflow/.local/lib/python3.12/site-packages/airflow/example_dags/example_short_circuit_operator.py                                                    1           0  0.11s           2025-04-05T15:20:13                      10
/home/airflow/.local/lib/python3.12/site-packages/airflow/example_dags/example_workday_timetable.py                                                         1           0  0.11s           2025-04-05T15:20:19                      12
/home/airflow/.local/lib/python3.12/site-packages/airflow/example_dags/example_branch_operator_decorator.py                                                 1           0  0.11s           2025-04-05T15:20:17                      12
/home/airflow/.local/lib/python3.12/site-packages/airflow/example_dags/example_trigger_target_dag.py                                                        1           0  0.10s           2025-04-05T15:20:16                      10
/home/airflow/.local/lib/python3.12/site-packages/airflow/example_dags/example_task_group.py                                                                1           0  0.10s           2025-04-05T15:20:17                      10
/home/airflow/.local/lib/python3.12/site-packages/airflow/example_dags/tutorial_taskflow_templates.py                                                       1           0  0.10s           2025-04-05T15:20:14                      12
/home/airflow/.local/lib/python3.12/site-packages/airflow/example_dags/example_sla_dag.py                                                                   1           0  0.10s           2025-04-05T15:20:14                      12
/home/airflow/.local/lib/python3.12/site-packages/airflow/example_dags/example_branch_datetime_operator.py                                                  3           0  0.10s           2025-04-05T15:20:19                      18
/home/airflow/.local/lib/python3.12/site-packages/airflow/example_dags/example_xcomargs.py                                                                  2           0  0.10s           2025-04-05T15:20:23                      13
/home/airflow/.local/lib/python3.12/site-packages/airflow/example_dags/example_subdag_operator.py                                                           3           0  0.10s           2025-04-05T15:20:21                      20
/home/airflow/.local/lib/python3.12/site-packages/airflow/example_dags/example_nested_branch_dag.py                                                         1           0  0.10s           2025-04-05T15:20:14                      12
/home/airflow/.local/lib/python3.12/site-packages/airflow/example_dags/example_complex.py                                                                   1           0  0.10s           2025-04-05T15:20:14                      10
/home/airflow/.local/lib/python3.12/site-packages/airflow/example_dags/example_params_trigger_ui.py                                                         1           0  0.09s           2025-04-05T15:20:21                      10
/home/airflow/.local/lib/python3.12/site-packages/airflow/example_dags/example_python_decorator.py                                                          1           0  0.09s           2025-04-05T15:20:17                      10
/home/airflow/.local/lib/python3.12/site-packages/airflow/example_dags/example_branch_operator.py                                                           1           0  0.09s           2025-04-05T15:20:21                      12
/home/airflow/.local/lib/python3.12/site-packages/airflow/example_dags/example_xcom.py                                                                      1           0  0.09s           2025-04-05T15:20:17                      12
/home/airflow/.local/lib/python3.12/site-packages/airflow/example_dags/example_latest_only_with_trigger.py                                                  1           0  0.09s           2025-04-05T15:20:13                      12
/home/airflow/.local/lib/python3.12/site-packages/airflow/example_dags/example_branch_python_dop_operator_3.py                                              1           0  0.09s           2025-04-05T15:20:21                      12
/home/airflow/.local/lib/python3.12/site-packages/airflow/example_dags/example_dynamic_task_mapping.py                                                      1           0  0.09s           2025-04-05T15:20:18                      10
/home/airflow/.local/lib/python3.12/site-packages/airflow/example_dags/tutorial_taskflow_api_virtualenv.py                                                  1           0  0.09s           2025-04-05T15:20:23                      10
/home/airflow/.local/lib/python3.12/site-packages/airflow/example_dags/example_branch_labels.py                                                             1           0  0.09s           2025-04-05T15:20:18                      12
/home/airflow/.local/lib/python3.12/site-packages/airflow/example_dags/example_params_ui_tutorial.py                                                        1           0  0.09s           2025-04-05T15:20:19                      10
/home/airflow/.local/lib/python3.12/site-packages/airflow/example_dags/example_setup_teardown.py                                                            1           0  0.09s           2025-04-05T15:20:15                      10
/home/airflow/.local/lib/python3.12/site-packages/airflow/example_dags/example_task_group_decorator.py                                                      1           0  0.09s           2025-04-05T15:20:17                      10
/home/airflow/.local/lib/python3.12/site-packages/airflow/example_dags/example_python_operator.py                                                           1           0  0.08s           2025-04-05T15:20:23                      10
/home/airflow/.local/lib/python3.12/site-packages/airflow/example_dags/example_setup_teardown_taskflow.py                                                   1           0  0.08s           2025-04-05T15:20:14                      10
/home/airflow/.local/lib/python3.12/site-packages/airflow/example_dags/example_latest_only.py                                                               1           0  0.08s           2025-04-05T15:20:13                      12
/home/airflow/.local/lib/python3.12/site-packages/airflow/example_dags/tutorial.py                                                                          1           0  0.08s           2025-04-05T15:20:21                      12
/home/airflow/.local/lib/python3.12/site-packages/airflow/example_dags/example_sensors.py                                                                   1           0  0.08s           2025-04-05T15:20:20                      10
/home/airflow/.local/lib/python3.12/site-packages/airflow/example_dags/example_short_circuit_decorator.py                                                   1           0  0.08s           2025-04-05T15:20:14                      10
/home/airflow/.local/lib/python3.12/site-packages/airflow/example_dags/tutorial_objectstorage.py                                                            1           0  0.08s           2025-04-05T15:20:14                      10
/home/airflow/.local/lib/python3.12/site-packages/airflow/example_dags/tutorial_dag.py                                                                      1           0  0.08s           2025-04-05T15:20:21                      10
/home/airflow/.local/lib/python3.12/site-packages/airflow/example_dags/example_sensor_decorator.py                                                          1           0  0.08s           2025-04-05T15:20:14                      10
/home/airflow/.local/lib/python3.12/site-packages/airflow/example_dags/example_local_kubernetes_executor.py                                                 1           0  0.08s           2025-04-05T15:20:23                      10
/home/airflow/.local/lib/python3.12/site-packages/airflow/example_dags/example_display_name.py                                                              1           0  0.07s           2025-04-05T15:20:23                      10
/home/airflow/.local/lib/python3.12/site-packages/airflow/example_dags/example_trigger_controller_dag.py                                                    1           0  0.07s           2025-04-05T15:20:21                      12
/home/airflow/.local/lib/python3.12/site-packages/airflow/example_dags/example_external_task_marker_dag.py                                                  2           0  0.07s           2025-04-05T15:20:20                      13
/home/airflow/.local/lib/python3.12/site-packages/airflow/example_dags/tutorial_taskflow_api.py                                                             1           0  0.07s           2025-04-05T15:20:20                      10
/home/airflow/.local/lib/python3.12/site-packages/airflow/example_dags/example_dynamic_task_mapping_with_no_taskflow_operators.py                           1           0  0.07s           2025-04-05T15:20:17                      10
/home/airflow/.local/lib/python3.12/site-packages/airflow/example_dags/subdags/subdag.py                                                                    0           0  0.04s           2025-04-05T15:20:24                       3
/home/airflow/.local/lib/python3.12/site-packages/airflow/example_dags/plugins/event_listener.py                                                            0           0  0.04s           2025-04-05T15:20:23                       3
/home/airflow/.local/lib/python3.12/site-packages/airflow/example_dags/plugins/decreasing_priority_weight_strategy.py                                       0           0  0.04s           2025-04-05T15:20:24                       3
/home/airflow/.local/lib/python3.12/site-packages/airflow/example_dags/plugins/listener_plugin.py                                                           0           0  0.04s           2025-04-05T15:20:23                       3
/home/airflow/.local/lib/python3.12/site-packages/airflow/example_dags/plugins/workday.py                                                                   0           0  0.03s           2025-04-05T15:20:23                       3
================================================================================
[2025-04-05T15:21:11.211+0000] {manager.py:997} INFO - 
================================================================================
DAG File Processing Stats

File Path                                                                                                                          PID    Runtime      # DAGs    # Errors  Last Runtime    Last Run               Last # of DB Queries
---------------------------------------------------------------------------------------------------------------------------------  -----  ---------  --------  ----------  --------------  -------------------  ----------------------
/home/airflow/.local/lib/python3.12/site-packages/airflow/example_dags/example_dataset_alias_with_no_taskflow.py                                            4           0  0.62s           2025-04-05T15:20:55                      27
/home/airflow/.local/lib/python3.12/site-packages/airflow/example_dags/example_outlet_event_extra.py                                                        3           0  0.59s           2025-04-05T15:20:48                      19
/home/airflow/.local/lib/python3.12/site-packages/airflow/example_dags/example_datasets.py                                                                 10           0  0.54s           2025-04-05T15:20:53                      49
/home/airflow/.local/lib/python3.12/site-packages/airflow/example_dags/example_dataset_alias.py                                                             4           0  0.52s           2025-04-05T15:20:54                      27
/home/airflow/.local/lib/python3.12/site-packages/airflow/example_dags/example_inlet_event_extra.py                                                         2           0  0.50s           2025-04-05T15:20:46                      15
/home/airflow/.local/lib/python3.12/site-packages/airflow/example_dags/example_dag_decorator.py                                                             1           0  0.15s           2025-04-05T15:20:48                      10
/home/airflow/.local/lib/python3.12/site-packages/airflow/example_dags/example_passing_params_via_test_command.py                                           1           0  0.12s           2025-04-05T15:20:43                      12
/home/airflow/.local/lib/python3.12/site-packages/airflow/example_dags/tutorial_taskflow_templates.py                                                       1           0  0.11s           2025-04-05T15:20:44                      12
/home/airflow/.local/lib/python3.12/site-packages/airflow/example_dags/example_branch_operator.py                                                           1           0  0.11s           2025-04-05T15:20:52                      12
/home/airflow/.local/lib/python3.12/site-packages/airflow/example_dags/example_short_circuit_operator.py                                                    1           0  0.11s           2025-04-05T15:20:43                      10
/home/airflow/.local/lib/python3.12/site-packages/airflow/example_dags/example_subdag_operator.py                                                           3           0  0.11s           2025-04-05T15:20:52                      20
/home/airflow/.local/lib/python3.12/site-packages/airflow/example_dags/example_workday_timetable.py                                                         1           0  0.11s           2025-04-05T15:20:49                      12
/home/airflow/.local/lib/python3.12/site-packages/airflow/example_dags/example_branch_datetime_operator.py                                                  3           0  0.10s           2025-04-05T15:20:49                      18
/home/airflow/.local/lib/python3.12/site-packages/airflow/example_dags/example_branch_operator_decorator.py                                                 1           0  0.10s           2025-04-05T15:20:48                      12
/home/airflow/.local/lib/python3.12/site-packages/airflow/example_dags/example_branch_python_dop_operator_3.py                                              1           0  0.10s           2025-04-05T15:20:52                      12
/home/airflow/.local/lib/python3.12/site-packages/airflow/example_dags/example_params_trigger_ui.py                                                         1           0  0.10s           2025-04-05T15:20:52                      10
/home/airflow/.local/lib/python3.12/site-packages/airflow/example_dags/example_latest_only.py                                                               1           0  0.10s           2025-04-05T15:20:43                      12
/home/airflow/.local/lib/python3.12/site-packages/airflow/example_dags/example_nested_branch_dag.py                                                         1           0  0.10s           2025-04-05T15:20:44                      12
/home/airflow/.local/lib/python3.12/site-packages/airflow/example_dags/tutorial_objectstorage.py                                                            1           0  0.10s           2025-04-05T15:20:44                      10
/home/airflow/.local/lib/python3.12/site-packages/airflow/example_dags/example_skip_dag.py                                                                  1           0  0.10s           2025-04-05T15:20:48                      12
/home/airflow/.local/lib/python3.12/site-packages/airflow/example_dags/example_complex.py                                                                   1           0  0.09s           2025-04-05T15:20:44                      10
/home/airflow/.local/lib/python3.12/site-packages/airflow/example_dags/example_branch_day_of_week_operator.py                                               1           0  0.09s           2025-04-05T15:20:42                      12
/home/airflow/.local/lib/python3.12/site-packages/airflow/example_dags/example_xcom.py                                                                      1           0  0.09s           2025-04-05T15:20:48                      12
/home/airflow/.local/lib/python3.12/site-packages/airflow/example_dags/example_task_group_decorator.py                                                      1           0  0.09s           2025-04-05T15:20:48                      10
/home/airflow/.local/lib/python3.12/site-packages/airflow/example_dags/example_kubernetes_executor.py                                                       1           0  0.09s           2025-04-05T15:20:48                      10
/home/airflow/.local/lib/python3.12/site-packages/airflow/example_dags/example_trigger_controller_dag.py                                                    1           0  0.09s           2025-04-05T15:20:52                      12
/home/airflow/.local/lib/python3.12/site-packages/airflow/example_dags/example_bash_operator.py                                                             1           0  0.09s           2025-04-05T15:20:48                      12
/home/airflow/.local/lib/python3.12/site-packages/airflow/example_dags/example_params_ui_tutorial.py                                                        1           0  0.09s           2025-04-05T15:20:50                      10
/home/airflow/.local/lib/python3.12/site-packages/airflow/example_dags/example_latest_only_with_trigger.py                                                  1           0  0.08s           2025-04-05T15:20:43                      12
/home/airflow/.local/lib/python3.12/site-packages/airflow/example_dags/tutorial.py                                                                          1           0  0.08s           2025-04-05T15:20:52                      12
/home/airflow/.local/lib/python3.12/site-packages/airflow/example_dags/example_task_group.py                                                                1           0  0.08s           2025-04-05T15:20:48                      10
/home/airflow/.local/lib/python3.12/site-packages/airflow/example_dags/example_sla_dag.py                                                                   1           0  0.08s           2025-04-05T15:20:44                      12
/home/airflow/.local/lib/python3.12/site-packages/airflow/example_dags/example_local_kubernetes_executor.py                                                 1           0  0.08s           2025-04-05T15:20:53                      10
/home/airflow/.local/lib/python3.12/site-packages/airflow/example_dags/example_python_decorator.py                                                          1           0  0.08s           2025-04-05T15:20:48                      10
/home/airflow/.local/lib/python3.12/site-packages/airflow/example_dags/example_setup_teardown_taskflow.py                                                   1           0  0.08s           2025-04-05T15:20:44                      10
/home/airflow/.local/lib/python3.12/site-packages/airflow/example_dags/example_bash_decorator.py                                                            1           0  0.08s           2025-04-05T15:20:42                      10
/home/airflow/.local/lib/python3.12/site-packages/airflow/example_dags/example_branch_labels.py                                                             1           0  0.08s           2025-04-05T15:20:48                      12
/home/airflow/.local/lib/python3.12/site-packages/airflow/example_dags/example_short_circuit_decorator.py                                                   1           0  0.08s           2025-04-05T15:20:44                      10
/home/airflow/.local/lib/python3.12/site-packages/airflow/example_dags/tutorial_taskflow_api_virtualenv.py                                                  1           0  0.08s           2025-04-05T15:20:53                      10
/home/airflow/.local/lib/python3.12/site-packages/airflow/example_dags/example_sensors.py                                                                   1           0  0.08s           2025-04-05T15:20:51                      10
/home/airflow/.local/lib/python3.12/site-packages/airflow/example_dags/example_xcomargs.py                                                                  2           0  0.08s           2025-04-05T15:20:53                      13
/home/airflow/.local/lib/python3.12/site-packages/airflow/example_dags/example_python_operator.py                                                           1           0  0.07s           2025-04-05T15:20:53                      10
/home/airflow/.local/lib/python3.12/site-packages/airflow/example_dags/tutorial_taskflow_api.py                                                             1           0  0.07s           2025-04-05T15:20:51                      10
/home/airflow/.local/lib/python3.12/site-packages/airflow/example_dags/example_external_task_marker_dag.py                                                  2           0  0.07s           2025-04-05T15:20:51                      13
/home/airflow/.local/lib/python3.12/site-packages/airflow/example_dags/example_sensor_decorator.py                                                          1           0  0.07s           2025-04-05T15:20:44                      10
/home/airflow/.local/lib/python3.12/site-packages/airflow/example_dags/example_setup_teardown.py                                                            1           0  0.07s           2025-04-05T15:20:45                      10
/home/airflow/.local/lib/python3.12/site-packages/airflow/example_dags/example_dynamic_task_mapping_with_no_taskflow_operators.py                           1           0  0.07s           2025-04-05T15:20:48                      10
/home/airflow/.local/lib/python3.12/site-packages/airflow/example_dags/tutorial_dag.py                                                                      1           0  0.07s           2025-04-05T15:20:52                      10
/home/airflow/.local/lib/python3.12/site-packages/airflow/example_dags/example_dynamic_task_mapping.py                                                      1           0  0.07s           2025-04-05T15:20:48                      10
/home/airflow/.local/lib/python3.12/site-packages/airflow/example_dags/example_trigger_target_dag.py                                                        1           0  0.07s           2025-04-05T15:20:47                      10
/home/airflow/.local/lib/python3.12/site-packages/airflow/example_dags/example_display_name.py                                                              1           0  0.07s           2025-04-05T15:20:53                      10
/home/airflow/.local/lib/python3.12/site-packages/airflow/example_dags/example_time_delta_sensor_async.py                                                   1           0  0.07s           2025-04-05T15:20:52                      10
/home/airflow/.local/lib/python3.12/site-packages/airflow/example_dags/plugins/event_listener.py                                                            0           0  0.05s           2025-04-05T15:20:54                       3
/home/airflow/.local/lib/python3.12/site-packages/airflow/example_dags/plugins/listener_plugin.py                                                           0           0  0.04s           2025-04-05T15:20:53                       3
/home/airflow/.local/lib/python3.12/site-packages/airflow/example_dags/plugins/workday.py                                                                   0           0  0.04s           2025-04-05T15:20:53                       3
/home/airflow/.local/lib/python3.12/site-packages/airflow/example_dags/subdags/subdag.py                                                                    0           0  0.03s           2025-04-05T15:20:54                       3
/home/airflow/.local/lib/python3.12/site-packages/airflow/example_dags/plugins/decreasing_priority_weight_strategy.py                                       0           0  0.03s           2025-04-05T15:20:54                       3
================================================================================
[2025-04-05T15:21:41.282+0000] {manager.py:997} INFO - 
================================================================================
DAG File Processing Stats

File Path                                                                                                                          PID    Runtime      # DAGs    # Errors  Last Runtime    Last Run               Last # of DB Queries
---------------------------------------------------------------------------------------------------------------------------------  -----  ---------  --------  ----------  --------------  -------------------  ----------------------
/home/airflow/.local/lib/python3.12/site-packages/airflow/example_dags/example_datasets.py                                                                 10           0  0.61s           2025-04-05T15:21:24                      49
/home/airflow/.local/lib/python3.12/site-packages/airflow/example_dags/example_outlet_event_extra.py                                                        3           0  0.61s           2025-04-05T15:21:19                      19
/home/airflow/.local/lib/python3.12/site-packages/airflow/example_dags/example_dataset_alias.py                                                             4           0  0.56s           2025-04-05T15:21:25                      27
/home/airflow/.local/lib/python3.12/site-packages/airflow/example_dags/example_inlet_event_extra.py                                                         2           0  0.48s           2025-04-05T15:21:16                      15
/home/airflow/.local/lib/python3.12/site-packages/airflow/example_dags/example_dataset_alias_with_no_taskflow.py                                            4           0  0.46s           2025-04-05T15:21:25                      27
/home/airflow/.local/lib/python3.12/site-packages/airflow/example_dags/example_dag_decorator.py                                                             1           0  0.23s           2025-04-05T15:21:18                      32
/home/airflow/.local/lib/python3.12/site-packages/airflow/example_dags/example_branch_operator_decorator.py                                                 1           0  0.11s           2025-04-05T15:21:19                      12
/home/airflow/.local/lib/python3.12/site-packages/airflow/example_dags/example_workday_timetable.py                                                         1           0  0.11s           2025-04-05T15:21:20                      12
/home/airflow/.local/lib/python3.12/site-packages/airflow/example_dags/example_params_ui_tutorial.py                                                        1           0  0.11s           2025-04-05T15:21:20                      10
/home/airflow/.local/lib/python3.12/site-packages/airflow/example_dags/example_sla_dag.py                                                                   1           0  0.10s           2025-04-05T15:21:15                      12
/home/airflow/.local/lib/python3.12/site-packages/airflow/example_dags/example_sensors.py                                                                   1           0  0.10s           2025-04-05T15:21:21                      10
/home/airflow/.local/lib/python3.12/site-packages/airflow/example_dags/example_branch_datetime_operator.py                                                  3           0  0.10s           2025-04-05T15:21:20                      18
/home/airflow/.local/lib/python3.12/site-packages/airflow/example_dags/example_bash_operator.py                                                             1           0  0.10s           2025-04-05T15:21:19                      12
/home/airflow/.local/lib/python3.12/site-packages/airflow/example_dags/example_branch_operator.py                                                           1           0  0.10s           2025-04-05T15:21:22                      12
/home/airflow/.local/lib/python3.12/site-packages/airflow/example_dags/example_branch_labels.py                                                             1           0  0.09s           2025-04-05T15:21:19                      12
/home/airflow/.local/lib/python3.12/site-packages/airflow/example_dags/example_subdag_operator.py                                                           3           0  0.09s           2025-04-05T15:21:22                      20
/home/airflow/.local/lib/python3.12/site-packages/airflow/example_dags/example_passing_params_via_test_command.py                                           1           0  0.09s           2025-04-05T15:21:13                      12
/home/airflow/.local/lib/python3.12/site-packages/airflow/example_dags/example_skip_dag.py                                                                  1           0  0.09s           2025-04-05T15:21:18                      12
/home/airflow/.local/lib/python3.12/site-packages/airflow/example_dags/example_kubernetes_executor.py                                                       1           0  0.09s           2025-04-05T15:21:18                      10
/home/airflow/.local/lib/python3.12/site-packages/airflow/example_dags/tutorial_taskflow_api.py                                                             1           0  0.09s           2025-04-05T15:21:21                      10
/home/airflow/.local/lib/python3.12/site-packages/airflow/example_dags/example_python_decorator.py                                                          1           0  0.09s           2025-04-05T15:21:19                      10
/home/airflow/.local/lib/python3.12/site-packages/airflow/example_dags/example_dynamic_task_mapping.py                                                      1           0  0.09s           2025-04-05T15:21:19                      10
/home/airflow/.local/lib/python3.12/site-packages/airflow/example_dags/example_params_trigger_ui.py                                                         1           0  0.09s           2025-04-05T15:21:22                      10
/home/airflow/.local/lib/python3.12/site-packages/airflow/example_dags/example_xcomargs.py                                                                  2           0  0.09s           2025-04-05T15:21:24                      13
/home/airflow/.local/lib/python3.12/site-packages/airflow/example_dags/example_xcom.py                                                                      1           0  0.09s           2025-04-05T15:21:18                      12
/home/airflow/.local/lib/python3.12/site-packages/airflow/example_dags/example_short_circuit_operator.py                                                    1           0  0.09s           2025-04-05T15:21:13                      10
/home/airflow/.local/lib/python3.12/site-packages/airflow/example_dags/example_branch_python_dop_operator_3.py                                              1           0  0.09s           2025-04-05T15:21:22                      12
/home/airflow/.local/lib/python3.12/site-packages/airflow/example_dags/example_complex.py                                                                   1           0  0.09s           2025-04-05T15:21:15                      10
/home/airflow/.local/lib/python3.12/site-packages/airflow/example_dags/example_task_group_decorator.py                                                      1           0  0.09s           2025-04-05T15:21:18                      10
/home/airflow/.local/lib/python3.12/site-packages/airflow/example_dags/example_task_group.py                                                                1           0  0.09s           2025-04-05T15:21:18                      10
/home/airflow/.local/lib/python3.12/site-packages/airflow/example_dags/example_nested_branch_dag.py                                                         1           0  0.08s           2025-04-05T15:21:15                      12
/home/airflow/.local/lib/python3.12/site-packages/airflow/example_dags/tutorial_taskflow_templates.py                                                       1           0  0.08s           2025-04-05T15:21:15                      12
/home/airflow/.local/lib/python3.12/site-packages/airflow/example_dags/example_local_kubernetes_executor.py                                                 1           0  0.08s           2025-04-05T15:21:24                      10
/home/airflow/.local/lib/python3.12/site-packages/airflow/example_dags/example_dynamic_task_mapping_with_no_taskflow_operators.py                           1           0  0.08s           2025-04-05T15:21:19                      10
/home/airflow/.local/lib/python3.12/site-packages/airflow/example_dags/example_sensor_decorator.py                                                          1           0  0.08s           2025-04-05T15:21:15                      10
/home/airflow/.local/lib/python3.12/site-packages/airflow/example_dags/example_latest_only.py                                                               1           0  0.08s           2025-04-05T15:21:13                      12
/home/airflow/.local/lib/python3.12/site-packages/airflow/example_dags/tutorial_taskflow_api_virtualenv.py                                                  1           0  0.08s           2025-04-05T15:21:24                      10
/home/airflow/.local/lib/python3.12/site-packages/airflow/example_dags/example_branch_day_of_week_operator.py                                               1           0  0.08s           2025-04-05T15:21:12                      12
/home/airflow/.local/lib/python3.12/site-packages/airflow/example_dags/tutorial.py                                                                          1           0  0.08s           2025-04-05T15:21:22                      12
/home/airflow/.local/lib/python3.12/site-packages/airflow/example_dags/example_trigger_controller_dag.py                                                    1           0  0.08s           2025-04-05T15:21:22                      12
/home/airflow/.local/lib/python3.12/site-packages/airflow/example_dags/example_latest_only_with_trigger.py                                                  1           0  0.08s           2025-04-05T15:21:13                      12
/home/airflow/.local/lib/python3.12/site-packages/airflow/example_dags/example_bash_decorator.py                                                            1           0  0.08s           2025-04-05T15:21:12                      10
/home/airflow/.local/lib/python3.12/site-packages/airflow/example_dags/example_external_task_marker_dag.py                                                  2           0  0.07s           2025-04-05T15:21:21                      13
/home/airflow/.local/lib/python3.12/site-packages/airflow/example_dags/tutorial_objectstorage.py                                                            1           0  0.07s           2025-04-05T15:21:15                      10
/home/airflow/.local/lib/python3.12/site-packages/airflow/example_dags/example_setup_teardown_taskflow.py                                                   1           0  0.07s           2025-04-05T15:21:15                      10
/home/airflow/.local/lib/python3.12/site-packages/airflow/example_dags/example_setup_teardown.py                                                            1           0  0.07s           2025-04-05T15:21:16                      10
/home/airflow/.local/lib/python3.12/site-packages/airflow/example_dags/example_trigger_target_dag.py                                                        1           0  0.07s           2025-04-05T15:21:17                      10
/home/airflow/.local/lib/python3.12/site-packages/airflow/example_dags/example_python_operator.py                                                           1           0  0.07s           2025-04-05T15:21:24                      10
/home/airflow/.local/lib/python3.12/site-packages/airflow/example_dags/example_display_name.py                                                              1           0  0.07s           2025-04-05T15:21:24                      10
/home/airflow/.local/lib/python3.12/site-packages/airflow/example_dags/example_short_circuit_decorator.py                                                   1           0  0.07s           2025-04-05T15:21:15                      10
/home/airflow/.local/lib/python3.12/site-packages/airflow/example_dags/tutorial_dag.py                                                                      1           0  0.06s           2025-04-05T15:21:22                      10
/home/airflow/.local/lib/python3.12/site-packages/airflow/example_dags/example_time_delta_sensor_async.py                                                   1           0  0.06s           2025-04-05T15:21:22                      10
/home/airflow/.local/lib/python3.12/site-packages/airflow/example_dags/plugins/listener_plugin.py                                                           0           0  0.05s           2025-04-05T15:21:24                       3
/home/airflow/.local/lib/python3.12/site-packages/airflow/example_dags/plugins/event_listener.py                                                            0           0  0.04s           2025-04-05T15:21:24                       3
/home/airflow/.local/lib/python3.12/site-packages/airflow/example_dags/plugins/decreasing_priority_weight_strategy.py                                       0           0  0.04s           2025-04-05T15:21:24                       3
/home/airflow/.local/lib/python3.12/site-packages/airflow/example_dags/subdags/subdag.py                                                                    0           0  0.04s           2025-04-05T15:21:24                       3
/home/airflow/.local/lib/python3.12/site-packages/airflow/example_dags/plugins/workday.py                                                                   0           0  0.03s           2025-04-05T15:21:24                       3
================================================================================
[2025-04-05T15:22:11.795+0000] {manager.py:997} INFO - 
================================================================================
DAG File Processing Stats

File Path                                                                                                                          PID    Runtime      # DAGs    # Errors  Last Runtime    Last Run               Last # of DB Queries
---------------------------------------------------------------------------------------------------------------------------------  -----  ---------  --------  ----------  --------------  -------------------  ----------------------
/home/airflow/.local/lib/python3.12/site-packages/airflow/example_dags/example_outlet_event_extra.py                                                        3           0  0.70s           2025-04-05T15:21:49                      19
/home/airflow/.local/lib/python3.12/site-packages/airflow/example_dags/example_datasets.py                                                                 10           0  0.63s           2025-04-05T15:21:55                      49
/home/airflow/.local/lib/python3.12/site-packages/airflow/example_dags/example_dataset_alias_with_no_taskflow.py                                            4           0  0.50s           2025-04-05T15:21:56                      27
/home/airflow/.local/lib/python3.12/site-packages/airflow/example_dags/example_inlet_event_extra.py                                                         2           0  0.50s           2025-04-05T15:21:47                      15
/home/airflow/.local/lib/python3.12/site-packages/airflow/example_dags/example_dataset_alias.py                                                             4           0  0.48s           2025-04-05T15:21:55                      27
/home/airflow/.local/lib/python3.12/site-packages/airflow/example_dags/example_dag_decorator.py                                                             1           0  0.21s           2025-04-05T15:21:48                      32
/home/airflow/.local/lib/python3.12/site-packages/airflow/example_dags/example_external_task_marker_dag.py                                                  2           0  0.12s           2025-04-05T15:21:52                      13
/home/airflow/.local/lib/python3.12/site-packages/airflow/example_dags/example_workday_timetable.py                                                         1           0  0.12s           2025-04-05T15:21:50                      12
/home/airflow/.local/lib/python3.12/site-packages/airflow/example_dags/example_branch_operator.py                                                           1           0  0.12s           2025-04-05T15:21:53                      12
/home/airflow/.local/lib/python3.12/site-packages/airflow/example_dags/example_xcom.py                                                                      1           0  0.11s           2025-04-05T15:21:49                      12
/home/airflow/.local/lib/python3.12/site-packages/airflow/example_dags/example_setup_teardown_taskflow.py                                                   1           0  0.11s           2025-04-05T15:21:45                      10
/home/airflow/.local/lib/python3.12/site-packages/airflow/example_dags/example_skip_dag.py                                                                  1           0  0.11s           2025-04-05T15:21:48                      12
/home/airflow/.local/lib/python3.12/site-packages/airflow/example_dags/example_branch_datetime_operator.py                                                  3           0  0.11s           2025-04-05T15:21:50                      18
/home/airflow/.local/lib/python3.12/site-packages/airflow/example_dags/example_params_trigger_ui.py                                                         1           0  0.11s           2025-04-05T15:21:53                      10
/home/airflow/.local/lib/python3.12/site-packages/airflow/example_dags/example_branch_operator_decorator.py                                                 1           0  0.11s           2025-04-05T15:21:49                      12
/home/airflow/.local/lib/python3.12/site-packages/airflow/example_dags/example_nested_branch_dag.py                                                         1           0  0.11s           2025-04-05T15:21:45                      12
/home/airflow/.local/lib/python3.12/site-packages/airflow/example_dags/example_kubernetes_executor.py                                                       1           0  0.10s           2025-04-05T15:21:49                      10
/home/airflow/.local/lib/python3.12/site-packages/airflow/example_dags/example_passing_params_via_test_command.py                                           1           0  0.10s           2025-04-05T15:21:44                      12
/home/airflow/.local/lib/python3.12/site-packages/airflow/example_dags/example_branch_day_of_week_operator.py                                               1           0  0.10s           2025-04-05T15:21:43                      12
/home/airflow/.local/lib/python3.12/site-packages/airflow/example_dags/example_subdag_operator.py                                                           3           0  0.10s           2025-04-05T15:21:53                      20
/home/airflow/.local/lib/python3.12/site-packages/airflow/example_dags/example_xcomargs.py                                                                  2           0  0.10s           2025-04-05T15:21:54                      13
/home/airflow/.local/lib/python3.12/site-packages/airflow/example_dags/example_bash_operator.py                                                             1           0  0.10s           2025-04-05T15:21:49                      12
/home/airflow/.local/lib/python3.12/site-packages/airflow/example_dags/example_local_kubernetes_executor.py                                                 1           0  0.10s           2025-04-05T15:21:54                      10
/home/airflow/.local/lib/python3.12/site-packages/airflow/example_dags/example_latest_only_with_trigger.py                                                  1           0  0.09s           2025-04-05T15:21:44                      12
/home/airflow/.local/lib/python3.12/site-packages/airflow/example_dags/example_trigger_controller_dag.py                                                    1           0  0.09s           2025-04-05T15:21:53                      12
/home/airflow/.local/lib/python3.12/site-packages/airflow/example_dags/example_dynamic_task_mapping.py                                                      1           0  0.09s           2025-04-05T15:21:49                      10
/home/airflow/.local/lib/python3.12/site-packages/airflow/example_dags/example_short_circuit_operator.py                                                    1           0  0.09s           2025-04-05T15:21:44                      10
/home/airflow/.local/lib/python3.12/site-packages/airflow/example_dags/example_branch_labels.py                                                             1           0  0.09s           2025-04-05T15:21:49                      12
/home/airflow/.local/lib/python3.12/site-packages/airflow/example_dags/example_params_ui_tutorial.py                                                        1           0  0.09s           2025-04-05T15:21:50                      10
/home/airflow/.local/lib/python3.12/site-packages/airflow/example_dags/example_latest_only.py                                                               1           0  0.08s           2025-04-05T15:21:44                      12
/home/airflow/.local/lib/python3.12/site-packages/airflow/example_dags/example_complex.py                                                                   1           0  0.08s           2025-04-05T15:21:45                      10
/home/airflow/.local/lib/python3.12/site-packages/airflow/example_dags/example_branch_python_dop_operator_3.py                                              1           0  0.08s           2025-04-05T15:21:53                      12
/home/airflow/.local/lib/python3.12/site-packages/airflow/example_dags/tutorial_taskflow_api_virtualenv.py                                                  1           0  0.08s           2025-04-05T15:21:54                      10
/home/airflow/.local/lib/python3.12/site-packages/airflow/example_dags/example_display_name.py                                                              1           0  0.08s           2025-04-05T15:21:54                      10
/home/airflow/.local/lib/python3.12/site-packages/airflow/example_dags/example_sensors.py                                                                   1           0  0.08s           2025-04-05T15:21:51                      10
/home/airflow/.local/lib/python3.12/site-packages/airflow/example_dags/example_python_decorator.py                                                          1           0  0.08s           2025-04-05T15:21:49                      10
/home/airflow/.local/lib/python3.12/site-packages/airflow/example_dags/example_task_group.py                                                                1           0  0.08s           2025-04-05T15:21:48                      10
/home/airflow/.local/lib/python3.12/site-packages/airflow/example_dags/tutorial.py                                                                          1           0  0.08s           2025-04-05T15:21:53                      12
/home/airflow/.local/lib/python3.12/site-packages/airflow/example_dags/example_task_group_decorator.py                                                      1           0  0.08s           2025-04-05T15:21:49                      10
/home/airflow/.local/lib/python3.12/site-packages/airflow/example_dags/tutorial_taskflow_templates.py                                                       1           0  0.08s           2025-04-05T15:21:45                      12
/home/airflow/.local/lib/python3.12/site-packages/airflow/example_dags/example_bash_decorator.py                                                            1           0  0.08s           2025-04-05T15:21:43                      10
/home/airflow/.local/lib/python3.12/site-packages/airflow/example_dags/example_python_operator.py                                                           1           0  0.08s           2025-04-05T15:21:54                      10
/home/airflow/.local/lib/python3.12/site-packages/airflow/example_dags/example_sla_dag.py                                                                   1           0  0.08s           2025-04-05T15:21:45                      12
/home/airflow/.local/lib/python3.12/site-packages/airflow/example_dags/tutorial_taskflow_api.py                                                             1           0  0.08s           2025-04-05T15:21:51                      10
/home/airflow/.local/lib/python3.12/site-packages/airflow/example_dags/example_dynamic_task_mapping_with_no_taskflow_operators.py                           1           0  0.07s           2025-04-05T15:21:49                      10
/home/airflow/.local/lib/python3.12/site-packages/airflow/example_dags/example_short_circuit_decorator.py                                                   1           0  0.07s           2025-04-05T15:21:46                      10
/home/airflow/.local/lib/python3.12/site-packages/airflow/example_dags/example_setup_teardown.py                                                            1           0  0.07s           2025-04-05T15:21:47                      10
/home/airflow/.local/lib/python3.12/site-packages/airflow/example_dags/tutorial_dag.py                                                                      1           0  0.07s           2025-04-05T15:21:53                      10
/home/airflow/.local/lib/python3.12/site-packages/airflow/example_dags/example_time_delta_sensor_async.py                                                   1           0  0.07s           2025-04-05T15:21:53                      10
/home/airflow/.local/lib/python3.12/site-packages/airflow/example_dags/tutorial_objectstorage.py                                                            1           0  0.07s           2025-04-05T15:21:45                      10
/home/airflow/.local/lib/python3.12/site-packages/airflow/example_dags/example_sensor_decorator.py                                                          1           0  0.07s           2025-04-05T15:21:46                      10
/home/airflow/.local/lib/python3.12/site-packages/airflow/example_dags/example_trigger_target_dag.py                                                        1           0  0.07s           2025-04-05T15:21:47                      10
/home/airflow/.local/lib/python3.12/site-packages/airflow/example_dags/plugins/workday.py                                                                   0           0  0.05s           2025-04-05T15:21:54                       3
/home/airflow/.local/lib/python3.12/site-packages/airflow/example_dags/plugins/listener_plugin.py                                                           0           0  0.04s           2025-04-05T15:21:54                       3
/home/airflow/.local/lib/python3.12/site-packages/airflow/example_dags/plugins/decreasing_priority_weight_strategy.py                                       0           0  0.03s           2025-04-05T15:21:54                       3
/home/airflow/.local/lib/python3.12/site-packages/airflow/example_dags/plugins/event_listener.py                                                            0           0  0.03s           2025-04-05T15:21:54                       3
/home/airflow/.local/lib/python3.12/site-packages/airflow/example_dags/subdags/subdag.py                                                                    0           0  0.03s           2025-04-05T15:21:54                       3
================================================================================
[2025-04-05T15:22:41.995+0000] {manager.py:997} INFO - 
================================================================================
DAG File Processing Stats

File Path                                                                                                                          PID    Runtime      # DAGs    # Errors  Last Runtime    Last Run               Last # of DB Queries
---------------------------------------------------------------------------------------------------------------------------------  -----  ---------  --------  ----------  --------------  -------------------  ----------------------
/home/airflow/.local/lib/python3.12/site-packages/airflow/example_dags/example_dataset_alias.py                                                             4           0  0.79s           2025-04-05T15:22:26                      27
/home/airflow/.local/lib/python3.12/site-packages/airflow/example_dags/example_datasets.py                                                                 10           0  0.78s           2025-04-05T15:22:26                      49
/home/airflow/.local/lib/python3.12/site-packages/airflow/example_dags/example_outlet_event_extra.py                                                        3           0  0.65s           2025-04-05T15:22:21                      19
/home/airflow/.local/lib/python3.12/site-packages/airflow/example_dags/example_dataset_alias_with_no_taskflow.py                                            4           0  0.51s           2025-04-05T15:22:27                      27
/home/airflow/.local/lib/python3.12/site-packages/airflow/example_dags/example_inlet_event_extra.py                                                         2           0  0.50s           2025-04-05T15:22:18                      15
/home/airflow/.local/lib/python3.12/site-packages/airflow/example_dags/example_dag_decorator.py                                                             1           0  0.26s           2025-04-05T15:22:20                      32
/home/airflow/.local/lib/python3.12/site-packages/airflow/example_dags/tutorial_objectstorage.py                                                            1           0  0.14s           2025-04-05T15:22:16                      10
/home/airflow/.local/lib/python3.12/site-packages/airflow/example_dags/example_workday_timetable.py                                                         1           0  0.12s           2025-04-05T15:22:21                      12
/home/airflow/.local/lib/python3.12/site-packages/airflow/example_dags/example_params_ui_tutorial.py                                                        1           0  0.12s           2025-04-05T15:22:21                      10
/home/airflow/.local/lib/python3.12/site-packages/airflow/example_dags/example_branch_operator_decorator.py                                                 1           0  0.11s           2025-04-05T15:22:20                      12
/home/airflow/.local/lib/python3.12/site-packages/airflow/example_dags/example_kubernetes_executor.py                                                       1           0  0.11s           2025-04-05T15:22:19                      10
/home/airflow/.local/lib/python3.12/site-packages/airflow/example_dags/example_bash_decorator.py                                                            1           0  0.11s           2025-04-05T15:22:13                      10
/home/airflow/.local/lib/python3.12/site-packages/airflow/example_dags/example_branch_datetime_operator.py                                                  3           0  0.10s           2025-04-05T15:22:21                      18
/home/airflow/.local/lib/python3.12/site-packages/airflow/example_dags/example_bash_operator.py                                                             1           0  0.10s           2025-04-05T15:22:20                      12
/home/airflow/.local/lib/python3.12/site-packages/airflow/example_dags/example_nested_branch_dag.py                                                         1           0  0.10s           2025-04-05T15:22:16                      12
/home/airflow/.local/lib/python3.12/site-packages/airflow/example_dags/example_branch_labels.py                                                             1           0  0.10s           2025-04-05T15:22:20                      12
/home/airflow/.local/lib/python3.12/site-packages/airflow/example_dags/example_branch_day_of_week_operator.py                                               1           0  0.10s           2025-04-05T15:22:13                      12
/home/airflow/.local/lib/python3.12/site-packages/airflow/example_dags/example_branch_operator.py                                                           1           0  0.10s           2025-04-05T15:22:23                      12
/home/airflow/.local/lib/python3.12/site-packages/airflow/example_dags/example_passing_params_via_test_command.py                                           1           0  0.10s           2025-04-05T15:22:15                      12
/home/airflow/.local/lib/python3.12/site-packages/airflow/example_dags/example_subdag_operator.py                                                           3           0  0.10s           2025-04-05T15:22:23                      20
/home/airflow/.local/lib/python3.12/site-packages/airflow/example_dags/example_python_operator.py                                                           1           0  0.10s           2025-04-05T15:22:24                      10
/home/airflow/.local/lib/python3.12/site-packages/airflow/example_dags/example_latest_only.py                                                               1           0  0.09s           2025-04-05T15:22:15                      12
/home/airflow/.local/lib/python3.12/site-packages/airflow/example_dags/example_latest_only_with_trigger.py                                                  1           0  0.09s           2025-04-05T15:22:15                      12
/home/airflow/.local/lib/python3.12/site-packages/airflow/example_dags/example_sensors.py                                                                   1           0  0.09s           2025-04-05T15:22:22                      10
/home/airflow/.local/lib/python3.12/site-packages/airflow/example_dags/example_python_decorator.py                                                          1           0  0.09s           2025-04-05T15:22:20                      10
/home/airflow/.local/lib/python3.12/site-packages/airflow/example_dags/example_display_name.py                                                              1           0  0.09s           2025-04-05T15:22:24                      10
/home/airflow/.local/lib/python3.12/site-packages/airflow/example_dags/example_short_circuit_operator.py                                                    1           0  0.09s           2025-04-05T15:22:15                      10
/home/airflow/.local/lib/python3.12/site-packages/airflow/example_dags/example_xcom.py                                                                      1           0  0.09s           2025-04-05T15:22:20                      12
/home/airflow/.local/lib/python3.12/site-packages/airflow/example_dags/tutorial_taskflow_api_virtualenv.py                                                  1           0  0.09s           2025-04-05T15:22:24                      10
/home/airflow/.local/lib/python3.12/site-packages/airflow/example_dags/example_short_circuit_decorator.py                                                   1           0  0.09s           2025-04-05T15:22:16                      10
/home/airflow/.local/lib/python3.12/site-packages/airflow/example_dags/example_complex.py                                                                   1           0  0.09s           2025-04-05T15:22:16                      10
/home/airflow/.local/lib/python3.12/site-packages/airflow/example_dags/example_task_group_decorator.py                                                      1           0  0.09s           2025-04-05T15:22:20                      10
/home/airflow/.local/lib/python3.12/site-packages/airflow/example_dags/example_setup_teardown_taskflow.py                                                   1           0  0.09s           2025-04-05T15:22:16                      10
/home/airflow/.local/lib/python3.12/site-packages/airflow/example_dags/example_external_task_marker_dag.py                                                  2           0  0.09s           2025-04-05T15:22:22                      13
/home/airflow/.local/lib/python3.12/site-packages/airflow/example_dags/example_params_trigger_ui.py                                                         1           0  0.09s           2025-04-05T15:22:23                      10
/home/airflow/.local/lib/python3.12/site-packages/airflow/example_dags/example_xcomargs.py                                                                  2           0  0.09s           2025-04-05T15:22:24                      13
/home/airflow/.local/lib/python3.12/site-packages/airflow/example_dags/tutorial_taskflow_templates.py                                                       1           0  0.08s           2025-04-05T15:22:16                      12
/home/airflow/.local/lib/python3.12/site-packages/airflow/example_dags/example_sensor_decorator.py                                                          1           0  0.08s           2025-04-05T15:22:16                      10
/home/airflow/.local/lib/python3.12/site-packages/airflow/example_dags/example_skip_dag.py                                                                  1           0  0.08s           2025-04-05T15:22:18                      12
/home/airflow/.local/lib/python3.12/site-packages/airflow/example_dags/example_dynamic_task_mapping_with_no_taskflow_operators.py                           1           0  0.08s           2025-04-05T15:22:20                      10
/home/airflow/.local/lib/python3.12/site-packages/airflow/example_dags/tutorial_taskflow_api.py                                                             1           0  0.08s           2025-04-05T15:22:22                      10
/home/airflow/.local/lib/python3.12/site-packages/airflow/example_dags/example_sla_dag.py                                                                   1           0  0.08s           2025-04-05T15:22:16                      12
/home/airflow/.local/lib/python3.12/site-packages/airflow/example_dags/example_dynamic_task_mapping.py                                                      1           0  0.08s           2025-04-05T15:22:20                      10
/home/airflow/.local/lib/python3.12/site-packages/airflow/example_dags/example_trigger_controller_dag.py                                                    1           0  0.08s           2025-04-05T15:22:23                      12
/home/airflow/.local/lib/python3.12/site-packages/airflow/example_dags/tutorial.py                                                                          1           0  0.08s           2025-04-05T15:22:23                      12
/home/airflow/.local/lib/python3.12/site-packages/airflow/example_dags/example_time_delta_sensor_async.py                                                   1           0  0.08s           2025-04-05T15:22:23                      10
/home/airflow/.local/lib/python3.12/site-packages/airflow/example_dags/example_trigger_target_dag.py                                                        1           0  0.08s           2025-04-05T15:22:17                      10
/home/airflow/.local/lib/python3.12/site-packages/airflow/example_dags/example_branch_python_dop_operator_3.py                                              1           0  0.08s           2025-04-05T15:22:23                      12
/home/airflow/.local/lib/python3.12/site-packages/airflow/example_dags/example_local_kubernetes_executor.py                                                 1           0  0.07s           2025-04-05T15:22:24                      10
/home/airflow/.local/lib/python3.12/site-packages/airflow/example_dags/example_setup_teardown.py                                                            1           0  0.07s           2025-04-05T15:22:17                      10
/home/airflow/.local/lib/python3.12/site-packages/airflow/example_dags/example_task_group.py                                                                1           0  0.07s           2025-04-05T15:22:18                      10
/home/airflow/.local/lib/python3.12/site-packages/airflow/example_dags/tutorial_dag.py                                                                      1           0  0.07s           2025-04-05T15:22:23                      10
/home/airflow/.local/lib/python3.12/site-packages/airflow/example_dags/plugins/listener_plugin.py                                                           0           0  0.04s           2025-04-05T15:22:25                       3
/home/airflow/.local/lib/python3.12/site-packages/airflow/example_dags/plugins/decreasing_priority_weight_strategy.py                                       0           0  0.03s           2025-04-05T15:22:25                       3
/home/airflow/.local/lib/python3.12/site-packages/airflow/example_dags/plugins/workday.py                                                                   0           0  0.03s           2025-04-05T15:22:25                       3
/home/airflow/.local/lib/python3.12/site-packages/airflow/example_dags/subdags/subdag.py                                                                    0           0  0.03s           2025-04-05T15:22:25                       3
/home/airflow/.local/lib/python3.12/site-packages/airflow/example_dags/plugins/event_listener.py                                                            0           0  0.03s           2025-04-05T15:22:25                       3
================================================================================
[2025-04-05T15:23:12.113+0000] {manager.py:997} INFO - 
================================================================================
DAG File Processing Stats

File Path                                                                                                                          PID    Runtime      # DAGs    # Errors  Last Runtime    Last Run               Last # of DB Queries
---------------------------------------------------------------------------------------------------------------------------------  -----  ---------  --------  ----------  --------------  -------------------  ----------------------
/home/airflow/.local/lib/python3.12/site-packages/airflow/example_dags/example_dataset_alias.py                                                             4           0  0.63s           2025-04-05T15:22:57                      27
/home/airflow/.local/lib/python3.12/site-packages/airflow/example_dags/example_datasets.py                                                                 10           0  0.62s           2025-04-05T15:22:57                      49
/home/airflow/.local/lib/python3.12/site-packages/airflow/example_dags/example_outlet_event_extra.py                                                        3           0  0.56s           2025-04-05T15:22:52                      19
/home/airflow/.local/lib/python3.12/site-packages/airflow/example_dags/example_dataset_alias_with_no_taskflow.py                                            4           0  0.48s           2025-04-05T15:22:58                      27
/home/airflow/.local/lib/python3.12/site-packages/airflow/example_dags/example_inlet_event_extra.py                                                         2           0  0.46s           2025-04-05T15:22:49                      15
/home/airflow/.local/lib/python3.12/site-packages/airflow/example_dags/example_dag_decorator.py                                                             1           0  0.20s           2025-04-05T15:22:50                      32
/home/airflow/.local/lib/python3.12/site-packages/airflow/example_dags/example_nested_branch_dag.py                                                         1           0  0.19s           2025-04-05T15:22:46                      12
/home/airflow/.local/lib/python3.12/site-packages/airflow/example_dags/example_setup_teardown_taskflow.py                                                   1           0  0.18s           2025-04-05T15:22:46                      10
/home/airflow/.local/lib/python3.12/site-packages/airflow/example_dags/example_params_ui_tutorial.py                                                        1           0  0.12s           2025-04-05T15:22:52                      10
/home/airflow/.local/lib/python3.12/site-packages/airflow/example_dags/example_subdag_operator.py                                                           3           0  0.11s           2025-04-05T15:22:54                      20
/home/airflow/.local/lib/python3.12/site-packages/airflow/example_dags/example_workday_timetable.py                                                         1           0  0.11s           2025-04-05T15:22:51                      12
/home/airflow/.local/lib/python3.12/site-packages/airflow/example_dags/example_branch_operator.py                                                           1           0  0.10s           2025-04-05T15:22:54                      12
/home/airflow/.local/lib/python3.12/site-packages/airflow/example_dags/example_passing_params_via_test_command.py                                           1           0  0.10s           2025-04-05T15:22:45                      12
/home/airflow/.local/lib/python3.12/site-packages/airflow/example_dags/example_branch_operator_decorator.py                                                 1           0  0.10s           2025-04-05T15:22:50                      12
/home/airflow/.local/lib/python3.12/site-packages/airflow/example_dags/example_params_trigger_ui.py                                                         1           0  0.10s           2025-04-05T15:22:54                      10
/home/airflow/.local/lib/python3.12/site-packages/airflow/example_dags/example_short_circuit_operator.py                                                    1           0  0.10s           2025-04-05T15:22:45                      10
/home/airflow/.local/lib/python3.12/site-packages/airflow/example_dags/example_branch_day_of_week_operator.py                                               1           0  0.09s           2025-04-05T15:22:44                      12
/home/airflow/.local/lib/python3.12/site-packages/airflow/example_dags/tutorial_taskflow_api_virtualenv.py                                                  1           0  0.09s           2025-04-05T15:22:55                      10
/home/airflow/.local/lib/python3.12/site-packages/airflow/example_dags/example_branch_datetime_operator.py                                                  3           0  0.09s           2025-04-05T15:22:51                      18
/home/airflow/.local/lib/python3.12/site-packages/airflow/example_dags/example_xcomargs.py                                                                  2           0  0.09s           2025-04-05T15:22:55                      13
/home/airflow/.local/lib/python3.12/site-packages/airflow/example_dags/example_trigger_controller_dag.py                                                    1           0  0.09s           2025-04-05T15:22:54                      12
/home/airflow/.local/lib/python3.12/site-packages/airflow/example_dags/example_branch_python_dop_operator_3.py                                              1           0  0.09s           2025-04-05T15:22:54                      12
/home/airflow/.local/lib/python3.12/site-packages/airflow/example_dags/example_xcom.py                                                                      1           0  0.09s           2025-04-05T15:22:50                      12
/home/airflow/.local/lib/python3.12/site-packages/airflow/example_dags/example_latest_only_with_trigger.py                                                  1           0  0.09s           2025-04-05T15:22:45                      12
/home/airflow/.local/lib/python3.12/site-packages/airflow/example_dags/example_latest_only.py                                                               1           0  0.08s           2025-04-05T15:22:45                      12
/home/airflow/.local/lib/python3.12/site-packages/airflow/example_dags/example_bash_decorator.py                                                            1           0  0.08s           2025-04-05T15:22:44                      10
/home/airflow/.local/lib/python3.12/site-packages/airflow/example_dags/tutorial.py                                                                          1           0  0.08s           2025-04-05T15:22:54                      12
/home/airflow/.local/lib/python3.12/site-packages/airflow/example_dags/example_kubernetes_executor.py                                                       1           0  0.08s           2025-04-05T15:22:50                      10
/home/airflow/.local/lib/python3.12/site-packages/airflow/example_dags/example_bash_operator.py                                                             1           0  0.08s           2025-04-05T15:22:50                      12
/home/airflow/.local/lib/python3.12/site-packages/airflow/example_dags/example_complex.py                                                                   1           0  0.08s           2025-04-05T15:22:46                      10
/home/airflow/.local/lib/python3.12/site-packages/airflow/example_dags/example_short_circuit_decorator.py                                                   1           0  0.08s           2025-04-05T15:22:46                      10
/home/airflow/.local/lib/python3.12/site-packages/airflow/example_dags/example_setup_teardown.py                                                            1           0  0.08s           2025-04-05T15:22:47                      10
/home/airflow/.local/lib/python3.12/site-packages/airflow/example_dags/tutorial_taskflow_templates.py                                                       1           0  0.08s           2025-04-05T15:22:46                      12
/home/airflow/.local/lib/python3.12/site-packages/airflow/example_dags/example_python_operator.py                                                           1           0  0.08s           2025-04-05T15:22:55                      10
/home/airflow/.local/lib/python3.12/site-packages/airflow/example_dags/example_time_delta_sensor_async.py                                                   1           0  0.08s           2025-04-05T15:22:54                      10
/home/airflow/.local/lib/python3.12/site-packages/airflow/example_dags/example_sensor_decorator.py                                                          1           0  0.08s           2025-04-05T15:22:46                      10
/home/airflow/.local/lib/python3.12/site-packages/airflow/example_dags/example_branch_labels.py                                                             1           0  0.08s           2025-04-05T15:22:50                      12
/home/airflow/.local/lib/python3.12/site-packages/airflow/example_dags/example_python_decorator.py                                                          1           0  0.08s           2025-04-05T15:22:50                      10
/home/airflow/.local/lib/python3.12/site-packages/airflow/example_dags/example_sla_dag.py                                                                   1           0  0.08s           2025-04-05T15:22:46                      12
/home/airflow/.local/lib/python3.12/site-packages/airflow/example_dags/example_skip_dag.py                                                                  1           0  0.08s           2025-04-05T15:22:48                      12
/home/airflow/.local/lib/python3.12/site-packages/airflow/example_dags/example_task_group_decorator.py                                                      1           0  0.08s           2025-04-05T15:22:50                      10
/home/airflow/.local/lib/python3.12/site-packages/airflow/example_dags/example_task_group.py                                                                1           0  0.07s           2025-04-05T15:22:49                      10
/home/airflow/.local/lib/python3.12/site-packages/airflow/example_dags/tutorial_dag.py                                                                      1           0  0.07s           2025-04-05T15:22:54                      10
/home/airflow/.local/lib/python3.12/site-packages/airflow/example_dags/example_sensors.py                                                                   1           0  0.07s           2025-04-05T15:22:53                      10
/home/airflow/.local/lib/python3.12/site-packages/airflow/example_dags/tutorial_objectstorage.py                                                            1           0  0.07s           2025-04-05T15:22:46                      10
/home/airflow/.local/lib/python3.12/site-packages/airflow/example_dags/example_local_kubernetes_executor.py                                                 1           0  0.07s           2025-04-05T15:22:55                      10
/home/airflow/.local/lib/python3.12/site-packages/airflow/example_dags/example_external_task_marker_dag.py                                                  2           0  0.07s           2025-04-05T15:22:53                      13
/home/airflow/.local/lib/python3.12/site-packages/airflow/example_dags/example_display_name.py                                                              1           0  0.07s           2025-04-05T15:22:55                      10
/home/airflow/.local/lib/python3.12/site-packages/airflow/example_dags/example_dynamic_task_mapping_with_no_taskflow_operators.py                           1           0  0.07s           2025-04-05T15:22:50                      10
/home/airflow/.local/lib/python3.12/site-packages/airflow/example_dags/example_dynamic_task_mapping.py                                                      1           0  0.07s           2025-04-05T15:22:50                      10
/home/airflow/.local/lib/python3.12/site-packages/airflow/example_dags/tutorial_taskflow_api.py                                                             1           0  0.07s           2025-04-05T15:22:53                      10
/home/airflow/.local/lib/python3.12/site-packages/airflow/example_dags/example_trigger_target_dag.py                                                        1           0  0.07s           2025-04-05T15:22:47                      10
/home/airflow/.local/lib/python3.12/site-packages/airflow/example_dags/plugins/event_listener.py                                                            0           0  0.04s           2025-04-05T15:22:55                       3
/home/airflow/.local/lib/python3.12/site-packages/airflow/example_dags/plugins/decreasing_priority_weight_strategy.py                                       0           0  0.03s           2025-04-05T15:22:55                       3
/home/airflow/.local/lib/python3.12/site-packages/airflow/example_dags/plugins/listener_plugin.py                                                           0           0  0.03s           2025-04-05T15:22:55                       3
/home/airflow/.local/lib/python3.12/site-packages/airflow/example_dags/subdags/subdag.py                                                                    0           0  0.03s           2025-04-05T15:22:55                       3
/home/airflow/.local/lib/python3.12/site-packages/airflow/example_dags/plugins/workday.py                                                                   0           0  0.03s           2025-04-05T15:22:55                       3
================================================================================
[2025-04-05T15:23:42.372+0000] {manager.py:997} INFO - 
================================================================================
DAG File Processing Stats

File Path                                                                                                                          PID    Runtime      # DAGs    # Errors  Last Runtime    Last Run               Last # of DB Queries
---------------------------------------------------------------------------------------------------------------------------------  -----  ---------  --------  ----------  --------------  -------------------  ----------------------
/home/airflow/.local/lib/python3.12/site-packages/airflow/example_dags/example_outlet_event_extra.py                                                        3           0  0.59s           2025-04-05T15:23:23                      19
/home/airflow/.local/lib/python3.12/site-packages/airflow/example_dags/example_datasets.py                                                                 10           0  0.58s           2025-04-05T15:23:28                      49
/home/airflow/.local/lib/python3.12/site-packages/airflow/example_dags/example_dataset_alias.py                                                             4           0  0.56s           2025-04-05T15:23:28                      27
/home/airflow/.local/lib/python3.12/site-packages/airflow/example_dags/example_dataset_alias_with_no_taskflow.py                                            4           0  0.56s           2025-04-05T15:23:29                      27
/home/airflow/.local/lib/python3.12/site-packages/airflow/example_dags/example_inlet_event_extra.py                                                         2           0  0.47s           2025-04-05T15:23:20                      15
/home/airflow/.local/lib/python3.12/site-packages/airflow/example_dags/example_dag_decorator.py                                                             1           0  0.22s           2025-04-05T15:23:21                      32
/home/airflow/.local/lib/python3.12/site-packages/airflow/example_dags/example_branch_python_dop_operator_3.py                                              1           0  0.13s           2025-04-05T15:23:24                      12
/home/airflow/.local/lib/python3.12/site-packages/airflow/example_dags/example_workday_timetable.py                                                         1           0  0.12s           2025-04-05T15:23:22                      12
/home/airflow/.local/lib/python3.12/site-packages/airflow/example_dags/example_params_ui_tutorial.py                                                        1           0  0.11s           2025-04-05T15:23:23                      10
/home/airflow/.local/lib/python3.12/site-packages/airflow/example_dags/tutorial_dag.py                                                                      1           0  0.11s           2025-04-05T15:23:24                      10
/home/airflow/.local/lib/python3.12/site-packages/airflow/example_dags/example_xcomargs.py                                                                  2           0  0.11s           2025-04-05T15:23:25                      13
/home/airflow/.local/lib/python3.12/site-packages/airflow/example_dags/example_branch_datetime_operator.py                                                  3           0  0.11s           2025-04-05T15:23:22                      18
/home/airflow/.local/lib/python3.12/site-packages/airflow/example_dags/example_branch_operator_decorator.py                                                 1           0  0.10s           2025-04-05T15:23:21                      12
/home/airflow/.local/lib/python3.12/site-packages/airflow/example_dags/example_subdag_operator.py                                                           3           0  0.10s           2025-04-05T15:23:24                      20
/home/airflow/.local/lib/python3.12/site-packages/airflow/example_dags/example_sensors.py                                                                   1           0  0.10s           2025-04-05T15:23:23                      10
/home/airflow/.local/lib/python3.12/site-packages/airflow/example_dags/example_branch_operator.py                                                           1           0  0.10s           2025-04-05T15:23:24                      12
/home/airflow/.local/lib/python3.12/site-packages/airflow/example_dags/example_time_delta_sensor_async.py                                                   1           0  0.10s           2025-04-05T15:23:24                      10
/home/airflow/.local/lib/python3.12/site-packages/airflow/example_dags/example_params_trigger_ui.py                                                         1           0  0.09s           2025-04-05T15:23:24                      10
/home/airflow/.local/lib/python3.12/site-packages/airflow/example_dags/example_branch_day_of_week_operator.py                                               1           0  0.09s           2025-04-05T15:23:14                      12
/home/airflow/.local/lib/python3.12/site-packages/airflow/example_dags/example_skip_dag.py                                                                  1           0  0.09s           2025-04-05T15:23:19                      12
/home/airflow/.local/lib/python3.12/site-packages/airflow/example_dags/tutorial_taskflow_api_virtualenv.py                                                  1           0  0.09s           2025-04-05T15:23:25                      10
/home/airflow/.local/lib/python3.12/site-packages/airflow/example_dags/example_task_group_decorator.py                                                      1           0  0.09s           2025-04-05T15:23:21                      10
/home/airflow/.local/lib/python3.12/site-packages/airflow/example_dags/example_nested_branch_dag.py                                                         1           0  0.09s           2025-04-05T15:23:17                      12
/home/airflow/.local/lib/python3.12/site-packages/airflow/example_dags/example_passing_params_via_test_command.py                                           1           0  0.09s           2025-04-05T15:23:15                      12
/home/airflow/.local/lib/python3.12/site-packages/airflow/example_dags/example_short_circuit_operator.py                                                    1           0  0.09s           2025-04-05T15:23:15                      10
/home/airflow/.local/lib/python3.12/site-packages/airflow/example_dags/example_complex.py                                                                   1           0  0.08s           2025-04-05T15:23:17                      10
/home/airflow/.local/lib/python3.12/site-packages/airflow/example_dags/example_external_task_marker_dag.py                                                  2           0  0.08s           2025-04-05T15:23:23                      13
/home/airflow/.local/lib/python3.12/site-packages/airflow/example_dags/tutorial.py                                                                          1           0  0.08s           2025-04-05T15:23:24                      12
/home/airflow/.local/lib/python3.12/site-packages/airflow/example_dags/example_bash_decorator.py                                                            1           0  0.08s           2025-04-05T15:23:14                      10
/home/airflow/.local/lib/python3.12/site-packages/airflow/example_dags/tutorial_taskflow_api.py                                                             1           0  0.08s           2025-04-05T15:23:23                      10
/home/airflow/.local/lib/python3.12/site-packages/airflow/example_dags/example_trigger_controller_dag.py                                                    1           0  0.08s           2025-04-05T15:23:24                      12
/home/airflow/.local/lib/python3.12/site-packages/airflow/example_dags/example_bash_operator.py                                                             1           0  0.08s           2025-04-05T15:23:21                      12
/home/airflow/.local/lib/python3.12/site-packages/airflow/example_dags/example_local_kubernetes_executor.py                                                 1           0  0.08s           2025-04-05T15:23:26                      10
/home/airflow/.local/lib/python3.12/site-packages/airflow/example_dags/tutorial_taskflow_templates.py                                                       1           0  0.08s           2025-04-05T15:23:17                      12
/home/airflow/.local/lib/python3.12/site-packages/airflow/example_dags/example_sla_dag.py                                                                   1           0  0.08s           2025-04-05T15:23:17                      12
/home/airflow/.local/lib/python3.12/site-packages/airflow/example_dags/example_branch_labels.py                                                             1           0  0.08s           2025-04-05T15:23:21                      12
/home/airflow/.local/lib/python3.12/site-packages/airflow/example_dags/example_python_decorator.py                                                          1           0  0.08s           2025-04-05T15:23:21                      10
/home/airflow/.local/lib/python3.12/site-packages/airflow/example_dags/example_latest_only.py                                                               1           0  0.08s           2025-04-05T15:23:15                      12
/home/airflow/.local/lib/python3.12/site-packages/airflow/example_dags/example_latest_only_with_trigger.py                                                  1           0  0.08s           2025-04-05T15:23:15                      12
/home/airflow/.local/lib/python3.12/site-packages/airflow/example_dags/example_kubernetes_executor.py                                                       1           0  0.08s           2025-04-05T15:23:20                      10
/home/airflow/.local/lib/python3.12/site-packages/airflow/example_dags/example_xcom.py                                                                      1           0  0.08s           2025-04-05T15:23:20                      12
/home/airflow/.local/lib/python3.12/site-packages/airflow/example_dags/example_short_circuit_decorator.py                                                   1           0  0.08s           2025-04-05T15:23:17                      10
/home/airflow/.local/lib/python3.12/site-packages/airflow/example_dags/example_display_name.py                                                              1           0  0.07s           2025-04-05T15:23:26                      10
/home/airflow/.local/lib/python3.12/site-packages/airflow/example_dags/example_setup_teardown_taskflow.py                                                   1           0  0.07s           2025-04-05T15:23:17                      10
/home/airflow/.local/lib/python3.12/site-packages/airflow/example_dags/example_sensor_decorator.py                                                          1           0  0.07s           2025-04-05T15:23:17                      10
/home/airflow/.local/lib/python3.12/site-packages/airflow/example_dags/example_python_operator.py                                                           1           0  0.07s           2025-04-05T15:23:25                      10
/home/airflow/.local/lib/python3.12/site-packages/airflow/example_dags/example_setup_teardown.py                                                            1           0  0.07s           2025-04-05T15:23:18                      10
/home/airflow/.local/lib/python3.12/site-packages/airflow/example_dags/example_task_group.py                                                                1           0  0.07s           2025-04-05T15:23:19                      10
/home/airflow/.local/lib/python3.12/site-packages/airflow/example_dags/example_dynamic_task_mapping.py                                                      1           0  0.07s           2025-04-05T15:23:21                      10
/home/airflow/.local/lib/python3.12/site-packages/airflow/example_dags/example_trigger_target_dag.py                                                        1           0  0.07s           2025-04-05T15:23:18                      10
/home/airflow/.local/lib/python3.12/site-packages/airflow/example_dags/example_dynamic_task_mapping_with_no_taskflow_operators.py                           1           0  0.07s           2025-04-05T15:23:21                      10
/home/airflow/.local/lib/python3.12/site-packages/airflow/example_dags/tutorial_objectstorage.py                                                            1           0  0.07s           2025-04-05T15:23:17                      10
/home/airflow/.local/lib/python3.12/site-packages/airflow/example_dags/plugins/listener_plugin.py                                                           0           0  0.04s           2025-04-05T15:23:26                       3
/home/airflow/.local/lib/python3.12/site-packages/airflow/example_dags/plugins/workday.py                                                                   0           0  0.04s           2025-04-05T15:23:26                       3
/home/airflow/.local/lib/python3.12/site-packages/airflow/example_dags/plugins/event_listener.py                                                            0           0  0.04s           2025-04-05T15:23:26                       3
/home/airflow/.local/lib/python3.12/site-packages/airflow/example_dags/plugins/decreasing_priority_weight_strategy.py                                       0           0  0.04s           2025-04-05T15:23:26                       3
/home/airflow/.local/lib/python3.12/site-packages/airflow/example_dags/subdags/subdag.py                                                                    0           0  0.03s           2025-04-05T15:23:26                       3
================================================================================
[2025-04-05T15:24:10.660+0000] {manager.py:821} INFO - Searching for files in /opt/airflow/dags
[2025-04-05T15:24:10.674+0000] {manager.py:824} INFO - There are 57 files in /opt/airflow/dags
[2025-04-05T15:24:12.712+0000] {manager.py:997} INFO - 
================================================================================
DAG File Processing Stats

File Path                                                                                                                          PID    Runtime      # DAGs    # Errors  Last Runtime    Last Run               Last # of DB Queries
---------------------------------------------------------------------------------------------------------------------------------  -----  ---------  --------  ----------  --------------  -------------------  ----------------------
/home/airflow/.local/lib/python3.12/site-packages/airflow/example_dags/example_datasets.py                                                                 10           0  0.77s           2025-04-05T15:24:00                      49
/home/airflow/.local/lib/python3.12/site-packages/airflow/example_dags/example_dataset_alias.py                                                             4           0  0.75s           2025-04-05T15:24:00                      27
/home/airflow/.local/lib/python3.12/site-packages/airflow/example_dags/example_dataset_alias_with_no_taskflow.py                                            4           0  0.51s           2025-04-05T15:24:00                      27
/home/airflow/.local/lib/python3.12/site-packages/airflow/example_dags/example_inlet_event_extra.py                                                         2           0  0.47s           2025-04-05T15:23:51                      15
/home/airflow/.local/lib/python3.12/site-packages/airflow/example_dags/example_outlet_event_extra.py                                                        3           0  0.45s           2025-04-05T15:23:53                      19
/home/airflow/.local/lib/python3.12/site-packages/airflow/example_dags/example_dag_decorator.py                                                             1           0  0.19s           2025-04-05T15:23:51                      32
/home/airflow/.local/lib/python3.12/site-packages/airflow/example_dags/example_workday_timetable.py                                                         1           0  0.12s           2025-04-05T15:23:53                      12
/home/airflow/.local/lib/python3.12/site-packages/airflow/example_dags/example_subdag_operator.py                                                           3           0  0.12s           2025-04-05T15:23:55                      20
/home/airflow/.local/lib/python3.12/site-packages/airflow/example_dags/example_bash_operator.py                                                             1           0  0.12s           2025-04-05T15:23:52                      12
/home/airflow/.local/lib/python3.12/site-packages/airflow/example_dags/example_branch_operator.py                                                           1           0  0.11s           2025-04-05T15:23:54                      12
/home/airflow/.local/lib/python3.12/site-packages/airflow/example_dags/example_branch_datetime_operator.py                                                  3           0  0.11s           2025-04-05T15:23:53                      18
/home/airflow/.local/lib/python3.12/site-packages/airflow/example_dags/tutorial.py                                                                          1           0  0.11s           2025-04-05T15:23:55                      12
/home/airflow/.local/lib/python3.12/site-packages/airflow/example_dags/tutorial_taskflow_templates.py                                                       1           0  0.11s           2025-04-05T15:23:47                      12
/home/airflow/.local/lib/python3.12/site-packages/airflow/example_dags/example_complex.py                                                                   1           0  0.10s           2025-04-05T15:23:47                      10
/home/airflow/.local/lib/python3.12/site-packages/airflow/example_dags/example_branch_operator_decorator.py                                                 1           0  0.09s           2025-04-05T15:23:51                      12
/home/airflow/.local/lib/python3.12/site-packages/airflow/example_dags/example_trigger_controller_dag.py                                                    1           0  0.09s           2025-04-05T15:23:54                      12
/home/airflow/.local/lib/python3.12/site-packages/airflow/example_dags/tutorial_taskflow_api_virtualenv.py                                                  1           0  0.09s           2025-04-05T15:23:56                      10
/home/airflow/.local/lib/python3.12/site-packages/airflow/example_dags/tutorial_taskflow_api.py                                                             1           0  0.09s           2025-04-05T15:23:53                      10
/home/airflow/.local/lib/python3.12/site-packages/airflow/example_dags/example_xcomargs.py                                                                  2           0  0.09s           2025-04-05T15:23:56                      13
/home/airflow/.local/lib/python3.12/site-packages/airflow/example_dags/example_nested_branch_dag.py                                                         1           0  0.09s           2025-04-05T15:23:47                      12
/home/airflow/.local/lib/python3.12/site-packages/airflow/example_dags/example_params_ui_tutorial.py                                                        1           0  0.08s           2025-04-05T15:23:53                      10
/home/airflow/.local/lib/python3.12/site-packages/airflow/example_dags/example_params_trigger_ui.py                                                         1           0  0.08s           2025-04-05T15:23:55                      10
/home/airflow/.local/lib/python3.12/site-packages/airflow/example_dags/example_passing_params_via_test_command.py                                           1           0  0.08s           2025-04-05T15:23:45                      12
/home/airflow/.local/lib/python3.12/site-packages/airflow/example_dags/example_branch_python_dop_operator_3.py                                              1           0  0.08s           2025-04-05T15:23:55                      12
/home/airflow/.local/lib/python3.12/site-packages/airflow/example_dags/example_branch_labels.py                                                             1           0  0.08s           2025-04-05T15:23:51                      12
/home/airflow/.local/lib/python3.12/site-packages/airflow/example_dags/example_kubernetes_executor.py                                                       1           0  0.08s           2025-04-05T15:23:51                      10
/home/airflow/.local/lib/python3.12/site-packages/airflow/example_dags/example_skip_dag.py                                                                  1           0  0.08s           2025-04-05T15:23:50                      12
/home/airflow/.local/lib/python3.12/site-packages/airflow/example_dags/example_dynamic_task_mapping.py                                                      1           0  0.08s           2025-04-05T15:23:52                      10
/home/airflow/.local/lib/python3.12/site-packages/airflow/example_dags/example_bash_decorator.py                                                            1           0  0.08s           2025-04-05T15:23:44                      10
/home/airflow/.local/lib/python3.12/site-packages/airflow/example_dags/example_task_group_decorator.py                                                      1           0  0.08s           2025-04-05T15:23:51                      10
/home/airflow/.local/lib/python3.12/site-packages/airflow/example_dags/example_xcom.py                                                                      1           0  0.08s           2025-04-05T15:23:51                      12
/home/airflow/.local/lib/python3.12/site-packages/airflow/example_dags/example_sensors.py                                                                   1           0  0.08s           2025-04-05T15:23:53                      10
/home/airflow/.local/lib/python3.12/site-packages/airflow/example_dags/example_latest_only_with_trigger.py                                                  1           0  0.08s           2025-04-05T15:23:45                      12
/home/airflow/.local/lib/python3.12/site-packages/airflow/example_dags/example_branch_day_of_week_operator.py                                               1           0  0.08s           2025-04-05T15:23:44                      12
/home/airflow/.local/lib/python3.12/site-packages/airflow/example_dags/example_short_circuit_operator.py                                                    1           0  0.08s           2025-04-05T15:23:45                      10
/home/airflow/.local/lib/python3.12/site-packages/airflow/example_dags/example_short_circuit_decorator.py                                                   1           0  0.08s           2025-04-05T15:23:48                      10
/home/airflow/.local/lib/python3.12/site-packages/airflow/example_dags/example_python_decorator.py                                                          1           0  0.07s           2025-04-05T15:23:51                      10
/home/airflow/.local/lib/python3.12/site-packages/airflow/example_dags/example_latest_only.py                                                               1           0  0.07s           2025-04-05T15:23:45                      12
/home/airflow/.local/lib/python3.12/site-packages/airflow/example_dags/example_sla_dag.py                                                                   1           0  0.07s           2025-04-05T15:23:48                      12
/home/airflow/.local/lib/python3.12/site-packages/airflow/example_dags/example_setup_teardown_taskflow.py                                                   1           0  0.07s           2025-04-05T15:23:47                      10
/home/airflow/.local/lib/python3.12/site-packages/airflow/example_dags/example_dynamic_task_mapping_with_no_taskflow_operators.py                           1           0  0.07s           2025-04-05T15:23:51                      10
/home/airflow/.local/lib/python3.12/site-packages/airflow/example_dags/example_time_delta_sensor_async.py                                                   1           0  0.07s           2025-04-05T15:23:55                      10
/home/airflow/.local/lib/python3.12/site-packages/airflow/example_dags/example_setup_teardown.py                                                            1           0  0.07s           2025-04-05T15:23:49                      10
/home/airflow/.local/lib/python3.12/site-packages/airflow/example_dags/example_python_operator.py                                                           1           0  0.07s           2025-04-05T15:23:56                      10
/home/airflow/.local/lib/python3.12/site-packages/airflow/example_dags/example_task_group.py                                                                1           0  0.07s           2025-04-05T15:23:50                      10
/home/airflow/.local/lib/python3.12/site-packages/airflow/example_dags/example_local_kubernetes_executor.py                                                 1           0  0.07s           2025-04-05T15:23:56                      10
/home/airflow/.local/lib/python3.12/site-packages/airflow/example_dags/example_sensor_decorator.py                                                          1           0  0.07s           2025-04-05T15:23:48                      10
/home/airflow/.local/lib/python3.12/site-packages/airflow/example_dags/tutorial_objectstorage.py                                                            1           0  0.07s           2025-04-05T15:23:47                      10
/home/airflow/.local/lib/python3.12/site-packages/airflow/example_dags/example_trigger_target_dag.py                                                        1           0  0.07s           2025-04-05T15:23:49                      10
/home/airflow/.local/lib/python3.12/site-packages/airflow/example_dags/example_external_task_marker_dag.py                                                  2           0  0.07s           2025-04-05T15:23:53                      13
/home/airflow/.local/lib/python3.12/site-packages/airflow/example_dags/tutorial_dag.py                                                                      1           0  0.07s           2025-04-05T15:23:55                      10
/home/airflow/.local/lib/python3.12/site-packages/airflow/example_dags/example_display_name.py                                                              1           0  0.07s           2025-04-05T15:23:56                      10
/home/airflow/.local/lib/python3.12/site-packages/airflow/example_dags/plugins/event_listener.py                                                            0           0  0.03s           2025-04-05T15:23:56                       3
/home/airflow/.local/lib/python3.12/site-packages/airflow/example_dags/plugins/listener_plugin.py                                                           0           0  0.03s           2025-04-05T15:23:56                       3
/home/airflow/.local/lib/python3.12/site-packages/airflow/example_dags/plugins/workday.py                                                                   0           0  0.03s           2025-04-05T15:23:56                       3
/home/airflow/.local/lib/python3.12/site-packages/airflow/example_dags/subdags/subdag.py                                                                    0           0  0.03s           2025-04-05T15:23:56                       3
/home/airflow/.local/lib/python3.12/site-packages/airflow/example_dags/plugins/decreasing_priority_weight_strategy.py                                       0           0  0.03s           2025-04-05T15:23:56                       3
================================================================================
[2025-04-05T15:24:43.040+0000] {manager.py:997} INFO - 
================================================================================
DAG File Processing Stats

File Path                                                                                                                          PID    Runtime      # DAGs    # Errors  Last Runtime    Last Run               Last # of DB Queries
---------------------------------------------------------------------------------------------------------------------------------  -----  ---------  --------  ----------  --------------  -------------------  ----------------------
/home/airflow/.local/lib/python3.12/site-packages/airflow/example_dags/example_outlet_event_extra.py                                                        3           0  0.66s           2025-04-05T15:24:24                      19
/home/airflow/.local/lib/python3.12/site-packages/airflow/example_dags/example_datasets.py                                                                 10           0  0.65s           2025-04-05T15:24:31                      49
/home/airflow/.local/lib/python3.12/site-packages/airflow/example_dags/example_dataset_alias.py                                                             4           0  0.63s           2025-04-05T15:24:31                      27
/home/airflow/.local/lib/python3.12/site-packages/airflow/example_dags/example_inlet_event_extra.py                                                         2           0  0.51s           2025-04-05T15:24:23                      15
/home/airflow/.local/lib/python3.12/site-packages/airflow/example_dags/example_dataset_alias_with_no_taskflow.py                                            4           0  0.49s           2025-04-05T15:24:31                      27
/home/airflow/.local/lib/python3.12/site-packages/airflow/example_dags/example_dag_decorator.py                                                             1           0  0.22s           2025-04-05T15:24:22                      32
/home/airflow/.local/lib/python3.12/site-packages/airflow/example_dags/example_params_trigger_ui.py                                                         1           0  0.12s           2025-04-05T15:24:25                      10
/home/airflow/.local/lib/python3.12/site-packages/airflow/example_dags/example_branch_operator.py                                                           1           0  0.11s           2025-04-05T15:24:25                      12
/home/airflow/.local/lib/python3.12/site-packages/airflow/example_dags/example_nested_branch_dag.py                                                         1           0  0.11s           2025-04-05T15:24:18                      12
/home/airflow/.local/lib/python3.12/site-packages/airflow/example_dags/example_subdag_operator.py                                                           3           0  0.11s           2025-04-05T15:24:25                      20
/home/airflow/.local/lib/python3.12/site-packages/airflow/example_dags/example_branch_python_dop_operator_3.py                                              1           0  0.11s           2025-04-05T15:24:25                      12
/home/airflow/.local/lib/python3.12/site-packages/airflow/example_dags/example_workday_timetable.py                                                         1           0  0.11s           2025-04-05T15:24:23                      12
/home/airflow/.local/lib/python3.12/site-packages/airflow/example_dags/example_branch_day_of_week_operator.py                                               1           0  0.10s           2025-04-05T15:24:14                      12
/home/airflow/.local/lib/python3.12/site-packages/airflow/example_dags/example_bash_decorator.py                                                            1           0  0.10s           2025-04-05T15:24:14                      10
/home/airflow/.local/lib/python3.12/site-packages/airflow/example_dags/example_xcomargs.py                                                                  2           0  0.10s           2025-04-05T15:24:26                      13
/home/airflow/.local/lib/python3.12/site-packages/airflow/example_dags/example_branch_datetime_operator.py                                                  3           0  0.10s           2025-04-05T15:24:23                      18
/home/airflow/.local/lib/python3.12/site-packages/airflow/example_dags/example_bash_operator.py                                                             1           0  0.10s           2025-04-05T15:24:23                      12
/home/airflow/.local/lib/python3.12/site-packages/airflow/example_dags/example_branch_operator_decorator.py                                                 1           0  0.10s           2025-04-05T15:24:22                      12
/home/airflow/.local/lib/python3.12/site-packages/airflow/example_dags/example_setup_teardown_taskflow.py                                                   1           0  0.09s           2025-04-05T15:24:18                      10
/home/airflow/.local/lib/python3.12/site-packages/airflow/example_dags/tutorial.py                                                                          1           0  0.09s           2025-04-05T15:24:25                      12
/home/airflow/.local/lib/python3.12/site-packages/airflow/example_dags/example_passing_params_via_test_command.py                                           1           0  0.09s           2025-04-05T15:24:15                      12
/home/airflow/.local/lib/python3.12/site-packages/airflow/example_dags/example_sensors.py                                                                   1           0  0.09s           2025-04-05T15:24:24                      10
/home/airflow/.local/lib/python3.12/site-packages/airflow/example_dags/example_short_circuit_operator.py                                                    1           0  0.09s           2025-04-05T15:24:15                      10
/home/airflow/.local/lib/python3.12/site-packages/airflow/example_dags/example_kubernetes_executor.py                                                       1           0  0.09s           2025-04-05T15:24:21                      10
/home/airflow/.local/lib/python3.12/site-packages/airflow/example_dags/tutorial_taskflow_api.py                                                             1           0  0.09s           2025-04-05T15:24:24                      10
/home/airflow/.local/lib/python3.12/site-packages/airflow/example_dags/tutorial_taskflow_api_virtualenv.py                                                  1           0  0.09s           2025-04-05T15:24:26                      10
/home/airflow/.local/lib/python3.12/site-packages/airflow/example_dags/example_complex.py                                                                   1           0  0.09s           2025-04-05T15:24:18                      10
/home/airflow/.local/lib/python3.12/site-packages/airflow/example_dags/tutorial_taskflow_templates.py                                                       1           0  0.09s           2025-04-05T15:24:18                      12
/home/airflow/.local/lib/python3.12/site-packages/airflow/example_dags/example_params_ui_tutorial.py                                                        1           0  0.09s           2025-04-05T15:24:23                      10
/home/airflow/.local/lib/python3.12/site-packages/airflow/example_dags/example_trigger_controller_dag.py                                                    1           0  0.08s           2025-04-05T15:24:25                      12
/home/airflow/.local/lib/python3.12/site-packages/airflow/example_dags/example_external_task_marker_dag.py                                                  2           0  0.08s           2025-04-05T15:24:24                      13
/home/airflow/.local/lib/python3.12/site-packages/airflow/example_dags/example_latest_only_with_trigger.py                                                  1           0  0.08s           2025-04-05T15:24:15                      12
/home/airflow/.local/lib/python3.12/site-packages/airflow/example_dags/example_sla_dag.py                                                                   1           0  0.08s           2025-04-05T15:24:18                      12
/home/airflow/.local/lib/python3.12/site-packages/airflow/example_dags/example_xcom.py                                                                      1           0  0.08s           2025-04-05T15:24:21                      12
/home/airflow/.local/lib/python3.12/site-packages/airflow/example_dags/example_latest_only.py                                                               1           0  0.08s           2025-04-05T15:24:15                      12
/home/airflow/.local/lib/python3.12/site-packages/airflow/example_dags/example_skip_dag.py                                                                  1           0  0.08s           2025-04-05T15:24:20                      12
/home/airflow/.local/lib/python3.12/site-packages/airflow/example_dags/example_task_group_decorator.py                                                      1           0  0.08s           2025-04-05T15:24:21                      10
/home/airflow/.local/lib/python3.12/site-packages/airflow/example_dags/example_branch_labels.py                                                             1           0  0.08s           2025-04-05T15:24:23                      12
/home/airflow/.local/lib/python3.12/site-packages/airflow/example_dags/example_short_circuit_decorator.py                                                   1           0  0.08s           2025-04-05T15:24:18                      10
/home/airflow/.local/lib/python3.12/site-packages/airflow/example_dags/tutorial_dag.py                                                                      1           0  0.08s           2025-04-05T15:24:25                      10
/home/airflow/.local/lib/python3.12/site-packages/airflow/example_dags/example_python_decorator.py                                                          1           0  0.08s           2025-04-05T15:24:22                      10
/home/airflow/.local/lib/python3.12/site-packages/airflow/example_dags/example_sensor_decorator.py                                                          1           0  0.08s           2025-04-05T15:24:18                      10
/home/airflow/.local/lib/python3.12/site-packages/airflow/example_dags/example_time_delta_sensor_async.py                                                   1           0  0.07s           2025-04-05T15:24:25                      10
/home/airflow/.local/lib/python3.12/site-packages/airflow/example_dags/example_dynamic_task_mapping.py                                                      1           0  0.07s           2025-04-05T15:24:23                      10
/home/airflow/.local/lib/python3.12/site-packages/airflow/example_dags/example_task_group.py                                                                1           0  0.07s           2025-04-05T15:24:20                      10
/home/airflow/.local/lib/python3.12/site-packages/airflow/example_dags/example_trigger_target_dag.py                                                        1           0  0.07s           2025-04-05T15:24:19                      10
/home/airflow/.local/lib/python3.12/site-packages/airflow/example_dags/example_local_kubernetes_executor.py                                                 1           0  0.07s           2025-04-05T15:24:26                      10
/home/airflow/.local/lib/python3.12/site-packages/airflow/example_dags/example_setup_teardown.py                                                            1           0  0.07s           2025-04-05T15:24:19                      10
/home/airflow/.local/lib/python3.12/site-packages/airflow/example_dags/example_python_operator.py                                                           1           0  0.07s           2025-04-05T15:24:26                      10
/home/airflow/.local/lib/python3.12/site-packages/airflow/example_dags/example_dynamic_task_mapping_with_no_taskflow_operators.py                           1           0  0.07s           2025-04-05T15:24:23                      10
/home/airflow/.local/lib/python3.12/site-packages/airflow/example_dags/tutorial_objectstorage.py                                                            1           0  0.07s           2025-04-05T15:24:18                      10
/home/airflow/.local/lib/python3.12/site-packages/airflow/example_dags/example_display_name.py                                                              1           0  0.07s           2025-04-05T15:24:26                      10
/home/airflow/.local/lib/python3.12/site-packages/airflow/example_dags/plugins/event_listener.py                                                            0           0  0.03s           2025-04-05T15:24:26                       3
/home/airflow/.local/lib/python3.12/site-packages/airflow/example_dags/plugins/listener_plugin.py                                                           0           0  0.03s           2025-04-05T15:24:26                       3
/home/airflow/.local/lib/python3.12/site-packages/airflow/example_dags/subdags/subdag.py                                                                    0           0  0.03s           2025-04-05T15:24:26                       3
/home/airflow/.local/lib/python3.12/site-packages/airflow/example_dags/plugins/decreasing_priority_weight_strategy.py                                       0           0  0.03s           2025-04-05T15:24:26                       3
/home/airflow/.local/lib/python3.12/site-packages/airflow/example_dags/plugins/workday.py                                                                   0           0  0.03s           2025-04-05T15:24:26                       3
================================================================================
[2025-04-05T15:25:13.364+0000] {manager.py:997} INFO - 
================================================================================
DAG File Processing Stats

File Path                                                                                                                          PID    Runtime      # DAGs    # Errors  Last Runtime    Last Run               Last # of DB Queries
---------------------------------------------------------------------------------------------------------------------------------  -----  ---------  --------  ----------  --------------  -------------------  ----------------------
/home/airflow/.local/lib/python3.12/site-packages/airflow/example_dags/example_datasets.py                                                                 10           0  0.56s           2025-04-05T15:25:02                      49
/home/airflow/.local/lib/python3.12/site-packages/airflow/example_dags/example_inlet_event_extra.py                                                         2           0  0.54s           2025-04-05T15:24:53                      15
/home/airflow/.local/lib/python3.12/site-packages/airflow/example_dags/example_dataset_alias.py                                                             4           0  0.53s           2025-04-05T15:25:02                      27
/home/airflow/.local/lib/python3.12/site-packages/airflow/example_dags/example_outlet_event_extra.py                                                        3           0  0.48s           2025-04-05T15:24:56                      19
/home/airflow/.local/lib/python3.12/site-packages/airflow/example_dags/example_dataset_alias_with_no_taskflow.py                                            4           0  0.47s           2025-04-05T15:25:02                      27
/home/airflow/.local/lib/python3.12/site-packages/airflow/example_dags/example_dag_decorator.py                                                             1           0  0.19s           2025-04-05T15:24:53                      32
/home/airflow/.local/lib/python3.12/site-packages/airflow/example_dags/example_workday_timetable.py                                                         1           0  0.11s           2025-04-05T15:24:53                      12
/home/airflow/.local/lib/python3.12/site-packages/airflow/example_dags/example_branch_datetime_operator.py                                                  3           0  0.10s           2025-04-05T15:24:53                      18
/home/airflow/.local/lib/python3.12/site-packages/airflow/example_dags/example_sensors.py                                                                   1           0  0.10s           2025-04-05T15:24:54                      10
/home/airflow/.local/lib/python3.12/site-packages/airflow/example_dags/example_nested_branch_dag.py                                                         1           0  0.10s           2025-04-05T15:24:48                      12
/home/airflow/.local/lib/python3.12/site-packages/airflow/example_dags/example_subdag_operator.py                                                           3           0  0.09s           2025-04-05T15:24:56                      20
/home/airflow/.local/lib/python3.12/site-packages/airflow/example_dags/example_branch_operator_decorator.py                                                 1           0  0.09s           2025-04-05T15:24:53                      12
/home/airflow/.local/lib/python3.12/site-packages/airflow/example_dags/example_bash_operator.py                                                             1           0  0.09s           2025-04-05T15:24:53                      12
/home/airflow/.local/lib/python3.12/site-packages/airflow/example_dags/example_params_trigger_ui.py                                                         1           0  0.09s           2025-04-05T15:24:56                      10
/home/airflow/.local/lib/python3.12/site-packages/airflow/example_dags/tutorial_taskflow_api_virtualenv.py                                                  1           0  0.09s           2025-04-05T15:24:57                      10
/home/airflow/.local/lib/python3.12/site-packages/airflow/example_dags/example_branch_operator.py                                                           1           0  0.09s           2025-04-05T15:24:55                      12
/home/airflow/.local/lib/python3.12/site-packages/airflow/example_dags/example_params_ui_tutorial.py                                                        1           0  0.09s           2025-04-05T15:24:53                      10
/home/airflow/.local/lib/python3.12/site-packages/airflow/example_dags/example_complex.py                                                                   1           0  0.09s           2025-04-05T15:24:48                      10
/home/airflow/.local/lib/python3.12/site-packages/airflow/example_dags/tutorial_taskflow_api.py                                                             1           0  0.08s           2025-04-05T15:24:54                      10
/home/airflow/.local/lib/python3.12/site-packages/airflow/example_dags/example_branch_python_dop_operator_3.py                                              1           0  0.08s           2025-04-05T15:24:56                      12
/home/airflow/.local/lib/python3.12/site-packages/airflow/example_dags/example_xcomargs.py                                                                  2           0  0.08s           2025-04-05T15:24:57                      13
/home/airflow/.local/lib/python3.12/site-packages/airflow/example_dags/example_passing_params_via_test_command.py                                           1           0  0.08s           2025-04-05T15:24:46                      12
/home/airflow/.local/lib/python3.12/site-packages/airflow/example_dags/example_branch_day_of_week_operator.py                                               1           0  0.08s           2025-04-05T15:24:45                      12
/home/airflow/.local/lib/python3.12/site-packages/airflow/example_dags/tutorial_taskflow_templates.py                                                       1           0  0.08s           2025-04-05T15:24:48                      12
/home/airflow/.local/lib/python3.12/site-packages/airflow/example_dags/example_setup_teardown_taskflow.py                                                   1           0  0.08s           2025-04-05T15:24:48                      10
/home/airflow/.local/lib/python3.12/site-packages/airflow/example_dags/example_branch_labels.py                                                             1           0  0.08s           2025-04-05T15:24:53                      12
/home/airflow/.local/lib/python3.12/site-packages/airflow/example_dags/example_bash_decorator.py                                                            1           0  0.08s           2025-04-05T15:24:45                      10
/home/airflow/.local/lib/python3.12/site-packages/airflow/example_dags/example_xcom.py                                                                      1           0  0.08s           2025-04-05T15:24:51                      12
/home/airflow/.local/lib/python3.12/site-packages/airflow/example_dags/example_kubernetes_executor.py                                                       1           0  0.08s           2025-04-05T15:24:51                      10
/home/airflow/.local/lib/python3.12/site-packages/airflow/example_dags/example_skip_dag.py                                                                  1           0  0.08s           2025-04-05T15:24:50                      12
/home/airflow/.local/lib/python3.12/site-packages/airflow/example_dags/example_latest_only_with_trigger.py                                                  1           0  0.08s           2025-04-05T15:24:46                      12
/home/airflow/.local/lib/python3.12/site-packages/airflow/example_dags/example_external_task_marker_dag.py                                                  2           0  0.08s           2025-04-05T15:24:54                      13
/home/airflow/.local/lib/python3.12/site-packages/airflow/example_dags/example_python_decorator.py                                                          1           0  0.08s           2025-04-05T15:24:53                      10
/home/airflow/.local/lib/python3.12/site-packages/airflow/example_dags/example_sla_dag.py                                                                   1           0  0.08s           2025-04-05T15:24:48                      12
/home/airflow/.local/lib/python3.12/site-packages/airflow/example_dags/example_python_operator.py                                                           1           0  0.08s           2025-04-05T15:24:57                      10
/home/airflow/.local/lib/python3.12/site-packages/airflow/example_dags/example_dynamic_task_mapping.py                                                      1           0  0.08s           2025-04-05T15:24:53                      10
/home/airflow/.local/lib/python3.12/site-packages/airflow/example_dags/tutorial.py                                                                          1           0  0.08s           2025-04-05T15:24:56                      12
/home/airflow/.local/lib/python3.12/site-packages/airflow/example_dags/example_sensor_decorator.py                                                          1           0  0.08s           2025-04-05T15:24:48                      10
/home/airflow/.local/lib/python3.12/site-packages/airflow/example_dags/example_time_delta_sensor_async.py                                                   1           0  0.08s           2025-04-05T15:24:56                      10
/home/airflow/.local/lib/python3.12/site-packages/airflow/example_dags/example_latest_only.py                                                               1           0  0.07s           2025-04-05T15:24:46                      12
/home/airflow/.local/lib/python3.12/site-packages/airflow/example_dags/example_local_kubernetes_executor.py                                                 1           0  0.07s           2025-04-05T15:24:57                      10
/home/airflow/.local/lib/python3.12/site-packages/airflow/example_dags/example_short_circuit_operator.py                                                    1           0  0.07s           2025-04-05T15:24:46                      10
/home/airflow/.local/lib/python3.12/site-packages/airflow/example_dags/example_trigger_controller_dag.py                                                    1           0  0.07s           2025-04-05T15:24:55                      12
/home/airflow/.local/lib/python3.12/site-packages/airflow/example_dags/example_task_group_decorator.py                                                      1           0  0.07s           2025-04-05T15:24:51                      10
/home/airflow/.local/lib/python3.12/site-packages/airflow/example_dags/example_setup_teardown.py                                                            1           0  0.07s           2025-04-05T15:24:49                      10
/home/airflow/.local/lib/python3.12/site-packages/airflow/example_dags/example_dynamic_task_mapping_with_no_taskflow_operators.py                           1           0  0.07s           2025-04-05T15:24:53                      10
/home/airflow/.local/lib/python3.12/site-packages/airflow/example_dags/tutorial_dag.py                                                                      1           0  0.07s           2025-04-05T15:24:56                      10
/home/airflow/.local/lib/python3.12/site-packages/airflow/example_dags/example_display_name.py                                                              1           0  0.07s           2025-04-05T15:24:57                      10
/home/airflow/.local/lib/python3.12/site-packages/airflow/example_dags/example_trigger_target_dag.py                                                        1           0  0.07s           2025-04-05T15:24:49                      10
/home/airflow/.local/lib/python3.12/site-packages/airflow/example_dags/example_task_group.py                                                                1           0  0.07s           2025-04-05T15:24:50                      10
/home/airflow/.local/lib/python3.12/site-packages/airflow/example_dags/example_short_circuit_decorator.py                                                   1           0  0.07s           2025-04-05T15:24:48                      10
/home/airflow/.local/lib/python3.12/site-packages/airflow/example_dags/tutorial_objectstorage.py                                                            1           0  0.07s           2025-04-05T15:24:48                      10
/home/airflow/.local/lib/python3.12/site-packages/airflow/example_dags/plugins/event_listener.py                                                            0           0  0.03s           2025-04-05T15:24:57                       3
/home/airflow/.local/lib/python3.12/site-packages/airflow/example_dags/subdags/subdag.py                                                                    0           0  0.03s           2025-04-05T15:24:57                       3
/home/airflow/.local/lib/python3.12/site-packages/airflow/example_dags/plugins/listener_plugin.py                                                           0           0  0.03s           2025-04-05T15:24:57                       3
/home/airflow/.local/lib/python3.12/site-packages/airflow/example_dags/plugins/workday.py                                                                   0           0  0.03s           2025-04-05T15:24:57                       3
/home/airflow/.local/lib/python3.12/site-packages/airflow/example_dags/plugins/decreasing_priority_weight_strategy.py                                       0           0  0.03s           2025-04-05T15:24:57                       3
================================================================================
[2025-04-05T15:25:43.697+0000] {manager.py:997} INFO - 
================================================================================
DAG File Processing Stats

File Path                                                                                                                          PID    Runtime      # DAGs    # Errors  Last Runtime    Last Run               Last # of DB Queries
---------------------------------------------------------------------------------------------------------------------------------  -----  ---------  --------  ----------  --------------  -------------------  ----------------------
/home/airflow/.local/lib/python3.12/site-packages/airflow/example_dags/example_outlet_event_extra.py                                                        3           0  0.60s           2025-04-05T15:25:26                      19
/home/airflow/.local/lib/python3.12/site-packages/airflow/example_dags/example_datasets.py                                                                 10           0  0.52s           2025-04-05T15:25:33                      49
/home/airflow/.local/lib/python3.12/site-packages/airflow/example_dags/example_dataset_alias.py                                                             4           0  0.51s           2025-04-05T15:25:33                      27
/home/airflow/.local/lib/python3.12/site-packages/airflow/example_dags/example_inlet_event_extra.py                                                         2           0  0.46s           2025-04-05T15:25:24                      15
/home/airflow/.local/lib/python3.12/site-packages/airflow/example_dags/example_dataset_alias_with_no_taskflow.py                                            4           0  0.46s           2025-04-05T15:25:34                      27
/home/airflow/.local/lib/python3.12/site-packages/airflow/example_dags/example_dag_decorator.py                                                             1           0  0.23s           2025-04-05T15:25:23                      32
/home/airflow/.local/lib/python3.12/site-packages/airflow/example_dags/example_xcom.py                                                                      1           0  0.11s           2025-04-05T15:25:22                      12
/home/airflow/.local/lib/python3.12/site-packages/airflow/example_dags/example_params_trigger_ui.py                                                         1           0  0.11s           2025-04-05T15:25:26                      10
/home/airflow/.local/lib/python3.12/site-packages/airflow/example_dags/example_task_group_decorator.py                                                      1           0  0.11s           2025-04-05T15:25:22                      10
/home/airflow/.local/lib/python3.12/site-packages/airflow/example_dags/example_xcomargs.py                                                                  2           0  0.11s           2025-04-05T15:25:27                      13
/home/airflow/.local/lib/python3.12/site-packages/airflow/example_dags/example_latest_only_with_trigger.py                                                  1           0  0.11s           2025-04-05T15:25:16                      12
/home/airflow/.local/lib/python3.12/site-packages/airflow/example_dags/example_latest_only.py                                                               1           0  0.11s           2025-04-05T15:25:16                      12
/home/airflow/.local/lib/python3.12/site-packages/airflow/example_dags/example_workday_timetable.py                                                         1           0  0.10s           2025-04-05T15:25:23                      12
/home/airflow/.local/lib/python3.12/site-packages/airflow/example_dags/example_kubernetes_executor.py                                                       1           0  0.10s           2025-04-05T15:25:22                      10
/home/airflow/.local/lib/python3.12/site-packages/airflow/example_dags/example_external_task_marker_dag.py                                                  2           0  0.10s           2025-04-05T15:25:25                      13
/home/airflow/.local/lib/python3.12/site-packages/airflow/example_dags/example_branch_operator_decorator.py                                                 1           0  0.10s           2025-04-05T15:25:23                      12
/home/airflow/.local/lib/python3.12/site-packages/airflow/example_dags/example_subdag_operator.py                                                           3           0  0.10s           2025-04-05T15:25:26                      20
/home/airflow/.local/lib/python3.12/site-packages/airflow/example_dags/example_branch_python_dop_operator_3.py                                              1           0  0.10s           2025-04-05T15:25:26                      12
/home/airflow/.local/lib/python3.12/site-packages/airflow/example_dags/example_nested_branch_dag.py                                                         1           0  0.10s           2025-04-05T15:25:18                      12
/home/airflow/.local/lib/python3.12/site-packages/airflow/example_dags/example_sensors.py                                                                   1           0  0.09s           2025-04-05T15:25:24                      10
/home/airflow/.local/lib/python3.12/site-packages/airflow/example_dags/example_passing_params_via_test_command.py                                           1           0  0.09s           2025-04-05T15:25:16                      12
/home/airflow/.local/lib/python3.12/site-packages/airflow/example_dags/example_python_operator.py                                                           1           0  0.09s           2025-04-05T15:25:27                      10
/home/airflow/.local/lib/python3.12/site-packages/airflow/example_dags/tutorial_taskflow_api.py                                                             1           0  0.09s           2025-04-05T15:25:24                      10
/home/airflow/.local/lib/python3.12/site-packages/airflow/example_dags/example_branch_datetime_operator.py                                                  3           0  0.09s           2025-04-05T15:25:23                      18
/home/airflow/.local/lib/python3.12/site-packages/airflow/example_dags/tutorial_taskflow_api_virtualenv.py                                                  1           0  0.09s           2025-04-05T15:25:27                      10
/home/airflow/.local/lib/python3.12/site-packages/airflow/example_dags/example_display_name.py                                                              1           0  0.09s           2025-04-05T15:25:27                      10
/home/airflow/.local/lib/python3.12/site-packages/airflow/example_dags/example_trigger_controller_dag.py                                                    1           0  0.09s           2025-04-05T15:25:26                      12
/home/airflow/.local/lib/python3.12/site-packages/airflow/example_dags/example_params_ui_tutorial.py                                                        1           0  0.09s           2025-04-05T15:25:23                      10
/home/airflow/.local/lib/python3.12/site-packages/airflow/example_dags/example_python_decorator.py                                                          1           0  0.09s           2025-04-05T15:25:23                      10
/home/airflow/.local/lib/python3.12/site-packages/airflow/example_dags/tutorial.py                                                                          1           0  0.09s           2025-04-05T15:25:26                      12
/home/airflow/.local/lib/python3.12/site-packages/airflow/example_dags/example_branch_operator.py                                                           1           0  0.09s           2025-04-05T15:25:26                      12
/home/airflow/.local/lib/python3.12/site-packages/airflow/example_dags/example_bash_operator.py                                                             1           0  0.09s           2025-04-05T15:25:23                      12
/home/airflow/.local/lib/python3.12/site-packages/airflow/example_dags/tutorial_taskflow_templates.py                                                       1           0  0.09s           2025-04-05T15:25:18                      12
/home/airflow/.local/lib/python3.12/site-packages/airflow/example_dags/example_local_kubernetes_executor.py                                                 1           0  0.08s           2025-04-05T15:25:27                      10
/home/airflow/.local/lib/python3.12/site-packages/airflow/example_dags/example_complex.py                                                                   1           0  0.08s           2025-04-05T15:25:18                      10
/home/airflow/.local/lib/python3.12/site-packages/airflow/example_dags/example_time_delta_sensor_async.py                                                   1           0  0.08s           2025-04-05T15:25:26                      10
/home/airflow/.local/lib/python3.12/site-packages/airflow/example_dags/example_short_circuit_operator.py                                                    1           0  0.08s           2025-04-05T15:25:16                      10
/home/airflow/.local/lib/python3.12/site-packages/airflow/example_dags/example_skip_dag.py                                                                  1           0  0.08s           2025-04-05T15:25:21                      12
/home/airflow/.local/lib/python3.12/site-packages/airflow/example_dags/example_setup_teardown_taskflow.py                                                   1           0  0.08s           2025-04-05T15:25:18                      10
/home/airflow/.local/lib/python3.12/site-packages/airflow/example_dags/example_sla_dag.py                                                                   1           0  0.08s           2025-04-05T15:25:18                      12
/home/airflow/.local/lib/python3.12/site-packages/airflow/example_dags/example_branch_day_of_week_operator.py                                               1           0  0.08s           2025-04-05T15:25:15                      12
/home/airflow/.local/lib/python3.12/site-packages/airflow/example_dags/example_branch_labels.py                                                             1           0  0.08s           2025-04-05T15:25:23                      12
/home/airflow/.local/lib/python3.12/site-packages/airflow/example_dags/example_bash_decorator.py                                                            1           0  0.08s           2025-04-05T15:25:15                      10
/home/airflow/.local/lib/python3.12/site-packages/airflow/example_dags/tutorial_dag.py                                                                      1           0  0.08s           2025-04-05T15:25:26                      10
/home/airflow/.local/lib/python3.12/site-packages/airflow/example_dags/example_dynamic_task_mapping_with_no_taskflow_operators.py                           1           0  0.07s           2025-04-05T15:25:23                      10
/home/airflow/.local/lib/python3.12/site-packages/airflow/example_dags/example_short_circuit_decorator.py                                                   1           0  0.07s           2025-04-05T15:25:18                      10
/home/airflow/.local/lib/python3.12/site-packages/airflow/example_dags/example_setup_teardown.py                                                            1           0  0.07s           2025-04-05T15:25:20                      10
/home/airflow/.local/lib/python3.12/site-packages/airflow/example_dags/example_task_group.py                                                                1           0  0.07s           2025-04-05T15:25:21                      10
/home/airflow/.local/lib/python3.12/site-packages/airflow/example_dags/example_sensor_decorator.py                                                          1           0  0.07s           2025-04-05T15:25:18                      10
/home/airflow/.local/lib/python3.12/site-packages/airflow/example_dags/example_trigger_target_dag.py                                                        1           0  0.07s           2025-04-05T15:25:20                      10
/home/airflow/.local/lib/python3.12/site-packages/airflow/example_dags/tutorial_objectstorage.py                                                            1           0  0.07s           2025-04-05T15:25:18                      10
/home/airflow/.local/lib/python3.12/site-packages/airflow/example_dags/example_dynamic_task_mapping.py                                                      1           0  0.07s           2025-04-05T15:25:23                      10
/home/airflow/.local/lib/python3.12/site-packages/airflow/example_dags/plugins/workday.py                                                                   0           0  0.04s           2025-04-05T15:25:27                       3
/home/airflow/.local/lib/python3.12/site-packages/airflow/example_dags/plugins/listener_plugin.py                                                           0           0  0.04s           2025-04-05T15:25:28                       3
/home/airflow/.local/lib/python3.12/site-packages/airflow/example_dags/plugins/event_listener.py                                                            0           0  0.03s           2025-04-05T15:25:28                       3
/home/airflow/.local/lib/python3.12/site-packages/airflow/example_dags/plugins/decreasing_priority_weight_strategy.py                                       0           0  0.03s           2025-04-05T15:25:28                       3
/home/airflow/.local/lib/python3.12/site-packages/airflow/example_dags/subdags/subdag.py                                                                    0           0  0.03s           2025-04-05T15:25:28                       3
================================================================================
[2025-04-05T15:26:13.782+0000] {manager.py:997} INFO - 
================================================================================
DAG File Processing Stats

File Path                                                                                                                          PID    Runtime      # DAGs    # Errors  Last Runtime    Last Run               Last # of DB Queries
---------------------------------------------------------------------------------------------------------------------------------  -----  ---------  --------  ----------  --------------  -------------------  ----------------------
/home/airflow/.local/lib/python3.12/site-packages/airflow/example_dags/example_datasets.py                                                                 10           0  0.70s           2025-04-05T15:26:05                      49
/home/airflow/.local/lib/python3.12/site-packages/airflow/example_dags/example_dataset_alias.py                                                             4           0  0.66s           2025-04-05T15:26:05                      27
/home/airflow/.local/lib/python3.12/site-packages/airflow/example_dags/example_outlet_event_extra.py                                                        3           0  0.59s           2025-04-05T15:25:58                      19
/home/airflow/.local/lib/python3.12/site-packages/airflow/example_dags/example_inlet_event_extra.py                                                         2           0  0.56s           2025-04-05T15:25:54                      15
/home/airflow/.local/lib/python3.12/site-packages/airflow/example_dags/example_dataset_alias_with_no_taskflow.py                                            4           0  0.53s           2025-04-05T15:26:05                      27
/home/airflow/.local/lib/python3.12/site-packages/airflow/example_dags/example_dag_decorator.py                                                             1           0  0.23s           2025-04-05T15:25:53                      32
/home/airflow/.local/lib/python3.12/site-packages/airflow/example_dags/example_nested_branch_dag.py                                                         1           0  0.13s           2025-04-05T15:25:49                      12
/home/airflow/.local/lib/python3.12/site-packages/airflow/example_dags/example_workday_timetable.py                                                         1           0  0.12s           2025-04-05T15:25:54                      12
/home/airflow/.local/lib/python3.12/site-packages/airflow/example_dags/tutorial_taskflow_templates.py                                                       1           0  0.12s           2025-04-05T15:25:49                      12
/home/airflow/.local/lib/python3.12/site-packages/airflow/example_dags/example_params_trigger_ui.py                                                         1           0  0.12s           2025-04-05T15:25:56                      10
/home/airflow/.local/lib/python3.12/site-packages/airflow/example_dags/example_passing_params_via_test_command.py                                           1           0  0.12s           2025-04-05T15:25:46                      12
/home/airflow/.local/lib/python3.12/site-packages/airflow/example_dags/example_skip_dag.py                                                                  1           0  0.11s           2025-04-05T15:25:51                      12
/home/airflow/.local/lib/python3.12/site-packages/airflow/example_dags/example_subdag_operator.py                                                           3           0  0.11s           2025-04-05T15:25:56                      20
/home/airflow/.local/lib/python3.12/site-packages/airflow/example_dags/example_setup_teardown.py                                                            1           0  0.11s           2025-04-05T15:25:50                      10
/home/airflow/.local/lib/python3.12/site-packages/airflow/example_dags/example_params_ui_tutorial.py                                                        1           0  0.11s           2025-04-05T15:25:54                      10
/home/airflow/.local/lib/python3.12/site-packages/airflow/example_dags/example_branch_day_of_week_operator.py                                               1           0  0.11s           2025-04-05T15:25:45                      12
/home/airflow/.local/lib/python3.12/site-packages/airflow/example_dags/example_branch_operator_decorator.py                                                 1           0  0.11s           2025-04-05T15:25:53                      12
/home/airflow/.local/lib/python3.12/site-packages/airflow/example_dags/example_task_group.py                                                                1           0  0.11s           2025-04-05T15:25:51                      10
/home/airflow/.local/lib/python3.12/site-packages/airflow/example_dags/example_xcom.py                                                                      1           0  0.11s           2025-04-05T15:25:52                      12
/home/airflow/.local/lib/python3.12/site-packages/airflow/example_dags/example_branch_operator.py                                                           1           0  0.11s           2025-04-05T15:25:56                      12
/home/airflow/.local/lib/python3.12/site-packages/airflow/example_dags/example_kubernetes_executor.py                                                       1           0  0.11s           2025-04-05T15:25:52                      10
/home/airflow/.local/lib/python3.12/site-packages/airflow/example_dags/example_setup_teardown_taskflow.py                                                   1           0  0.10s           2025-04-05T15:25:49                      10
/home/airflow/.local/lib/python3.12/site-packages/airflow/example_dags/example_trigger_target_dag.py                                                        1           0  0.10s           2025-04-05T15:25:50                      10
/home/airflow/.local/lib/python3.12/site-packages/airflow/example_dags/example_complex.py                                                                   1           0  0.10s           2025-04-05T15:25:49                      10
/home/airflow/.local/lib/python3.12/site-packages/airflow/example_dags/tutorial_objectstorage.py                                                            1           0  0.10s           2025-04-05T15:25:49                      10
/home/airflow/.local/lib/python3.12/site-packages/airflow/example_dags/example_sla_dag.py                                                                   1           0  0.10s           2025-04-05T15:25:49                      12
/home/airflow/.local/lib/python3.12/site-packages/airflow/example_dags/example_sensors.py                                                                   1           0  0.10s           2025-04-05T15:25:55                      10
/home/airflow/.local/lib/python3.12/site-packages/airflow/example_dags/example_branch_datetime_operator.py                                                  3           0  0.10s           2025-04-05T15:25:54                      18
/home/airflow/.local/lib/python3.12/site-packages/airflow/example_dags/example_bash_decorator.py                                                            1           0  0.10s           2025-04-05T15:25:45                      10
/home/airflow/.local/lib/python3.12/site-packages/airflow/example_dags/example_short_circuit_operator.py                                                    1           0  0.10s           2025-04-05T15:25:46                      10
/home/airflow/.local/lib/python3.12/site-packages/airflow/example_dags/tutorial_taskflow_api.py                                                             1           0  0.10s           2025-04-05T15:25:55                      10
/home/airflow/.local/lib/python3.12/site-packages/airflow/example_dags/example_xcomargs.py                                                                  2           0  0.09s           2025-04-05T15:25:57                      13
/home/airflow/.local/lib/python3.12/site-packages/airflow/example_dags/tutorial.py                                                                          1           0  0.09s           2025-04-05T15:25:56                      12
/home/airflow/.local/lib/python3.12/site-packages/airflow/example_dags/example_bash_operator.py                                                             1           0  0.09s           2025-04-05T15:25:54                      12
/home/airflow/.local/lib/python3.12/site-packages/airflow/example_dags/example_branch_python_dop_operator_3.py                                              1           0  0.09s           2025-04-05T15:25:56                      12
/home/airflow/.local/lib/python3.12/site-packages/airflow/example_dags/example_short_circuit_decorator.py                                                   1           0  0.09s           2025-04-05T15:25:49                      10
/home/airflow/.local/lib/python3.12/site-packages/airflow/example_dags/example_latest_only.py                                                               1           0  0.09s           2025-04-05T15:25:46                      12
/home/airflow/.local/lib/python3.12/site-packages/airflow/example_dags/example_latest_only_with_trigger.py                                                  1           0  0.09s           2025-04-05T15:25:46                      12
/home/airflow/.local/lib/python3.12/site-packages/airflow/example_dags/example_sensor_decorator.py                                                          1           0  0.09s           2025-04-05T15:25:49                      10
/home/airflow/.local/lib/python3.12/site-packages/airflow/example_dags/example_external_task_marker_dag.py                                                  2           0  0.09s           2025-04-05T15:25:55                      13
/home/airflow/.local/lib/python3.12/site-packages/airflow/example_dags/example_branch_labels.py                                                             1           0  0.09s           2025-04-05T15:25:53                      12
/home/airflow/.local/lib/python3.12/site-packages/airflow/example_dags/example_trigger_controller_dag.py                                                    1           0  0.09s           2025-04-05T15:25:56                      12
/home/airflow/.local/lib/python3.12/site-packages/airflow/example_dags/example_local_kubernetes_executor.py                                                 1           0  0.08s           2025-04-05T15:25:58                      10
/home/airflow/.local/lib/python3.12/site-packages/airflow/example_dags/example_task_group_decorator.py                                                      1           0  0.08s           2025-04-05T15:25:52                      10
/home/airflow/.local/lib/python3.12/site-packages/airflow/example_dags/tutorial_taskflow_api_virtualenv.py                                                  1           0  0.08s           2025-04-05T15:25:58                      10
/home/airflow/.local/lib/python3.12/site-packages/airflow/example_dags/example_dynamic_task_mapping_with_no_taskflow_operators.py                           1           0  0.08s           2025-04-05T15:25:53                      10
/home/airflow/.local/lib/python3.12/site-packages/airflow/example_dags/example_python_decorator.py                                                          1           0  0.08s           2025-04-05T15:25:53                      10
/home/airflow/.local/lib/python3.12/site-packages/airflow/example_dags/tutorial_dag.py                                                                      1           0  0.08s           2025-04-05T15:25:56                      10
/home/airflow/.local/lib/python3.12/site-packages/airflow/example_dags/example_display_name.py                                                              1           0  0.08s           2025-04-05T15:25:58                      10
/home/airflow/.local/lib/python3.12/site-packages/airflow/example_dags/example_time_delta_sensor_async.py                                                   1           0  0.08s           2025-04-05T15:25:56                      10
/home/airflow/.local/lib/python3.12/site-packages/airflow/example_dags/example_python_operator.py                                                           1           0  0.08s           2025-04-05T15:25:58                      10
/home/airflow/.local/lib/python3.12/site-packages/airflow/example_dags/example_dynamic_task_mapping.py                                                      1           0  0.08s           2025-04-05T15:25:54                      10
/home/airflow/.local/lib/python3.12/site-packages/airflow/example_dags/plugins/workday.py                                                                   0           0  0.04s           2025-04-05T15:25:58                       3
/home/airflow/.local/lib/python3.12/site-packages/airflow/example_dags/plugins/decreasing_priority_weight_strategy.py                                       0           0  0.04s           2025-04-05T15:25:58                       3
/home/airflow/.local/lib/python3.12/site-packages/airflow/example_dags/plugins/event_listener.py                                                            0           0  0.04s           2025-04-05T15:25:58                       3
/home/airflow/.local/lib/python3.12/site-packages/airflow/example_dags/plugins/listener_plugin.py                                                           0           0  0.04s           2025-04-05T15:25:58                       3
/home/airflow/.local/lib/python3.12/site-packages/airflow/example_dags/subdags/subdag.py                                                                    0           0  0.04s           2025-04-05T15:25:58                       3
================================================================================
[2025-04-05T15:26:44.410+0000] {manager.py:997} INFO - 
================================================================================
DAG File Processing Stats

File Path                                                                                                                          PID    Runtime      # DAGs    # Errors  Last Runtime    Last Run               Last # of DB Queries
---------------------------------------------------------------------------------------------------------------------------------  -----  ---------  --------  ----------  --------------  -------------------  ----------------------
/home/airflow/.local/lib/python3.12/site-packages/airflow/example_dags/example_outlet_event_extra.py                                                        3           0  0.65s           2025-04-05T15:26:29                      19
/home/airflow/.local/lib/python3.12/site-packages/airflow/example_dags/example_datasets.py                                                                 10           0  0.63s           2025-04-05T15:26:36                      49
/home/airflow/.local/lib/python3.12/site-packages/airflow/example_dags/example_dataset_alias.py                                                             4           0  0.60s           2025-04-05T15:26:36                      27
/home/airflow/.local/lib/python3.12/site-packages/airflow/example_dags/example_dataset_alias_with_no_taskflow.py                                            4           0  0.58s           2025-04-05T15:26:37                      27
/home/airflow/.local/lib/python3.12/site-packages/airflow/example_dags/example_inlet_event_extra.py                                                         2           0  0.57s           2025-04-05T15:26:25                      15
/home/airflow/.local/lib/python3.12/site-packages/airflow/example_dags/example_dag_decorator.py                                                             1           0  0.24s           2025-04-05T15:26:24                      32
/home/airflow/.local/lib/python3.12/site-packages/airflow/example_dags/example_branch_python_dop_operator_3.py                                              1           0  0.14s           2025-04-05T15:26:27                      12
/home/airflow/.local/lib/python3.12/site-packages/airflow/example_dags/example_workday_timetable.py                                                         1           0  0.13s           2025-04-05T15:26:25                      12
/home/airflow/.local/lib/python3.12/site-packages/airflow/example_dags/example_kubernetes_executor.py                                                       1           0  0.13s           2025-04-05T15:26:23                      10
/home/airflow/.local/lib/python3.12/site-packages/airflow/example_dags/example_xcom.py                                                                      1           0  0.13s           2025-04-05T15:26:23                      12
/home/airflow/.local/lib/python3.12/site-packages/airflow/example_dags/example_params_ui_tutorial.py                                                        1           0  0.13s           2025-04-05T15:26:25                      10
/home/airflow/.local/lib/python3.12/site-packages/airflow/example_dags/example_branch_operator.py                                                           1           0  0.13s           2025-04-05T15:26:27                      12
/home/airflow/.local/lib/python3.12/site-packages/airflow/example_dags/example_branch_labels.py                                                             1           0  0.13s           2025-04-05T15:26:24                      12
/home/airflow/.local/lib/python3.12/site-packages/airflow/example_dags/example_skip_dag.py                                                                  1           0  0.12s           2025-04-05T15:26:22                      12
/home/airflow/.local/lib/python3.12/site-packages/airflow/example_dags/example_xcomargs.py                                                                  2           0  0.12s           2025-04-05T15:26:28                      13
/home/airflow/.local/lib/python3.12/site-packages/airflow/example_dags/tutorial_taskflow_templates.py                                                       1           0  0.12s           2025-04-05T15:26:20                      12
/home/airflow/.local/lib/python3.12/site-packages/airflow/example_dags/example_dynamic_task_mapping_with_no_taskflow_operators.py                           1           0  0.12s           2025-04-05T15:26:24                      10
/home/airflow/.local/lib/python3.12/site-packages/airflow/example_dags/example_branch_day_of_week_operator.py                                               1           0  0.12s           2025-04-05T15:26:16                      12
/home/airflow/.local/lib/python3.12/site-packages/airflow/example_dags/example_trigger_controller_dag.py                                                    1           0  0.12s           2025-04-05T15:26:27                      12
/home/airflow/.local/lib/python3.12/site-packages/airflow/example_dags/tutorial_dag.py                                                                      1           0  0.12s           2025-04-05T15:26:27                      10
/home/airflow/.local/lib/python3.12/site-packages/airflow/example_dags/example_task_group.py                                                                1           0  0.11s           2025-04-05T15:26:22                      10
/home/airflow/.local/lib/python3.12/site-packages/airflow/example_dags/example_branch_operator_decorator.py                                                 1           0  0.11s           2025-04-05T15:26:24                      12
/home/airflow/.local/lib/python3.12/site-packages/airflow/example_dags/example_setup_teardown.py                                                            1           0  0.11s           2025-04-05T15:26:21                      10
/home/airflow/.local/lib/python3.12/site-packages/airflow/example_dags/example_params_trigger_ui.py                                                         1           0  0.11s           2025-04-05T15:26:27                      10
/home/airflow/.local/lib/python3.12/site-packages/airflow/example_dags/example_nested_branch_dag.py                                                         1           0  0.11s           2025-04-05T15:26:19                      12
/home/airflow/.local/lib/python3.12/site-packages/airflow/example_dags/example_complex.py                                                                   1           0  0.11s           2025-04-05T15:26:20                      10
/home/airflow/.local/lib/python3.12/site-packages/airflow/example_dags/example_sensors.py                                                                   1           0  0.10s           2025-04-05T15:26:25                      10
/home/airflow/.local/lib/python3.12/site-packages/airflow/example_dags/example_bash_decorator.py                                                            1           0  0.10s           2025-04-05T15:26:16                      10
/home/airflow/.local/lib/python3.12/site-packages/airflow/example_dags/example_subdag_operator.py                                                           3           0  0.10s           2025-04-05T15:26:27                      20
/home/airflow/.local/lib/python3.12/site-packages/airflow/example_dags/example_branch_datetime_operator.py                                                  3           0  0.10s           2025-04-05T15:26:25                      18
/home/airflow/.local/lib/python3.12/site-packages/airflow/example_dags/tutorial_objectstorage.py                                                            1           0  0.10s           2025-04-05T15:26:20                      10
/home/airflow/.local/lib/python3.12/site-packages/airflow/example_dags/tutorial_taskflow_api.py                                                             1           0  0.10s           2025-04-05T15:26:25                      10
/home/airflow/.local/lib/python3.12/site-packages/airflow/example_dags/example_trigger_target_dag.py                                                        1           0  0.10s           2025-04-05T15:26:21                      10
/home/airflow/.local/lib/python3.12/site-packages/airflow/example_dags/example_task_group_decorator.py                                                      1           0  0.09s           2025-04-05T15:26:23                      10
/home/airflow/.local/lib/python3.12/site-packages/airflow/example_dags/example_passing_params_via_test_command.py                                           1           0  0.09s           2025-04-05T15:26:17                      12
/home/airflow/.local/lib/python3.12/site-packages/airflow/example_dags/example_bash_operator.py                                                             1           0  0.09s           2025-04-05T15:26:25                      12
/home/airflow/.local/lib/python3.12/site-packages/airflow/example_dags/example_latest_only.py                                                               1           0  0.09s           2025-04-05T15:26:17                      12
/home/airflow/.local/lib/python3.12/site-packages/airflow/example_dags/example_latest_only_with_trigger.py                                                  1           0  0.09s           2025-04-05T15:26:17                      12
/home/airflow/.local/lib/python3.12/site-packages/airflow/example_dags/example_python_operator.py                                                           1           0  0.09s           2025-04-05T15:26:28                      10
/home/airflow/.local/lib/python3.12/site-packages/airflow/example_dags/example_sla_dag.py                                                                   1           0  0.09s           2025-04-05T15:26:20                      12
/home/airflow/.local/lib/python3.12/site-packages/airflow/example_dags/example_setup_teardown_taskflow.py                                                   1           0  0.09s           2025-04-05T15:26:19                      10
/home/airflow/.local/lib/python3.12/site-packages/airflow/example_dags/tutorial.py                                                                          1           0  0.09s           2025-04-05T15:26:27                      12
/home/airflow/.local/lib/python3.12/site-packages/airflow/example_dags/example_python_decorator.py                                                          1           0  0.09s           2025-04-05T15:26:24                      10
/home/airflow/.local/lib/python3.12/site-packages/airflow/example_dags/example_display_name.py                                                              1           0  0.09s           2025-04-05T15:26:28                      10
/home/airflow/.local/lib/python3.12/site-packages/airflow/example_dags/tutorial_taskflow_api_virtualenv.py                                                  1           0  0.09s           2025-04-05T15:26:28                      10
/home/airflow/.local/lib/python3.12/site-packages/airflow/example_dags/example_short_circuit_decorator.py                                                   1           0  0.08s           2025-04-05T15:26:20                      10
/home/airflow/.local/lib/python3.12/site-packages/airflow/example_dags/example_local_kubernetes_executor.py                                                 1           0  0.08s           2025-04-05T15:26:28                      10
/home/airflow/.local/lib/python3.12/site-packages/airflow/example_dags/example_external_task_marker_dag.py                                                  2           0  0.08s           2025-04-05T15:26:26                      13
/home/airflow/.local/lib/python3.12/site-packages/airflow/example_dags/example_short_circuit_operator.py                                                    1           0  0.08s           2025-04-05T15:26:17                      10
/home/airflow/.local/lib/python3.12/site-packages/airflow/example_dags/example_sensor_decorator.py                                                          1           0  0.08s           2025-04-05T15:26:20                      10
/home/airflow/.local/lib/python3.12/site-packages/airflow/example_dags/example_time_delta_sensor_async.py                                                   1           0  0.08s           2025-04-05T15:26:27                      10
/home/airflow/.local/lib/python3.12/site-packages/airflow/example_dags/example_dynamic_task_mapping.py                                                      1           0  0.08s           2025-04-05T15:26:25                      10
/home/airflow/.local/lib/python3.12/site-packages/airflow/example_dags/plugins/event_listener.py                                                            0           0  0.04s           2025-04-05T15:26:29                       3
/home/airflow/.local/lib/python3.12/site-packages/airflow/example_dags/plugins/decreasing_priority_weight_strategy.py                                       0           0  0.04s           2025-04-05T15:26:29                       3
/home/airflow/.local/lib/python3.12/site-packages/airflow/example_dags/plugins/listener_plugin.py                                                           0           0  0.04s           2025-04-05T15:26:29                       3
/home/airflow/.local/lib/python3.12/site-packages/airflow/example_dags/plugins/workday.py                                                                   0           0  0.04s           2025-04-05T15:26:28                       3
/home/airflow/.local/lib/python3.12/site-packages/airflow/example_dags/subdags/subdag.py                                                                    0           0  0.03s           2025-04-05T15:26:29                       3
================================================================================
[2025-04-05T15:27:15.127+0000] {manager.py:997} INFO - 
================================================================================
DAG File Processing Stats

File Path                                                                                                                          PID    Runtime      # DAGs    # Errors  Last Runtime    Last Run               Last # of DB Queries
---------------------------------------------------------------------------------------------------------------------------------  -----  ---------  --------  ----------  --------------  -------------------  ----------------------
/home/airflow/.local/lib/python3.12/site-packages/airflow/example_dags/example_datasets.py                                                                 10           0  0.68s           2025-04-05T15:27:08                      49
/home/airflow/.local/lib/python3.12/site-packages/airflow/example_dags/example_dataset_alias_with_no_taskflow.py                                            4           0  0.66s           2025-04-05T15:27:08                      27
/home/airflow/.local/lib/python3.12/site-packages/airflow/example_dags/example_inlet_event_extra.py                                                         2           0  0.64s           2025-04-05T15:26:57                      15
/home/airflow/.local/lib/python3.12/site-packages/airflow/example_dags/example_outlet_event_extra.py                                                        3           0  0.61s           2025-04-05T15:26:59                      19
/home/airflow/.local/lib/python3.12/site-packages/airflow/example_dags/example_dataset_alias.py                                                             4           0  0.58s           2025-04-05T15:27:07                      27
/home/airflow/.local/lib/python3.12/site-packages/airflow/example_dags/example_dag_decorator.py                                                             1           0  0.26s           2025-04-05T15:26:55                      32
/home/airflow/.local/lib/python3.12/site-packages/airflow/example_dags/example_nested_branch_dag.py                                                         1           0  0.15s           2025-04-05T15:26:51                      12
/home/airflow/.local/lib/python3.12/site-packages/airflow/example_dags/example_kubernetes_executor.py                                                       1           0  0.14s           2025-04-05T15:26:53                      10
/home/airflow/.local/lib/python3.12/site-packages/airflow/example_dags/example_setup_teardown_taskflow.py                                                   1           0  0.13s           2025-04-05T15:26:51                      10
/home/airflow/.local/lib/python3.12/site-packages/airflow/example_dags/example_branch_operator_decorator.py                                                 1           0  0.13s           2025-04-05T15:26:54                      12
/home/airflow/.local/lib/python3.12/site-packages/airflow/example_dags/example_workday_timetable.py                                                         1           0  0.13s           2025-04-05T15:26:55                      12
/home/airflow/.local/lib/python3.12/site-packages/airflow/example_dags/example_branch_python_dop_operator_3.py                                              1           0  0.12s           2025-04-05T15:26:57                      12
/home/airflow/.local/lib/python3.12/site-packages/airflow/example_dags/example_local_kubernetes_executor.py                                                 1           0  0.12s           2025-04-05T15:26:59                      10
/home/airflow/.local/lib/python3.12/site-packages/airflow/example_dags/example_xcomargs.py                                                                  2           0  0.12s           2025-04-05T15:26:58                      13
/home/airflow/.local/lib/python3.12/site-packages/airflow/example_dags/example_xcom.py                                                                      1           0  0.12s           2025-04-05T15:26:53                      12
/home/airflow/.local/lib/python3.12/site-packages/airflow/example_dags/example_bash_operator.py                                                             1           0  0.12s           2025-04-05T15:26:55                      12
/home/airflow/.local/lib/python3.12/site-packages/airflow/example_dags/example_python_decorator.py                                                          1           0  0.11s           2025-04-05T15:26:55                      10
/home/airflow/.local/lib/python3.12/site-packages/airflow/example_dags/example_params_ui_tutorial.py                                                        1           0  0.11s           2025-04-05T15:26:55                      10
/home/airflow/.local/lib/python3.12/site-packages/airflow/example_dags/example_branch_datetime_operator.py                                                  3           0  0.11s           2025-04-05T15:26:55                      18
/home/airflow/.local/lib/python3.12/site-packages/airflow/example_dags/tutorial_taskflow_api.py                                                             1           0  0.11s           2025-04-05T15:26:56                      10
/home/airflow/.local/lib/python3.12/site-packages/airflow/example_dags/tutorial_dag.py                                                                      1           0  0.11s           2025-04-05T15:26:57                      10
/home/airflow/.local/lib/python3.12/site-packages/airflow/example_dags/example_complex.py                                                                   1           0  0.11s           2025-04-05T15:26:51                      10
/home/airflow/.local/lib/python3.12/site-packages/airflow/example_dags/example_skip_dag.py                                                                  1           0  0.11s           2025-04-05T15:26:52                      12
/home/airflow/.local/lib/python3.12/site-packages/airflow/example_dags/tutorial_taskflow_templates.py                                                       1           0  0.11s           2025-04-05T15:26:51                      12
/home/airflow/.local/lib/python3.12/site-packages/airflow/example_dags/example_sensors.py                                                                   1           0  0.11s           2025-04-05T15:26:56                      10
/home/airflow/.local/lib/python3.12/site-packages/airflow/example_dags/example_passing_params_via_test_command.py                                           1           0  0.11s           2025-04-05T15:26:48                      12
/home/airflow/.local/lib/python3.12/site-packages/airflow/example_dags/example_setup_teardown.py                                                            1           0  0.10s           2025-04-05T15:26:51                      10
/home/airflow/.local/lib/python3.12/site-packages/airflow/example_dags/example_subdag_operator.py                                                           3           0  0.10s           2025-04-05T15:26:57                      20
/home/airflow/.local/lib/python3.12/site-packages/airflow/example_dags/example_short_circuit_operator.py                                                    1           0  0.10s           2025-04-05T15:26:48                      10
/home/airflow/.local/lib/python3.12/site-packages/airflow/example_dags/example_branch_operator.py                                                           1           0  0.10s           2025-04-05T15:26:57                      12
/home/airflow/.local/lib/python3.12/site-packages/airflow/example_dags/example_task_group_decorator.py                                                      1           0  0.10s           2025-04-05T15:26:53                      10
/home/airflow/.local/lib/python3.12/site-packages/airflow/example_dags/example_bash_decorator.py                                                            1           0  0.10s           2025-04-05T15:26:46                      10
/home/airflow/.local/lib/python3.12/site-packages/airflow/example_dags/example_branch_day_of_week_operator.py                                               1           0  0.10s           2025-04-05T15:26:46                      12
/home/airflow/.local/lib/python3.12/site-packages/airflow/example_dags/example_external_task_marker_dag.py                                                  2           0  0.10s           2025-04-05T15:26:56                      13
/home/airflow/.local/lib/python3.12/site-packages/airflow/example_dags/example_trigger_target_dag.py                                                        1           0  0.10s           2025-04-05T15:26:51                      10
/home/airflow/.local/lib/python3.12/site-packages/airflow/example_dags/example_params_trigger_ui.py                                                         1           0  0.09s           2025-04-05T15:26:57                      10
/home/airflow/.local/lib/python3.12/site-packages/airflow/example_dags/example_short_circuit_decorator.py                                                   1           0  0.09s           2025-04-05T15:26:51                      10
/home/airflow/.local/lib/python3.12/site-packages/airflow/example_dags/example_task_group.py                                                                1           0  0.09s           2025-04-05T15:26:52                      10
/home/airflow/.local/lib/python3.12/site-packages/airflow/example_dags/example_latest_only_with_trigger.py                                                  1           0  0.09s           2025-04-05T15:26:48                      12
/home/airflow/.local/lib/python3.12/site-packages/airflow/example_dags/example_branch_labels.py                                                             1           0  0.09s           2025-04-05T15:26:55                      12
/home/airflow/.local/lib/python3.12/site-packages/airflow/example_dags/example_latest_only.py                                                               1           0  0.09s           2025-04-05T15:26:48                      12
/home/airflow/.local/lib/python3.12/site-packages/airflow/example_dags/example_sla_dag.py                                                                   1           0  0.09s           2025-04-05T15:26:51                      12
/home/airflow/.local/lib/python3.12/site-packages/airflow/example_dags/tutorial_objectstorage.py                                                            1           0  0.09s           2025-04-05T15:26:51                      10
/home/airflow/.local/lib/python3.12/site-packages/airflow/example_dags/example_sensor_decorator.py                                                          1           0  0.09s           2025-04-05T15:26:51                      10
/home/airflow/.local/lib/python3.12/site-packages/airflow/example_dags/tutorial.py                                                                          1           0  0.08s           2025-04-05T15:26:57                      12
/home/airflow/.local/lib/python3.12/site-packages/airflow/example_dags/example_dynamic_task_mapping.py                                                      1           0  0.08s           2025-04-05T15:26:55                      10
/home/airflow/.local/lib/python3.12/site-packages/airflow/example_dags/example_display_name.py                                                              1           0  0.08s           2025-04-05T15:26:58                      10
/home/airflow/.local/lib/python3.12/site-packages/airflow/example_dags/example_dynamic_task_mapping_with_no_taskflow_operators.py                           1           0  0.08s           2025-04-05T15:26:55                      10
/home/airflow/.local/lib/python3.12/site-packages/airflow/example_dags/example_trigger_controller_dag.py                                                    1           0  0.08s           2025-04-05T15:26:57                      12
/home/airflow/.local/lib/python3.12/site-packages/airflow/example_dags/example_python_operator.py                                                           1           0  0.08s           2025-04-05T15:26:58                      10
/home/airflow/.local/lib/python3.12/site-packages/airflow/example_dags/tutorial_taskflow_api_virtualenv.py                                                  1           0  0.08s           2025-04-05T15:26:58                      10
/home/airflow/.local/lib/python3.12/site-packages/airflow/example_dags/example_time_delta_sensor_async.py                                                   1           0  0.06s           2025-04-05T15:26:57                      10
/home/airflow/.local/lib/python3.12/site-packages/airflow/example_dags/subdags/subdag.py                                                                    0           0  0.04s           2025-04-05T15:26:59                       3
/home/airflow/.local/lib/python3.12/site-packages/airflow/example_dags/plugins/decreasing_priority_weight_strategy.py                                       0           0  0.04s           2025-04-05T15:26:59                       3
/home/airflow/.local/lib/python3.12/site-packages/airflow/example_dags/plugins/workday.py                                                                   0           0  0.04s           2025-04-05T15:26:59                       3
/home/airflow/.local/lib/python3.12/site-packages/airflow/example_dags/plugins/event_listener.py                                                            0           0  0.04s           2025-04-05T15:26:59                       3
/home/airflow/.local/lib/python3.12/site-packages/airflow/example_dags/plugins/listener_plugin.py                                                           0           0  0.03s           2025-04-05T15:26:59                       3
================================================================================
[2025-04-05T15:27:45.571+0000] {manager.py:997} INFO - 
================================================================================
DAG File Processing Stats

File Path                                                                                                                          PID    Runtime      # DAGs    # Errors  Last Runtime    Last Run               Last # of DB Queries
---------------------------------------------------------------------------------------------------------------------------------  -----  ---------  --------  ----------  --------------  -------------------  ----------------------
/home/airflow/.local/lib/python3.12/site-packages/airflow/example_dags/example_datasets.py                                                                 10           0  0.77s           2025-04-05T15:27:39                      49
/home/airflow/.local/lib/python3.12/site-packages/airflow/example_dags/example_dataset_alias_with_no_taskflow.py                                            4           0  0.75s           2025-04-05T15:27:39                      27
/home/airflow/.local/lib/python3.12/site-packages/airflow/example_dags/example_outlet_event_extra.py                                                        3           0  0.67s           2025-04-05T15:27:30                      19
/home/airflow/.local/lib/python3.12/site-packages/airflow/example_dags/example_inlet_event_extra.py                                                         2           0  0.60s           2025-04-05T15:27:28                      15
/home/airflow/.local/lib/python3.12/site-packages/airflow/example_dags/example_dataset_alias.py                                                             4           0  0.58s           2025-04-05T15:27:38                      27
/home/airflow/.local/lib/python3.12/site-packages/airflow/example_dags/example_dag_decorator.py                                                             1           0  0.24s           2025-04-05T15:27:25                      32
/home/airflow/.local/lib/python3.12/site-packages/airflow/example_dags/example_passing_params_via_test_command.py                                           1           0  0.12s           2025-04-05T15:27:19                      12
/home/airflow/.local/lib/python3.12/site-packages/airflow/example_dags/example_short_circuit_operator.py                                                    1           0  0.12s           2025-04-05T15:27:19                      10
/home/airflow/.local/lib/python3.12/site-packages/airflow/example_dags/example_workday_timetable.py                                                         1           0  0.12s           2025-04-05T15:27:25                      12
/home/airflow/.local/lib/python3.12/site-packages/airflow/example_dags/example_sensors.py                                                                   1           0  0.12s           2025-04-05T15:27:26                      10
/home/airflow/.local/lib/python3.12/site-packages/airflow/example_dags/example_subdag_operator.py                                                           3           0  0.12s           2025-04-05T15:27:28                      20
/home/airflow/.local/lib/python3.12/site-packages/airflow/example_dags/example_bash_operator.py                                                             1           0  0.12s           2025-04-05T15:27:25                      12
/home/airflow/.local/lib/python3.12/site-packages/airflow/example_dags/tutorial_taskflow_api.py                                                             1           0  0.12s           2025-04-05T15:27:26                      10
/home/airflow/.local/lib/python3.12/site-packages/airflow/example_dags/example_skip_dag.py                                                                  1           0  0.12s           2025-04-05T15:27:23                      12
/home/airflow/.local/lib/python3.12/site-packages/airflow/example_dags/example_branch_day_of_week_operator.py                                               1           0  0.11s           2025-04-05T15:27:17                      12
/home/airflow/.local/lib/python3.12/site-packages/airflow/example_dags/example_nested_branch_dag.py                                                         1           0  0.11s           2025-04-05T15:27:21                      12
/home/airflow/.local/lib/python3.12/site-packages/airflow/example_dags/example_branch_operator_decorator.py                                                 1           0  0.11s           2025-04-05T15:27:25                      12
/home/airflow/.local/lib/python3.12/site-packages/airflow/example_dags/example_branch_datetime_operator.py                                                  3           0  0.11s           2025-04-05T15:27:25                      18
/home/airflow/.local/lib/python3.12/site-packages/airflow/example_dags/example_params_trigger_ui.py                                                         1           0  0.11s           2025-04-05T15:27:28                      10
/home/airflow/.local/lib/python3.12/site-packages/airflow/example_dags/example_branch_operator.py                                                           1           0  0.11s           2025-04-05T15:27:28                      12
/home/airflow/.local/lib/python3.12/site-packages/airflow/example_dags/example_trigger_controller_dag.py                                                    1           0  0.11s           2025-04-05T15:27:28                      12
/home/airflow/.local/lib/python3.12/site-packages/airflow/example_dags/example_params_ui_tutorial.py                                                        1           0  0.11s           2025-04-05T15:27:25                      10
/home/airflow/.local/lib/python3.12/site-packages/airflow/example_dags/example_time_delta_sensor_async.py                                                   1           0  0.11s           2025-04-05T15:27:28                      10
/home/airflow/.local/lib/python3.12/site-packages/airflow/example_dags/example_xcom.py                                                                      1           0  0.10s           2025-04-05T15:27:24                      12
/home/airflow/.local/lib/python3.12/site-packages/airflow/example_dags/example_task_group.py                                                                1           0  0.10s           2025-04-05T15:27:23                      10
/home/airflow/.local/lib/python3.12/site-packages/airflow/example_dags/example_complex.py                                                                   1           0  0.10s           2025-04-05T15:27:21                      10
/home/airflow/.local/lib/python3.12/site-packages/airflow/example_dags/example_xcomargs.py                                                                  2           0  0.10s           2025-04-05T15:27:28                      13
/home/airflow/.local/lib/python3.12/site-packages/airflow/example_dags/example_branch_labels.py                                                             1           0  0.10s           2025-04-05T15:27:25                      12
/home/airflow/.local/lib/python3.12/site-packages/airflow/example_dags/tutorial_taskflow_templates.py                                                       1           0  0.10s           2025-04-05T15:27:21                      12
/home/airflow/.local/lib/python3.12/site-packages/airflow/example_dags/example_bash_decorator.py                                                            1           0  0.10s           2025-04-05T15:27:17                      10
/home/airflow/.local/lib/python3.12/site-packages/airflow/example_dags/example_external_task_marker_dag.py                                                  2           0  0.10s           2025-04-05T15:27:27                      13
/home/airflow/.local/lib/python3.12/site-packages/airflow/example_dags/example_kubernetes_executor.py                                                       1           0  0.10s           2025-04-05T15:27:24                      10
/home/airflow/.local/lib/python3.12/site-packages/airflow/example_dags/example_dynamic_task_mapping.py                                                      1           0  0.09s           2025-04-05T15:27:25                      10
/home/airflow/.local/lib/python3.12/site-packages/airflow/example_dags/tutorial.py                                                                          1           0  0.09s           2025-04-05T15:27:28                      12
/home/airflow/.local/lib/python3.12/site-packages/airflow/example_dags/example_branch_python_dop_operator_3.py                                              1           0  0.09s           2025-04-05T15:27:28                      12
/home/airflow/.local/lib/python3.12/site-packages/airflow/example_dags/example_sla_dag.py                                                                   1           0  0.09s           2025-04-05T15:27:21                      12
/home/airflow/.local/lib/python3.12/site-packages/airflow/example_dags/example_latest_only_with_trigger.py                                                  1           0  0.09s           2025-04-05T15:27:19                      12
/home/airflow/.local/lib/python3.12/site-packages/airflow/example_dags/example_setup_teardown_taskflow.py                                                   1           0  0.09s           2025-04-05T15:27:21                      10
/home/airflow/.local/lib/python3.12/site-packages/airflow/example_dags/example_python_operator.py                                                           1           0  0.09s           2025-04-05T15:27:28                      10
/home/airflow/.local/lib/python3.12/site-packages/airflow/example_dags/example_python_decorator.py                                                          1           0  0.09s           2025-04-05T15:27:25                      10
/home/airflow/.local/lib/python3.12/site-packages/airflow/example_dags/example_short_circuit_decorator.py                                                   1           0  0.09s           2025-04-05T15:27:21                      10
/home/airflow/.local/lib/python3.12/site-packages/airflow/example_dags/example_local_kubernetes_executor.py                                                 1           0  0.09s           2025-04-05T15:27:30                      10
/home/airflow/.local/lib/python3.12/site-packages/airflow/example_dags/example_latest_only.py                                                               1           0  0.09s           2025-04-05T15:27:19                      12
/home/airflow/.local/lib/python3.12/site-packages/airflow/example_dags/tutorial_objectstorage.py                                                            1           0  0.09s           2025-04-05T15:27:21                      10
/home/airflow/.local/lib/python3.12/site-packages/airflow/example_dags/example_task_group_decorator.py                                                      1           0  0.09s           2025-04-05T15:27:24                      10
/home/airflow/.local/lib/python3.12/site-packages/airflow/example_dags/tutorial_dag.py                                                                      1           0  0.08s           2025-04-05T15:27:28                      10
/home/airflow/.local/lib/python3.12/site-packages/airflow/example_dags/example_setup_teardown.py                                                            1           0  0.08s           2025-04-05T15:27:22                      10
/home/airflow/.local/lib/python3.12/site-packages/airflow/example_dags/example_dynamic_task_mapping_with_no_taskflow_operators.py                           1           0  0.08s           2025-04-05T15:27:25                      10
/home/airflow/.local/lib/python3.12/site-packages/airflow/example_dags/example_sensor_decorator.py                                                          1           0  0.08s           2025-04-05T15:27:21                      10
/home/airflow/.local/lib/python3.12/site-packages/airflow/example_dags/tutorial_taskflow_api_virtualenv.py                                                  1           0  0.08s           2025-04-05T15:27:28                      10
/home/airflow/.local/lib/python3.12/site-packages/airflow/example_dags/example_display_name.py                                                              1           0  0.08s           2025-04-05T15:27:29                      10
/home/airflow/.local/lib/python3.12/site-packages/airflow/example_dags/example_trigger_target_dag.py                                                        1           0  0.08s           2025-04-05T15:27:22                      10
/home/airflow/.local/lib/python3.12/site-packages/airflow/example_dags/subdags/subdag.py                                                                    0           0  0.05s           2025-04-05T15:27:30                       3
/home/airflow/.local/lib/python3.12/site-packages/airflow/example_dags/plugins/event_listener.py                                                            0           0  0.04s           2025-04-05T15:27:30                       3
/home/airflow/.local/lib/python3.12/site-packages/airflow/example_dags/plugins/decreasing_priority_weight_strategy.py                                       0           0  0.04s           2025-04-05T15:27:30                       3
/home/airflow/.local/lib/python3.12/site-packages/airflow/example_dags/plugins/listener_plugin.py                                                           0           0  0.04s           2025-04-05T15:27:30                       3
/home/airflow/.local/lib/python3.12/site-packages/airflow/example_dags/plugins/workday.py                                                                   0           0  0.04s           2025-04-05T15:27:30                       3
================================================================================
[2025-04-05T15:28:15.670+0000] {manager.py:997} INFO - 
================================================================================
DAG File Processing Stats

File Path                                                                                                                          PID    Runtime      # DAGs    # Errors  Last Runtime    Last Run               Last # of DB Queries
---------------------------------------------------------------------------------------------------------------------------------  -----  ---------  --------  ----------  --------------  -------------------  ----------------------
/home/airflow/.local/lib/python3.12/site-packages/airflow/example_dags/example_datasets.py                                                                 10           0  0.82s           2025-04-05T15:28:10                      49
/home/airflow/.local/lib/python3.12/site-packages/airflow/example_dags/example_dataset_alias_with_no_taskflow.py                                            4           0  0.78s           2025-04-05T15:28:10                      27
/home/airflow/.local/lib/python3.12/site-packages/airflow/example_dags/example_dataset_alias.py                                                             4           0  0.71s           2025-04-05T15:28:09                      27
/home/airflow/.local/lib/python3.12/site-packages/airflow/example_dags/example_outlet_event_extra.py                                                        3           0  0.58s           2025-04-05T15:28:01                      19
/home/airflow/.local/lib/python3.12/site-packages/airflow/example_dags/example_inlet_event_extra.py                                                         2           0  0.49s           2025-04-05T15:27:59                      15
/home/airflow/.local/lib/python3.12/site-packages/airflow/example_dags/example_dag_decorator.py                                                             1           0  0.27s           2025-04-05T15:27:55                      32
/home/airflow/.local/lib/python3.12/site-packages/airflow/example_dags/example_sensor_decorator.py                                                          1           0  0.14s           2025-04-05T15:27:52                      10
/home/airflow/.local/lib/python3.12/site-packages/airflow/example_dags/example_sla_dag.py                                                                   1           0  0.13s           2025-04-05T15:27:52                      12
/home/airflow/.local/lib/python3.12/site-packages/airflow/example_dags/example_short_circuit_decorator.py                                                   1           0  0.13s           2025-04-05T15:27:52                      10
/home/airflow/.local/lib/python3.12/site-packages/airflow/example_dags/example_branch_operator_decorator.py                                                 1           0  0.13s           2025-04-05T15:27:55                      12
/home/airflow/.local/lib/python3.12/site-packages/airflow/example_dags/example_branch_day_of_week_operator.py                                               1           0  0.12s           2025-04-05T15:27:47                      12
/home/airflow/.local/lib/python3.12/site-packages/airflow/example_dags/example_nested_branch_dag.py                                                         1           0  0.12s           2025-04-05T15:27:52                      12
/home/airflow/.local/lib/python3.12/site-packages/airflow/example_dags/example_python_operator.py                                                           1           0  0.12s           2025-04-05T15:27:59                      10
/home/airflow/.local/lib/python3.12/site-packages/airflow/example_dags/example_passing_params_via_test_command.py                                           1           0  0.12s           2025-04-05T15:27:49                      12
/home/airflow/.local/lib/python3.12/site-packages/airflow/example_dags/tutorial_taskflow_api_virtualenv.py                                                  1           0  0.12s           2025-04-05T15:27:59                      10
/home/airflow/.local/lib/python3.12/site-packages/airflow/example_dags/example_skip_dag.py                                                                  1           0  0.12s           2025-04-05T15:27:53                      12
/home/airflow/.local/lib/python3.12/site-packages/airflow/example_dags/example_complex.py                                                                   1           0  0.11s           2025-04-05T15:27:52                      10
/home/airflow/.local/lib/python3.12/site-packages/airflow/example_dags/example_bash_decorator.py                                                            1           0  0.11s           2025-04-05T15:27:47                      10
/home/airflow/.local/lib/python3.12/site-packages/airflow/example_dags/example_workday_timetable.py                                                         1           0  0.11s           2025-04-05T15:27:56                      12
/home/airflow/.local/lib/python3.12/site-packages/airflow/example_dags/example_short_circuit_operator.py                                                    1           0  0.11s           2025-04-05T15:27:49                      10
/home/airflow/.local/lib/python3.12/site-packages/airflow/example_dags/example_external_task_marker_dag.py                                                  2           0  0.11s           2025-04-05T15:27:57                      13
/home/airflow/.local/lib/python3.12/site-packages/airflow/example_dags/example_params_trigger_ui.py                                                         1           0  0.11s           2025-04-05T15:27:59                      10
/home/airflow/.local/lib/python3.12/site-packages/airflow/example_dags/example_xcom.py                                                                      1           0  0.11s           2025-04-05T15:27:54                      12
/home/airflow/.local/lib/python3.12/site-packages/airflow/example_dags/example_branch_operator.py                                                           1           0  0.11s           2025-04-05T15:27:58                      12
/home/airflow/.local/lib/python3.12/site-packages/airflow/example_dags/example_bash_operator.py                                                             1           0  0.11s           2025-04-05T15:27:56                      12
/home/airflow/.local/lib/python3.12/site-packages/airflow/example_dags/example_kubernetes_executor.py                                                       1           0  0.10s           2025-04-05T15:27:54                      10
/home/airflow/.local/lib/python3.12/site-packages/airflow/example_dags/tutorial_taskflow_templates.py                                                       1           0  0.10s           2025-04-05T15:27:52                      12
/home/airflow/.local/lib/python3.12/site-packages/airflow/example_dags/example_branch_datetime_operator.py                                                  3           0  0.10s           2025-04-05T15:27:56                      18
/home/airflow/.local/lib/python3.12/site-packages/airflow/example_dags/example_subdag_operator.py                                                           3           0  0.10s           2025-04-05T15:27:58                      20
/home/airflow/.local/lib/python3.12/site-packages/airflow/example_dags/example_params_ui_tutorial.py                                                        1           0  0.10s           2025-04-05T15:27:56                      10
/home/airflow/.local/lib/python3.12/site-packages/airflow/example_dags/example_setup_teardown_taskflow.py                                                   1           0  0.10s           2025-04-05T15:27:51                      10
/home/airflow/.local/lib/python3.12/site-packages/airflow/example_dags/example_branch_labels.py                                                             1           0  0.10s           2025-04-05T15:27:56                      12
/home/airflow/.local/lib/python3.12/site-packages/airflow/example_dags/example_task_group.py                                                                1           0  0.10s           2025-04-05T15:27:53                      10
/home/airflow/.local/lib/python3.12/site-packages/airflow/example_dags/example_sensors.py                                                                   1           0  0.10s           2025-04-05T15:27:57                      10
/home/airflow/.local/lib/python3.12/site-packages/airflow/example_dags/example_branch_python_dop_operator_3.py                                              1           0  0.10s           2025-04-05T15:27:59                      12
/home/airflow/.local/lib/python3.12/site-packages/airflow/example_dags/example_dynamic_task_mapping_with_no_taskflow_operators.py                           1           0  0.09s           2025-04-05T15:27:56                      10
/home/airflow/.local/lib/python3.12/site-packages/airflow/example_dags/example_python_decorator.py                                                          1           0  0.09s           2025-04-05T15:27:55                      10
/home/airflow/.local/lib/python3.12/site-packages/airflow/example_dags/tutorial_taskflow_api.py                                                             1           0  0.09s           2025-04-05T15:27:57                      10
/home/airflow/.local/lib/python3.12/site-packages/airflow/example_dags/example_latest_only_with_trigger.py                                                  1           0  0.09s           2025-04-05T15:27:49                      12
/home/airflow/.local/lib/python3.12/site-packages/airflow/example_dags/example_xcomargs.py                                                                  2           0  0.09s           2025-04-05T15:27:59                      13
/home/airflow/.local/lib/python3.12/site-packages/airflow/example_dags/example_trigger_controller_dag.py                                                    1           0  0.09s           2025-04-05T15:27:58                      12
/home/airflow/.local/lib/python3.12/site-packages/airflow/example_dags/example_setup_teardown.py                                                            1           0  0.09s           2025-04-05T15:27:52                      10
/home/airflow/.local/lib/python3.12/site-packages/airflow/example_dags/tutorial_dag.py                                                                      1           0  0.09s           2025-04-05T15:27:59                      10
/home/airflow/.local/lib/python3.12/site-packages/airflow/example_dags/example_local_kubernetes_executor.py                                                 1           0  0.09s           2025-04-05T15:28:00                      10
/home/airflow/.local/lib/python3.12/site-packages/airflow/example_dags/example_display_name.py                                                              1           0  0.08s           2025-04-05T15:27:59                      10
/home/airflow/.local/lib/python3.12/site-packages/airflow/example_dags/tutorial.py                                                                          1           0  0.08s           2025-04-05T15:27:58                      12
/home/airflow/.local/lib/python3.12/site-packages/airflow/example_dags/example_task_group_decorator.py                                                      1           0  0.08s           2025-04-05T15:27:54                      10
/home/airflow/.local/lib/python3.12/site-packages/airflow/example_dags/example_latest_only.py                                                               1           0  0.08s           2025-04-05T15:27:49                      12
/home/airflow/.local/lib/python3.12/site-packages/airflow/example_dags/example_dynamic_task_mapping.py                                                      1           0  0.08s           2025-04-05T15:27:56                      10
/home/airflow/.local/lib/python3.12/site-packages/airflow/example_dags/example_trigger_target_dag.py                                                        1           0  0.08s           2025-04-05T15:27:52                      10
/home/airflow/.local/lib/python3.12/site-packages/airflow/example_dags/tutorial_objectstorage.py                                                            1           0  0.08s           2025-04-05T15:27:52                      10
/home/airflow/.local/lib/python3.12/site-packages/airflow/example_dags/example_time_delta_sensor_async.py                                                   1           0  0.08s           2025-04-05T15:27:59                      10
/home/airflow/.local/lib/python3.12/site-packages/airflow/example_dags/plugins/listener_plugin.py                                                           0           0  0.05s           2025-04-05T15:28:00                       3
/home/airflow/.local/lib/python3.12/site-packages/airflow/example_dags/subdags/subdag.py                                                                    0           0  0.05s           2025-04-05T15:28:00                       3
/home/airflow/.local/lib/python3.12/site-packages/airflow/example_dags/plugins/decreasing_priority_weight_strategy.py                                       0           0  0.04s           2025-04-05T15:28:00                       3
/home/airflow/.local/lib/python3.12/site-packages/airflow/example_dags/plugins/workday.py                                                                   0           0  0.04s           2025-04-05T15:28:00                       3
/home/airflow/.local/lib/python3.12/site-packages/airflow/example_dags/plugins/event_listener.py                                                            0           0  0.03s           2025-04-05T15:28:00                       3
================================================================================
[2025-04-05T15:28:46.685+0000] {manager.py:997} INFO - 
================================================================================
DAG File Processing Stats

File Path                                                                                                                          PID    Runtime      # DAGs    # Errors  Last Runtime    Last Run               Last # of DB Queries
---------------------------------------------------------------------------------------------------------------------------------  -----  ---------  --------  ----------  --------------  -------------------  ----------------------
/home/airflow/.local/lib/python3.12/site-packages/airflow/example_dags/example_datasets.py                                                                 10           0  0.70s           2025-04-05T15:28:41                      49
/home/airflow/.local/lib/python3.12/site-packages/airflow/example_dags/example_dataset_alias_with_no_taskflow.py                                            4           0  0.66s           2025-04-05T15:28:41                      27
/home/airflow/.local/lib/python3.12/site-packages/airflow/example_dags/example_inlet_event_extra.py                                                         2           0  0.65s           2025-04-05T15:28:30                      15
/home/airflow/.local/lib/python3.12/site-packages/airflow/example_dags/example_dataset_alias.py                                                             4           0  0.63s           2025-04-05T15:28:40                      27
/home/airflow/.local/lib/python3.12/site-packages/airflow/example_dags/example_outlet_event_extra.py                                                        3           0  0.61s           2025-04-05T15:28:32                      19
/home/airflow/.local/lib/python3.12/site-packages/airflow/example_dags/example_dag_decorator.py                                                             1           0  0.27s           2025-04-05T15:28:26                      32
/home/airflow/.local/lib/python3.12/site-packages/airflow/example_dags/example_params_ui_tutorial.py                                                        1           0  0.17s           2025-04-05T15:28:26                      10
/home/airflow/.local/lib/python3.12/site-packages/airflow/example_dags/example_task_group_decorator.py                                                      1           0  0.17s           2025-04-05T15:28:25                      10
/home/airflow/.local/lib/python3.12/site-packages/airflow/example_dags/tutorial_taskflow_templates.py                                                       1           0  0.16s           2025-04-05T15:28:22                      12
/home/airflow/.local/lib/python3.12/site-packages/airflow/example_dags/example_branch_operator_decorator.py                                                 1           0  0.16s           2025-04-05T15:28:26                      12
/home/airflow/.local/lib/python3.12/site-packages/airflow/example_dags/example_branch_day_of_week_operator.py                                               1           0  0.15s           2025-04-05T15:28:18                      12
/home/airflow/.local/lib/python3.12/site-packages/airflow/example_dags/example_bash_decorator.py                                                            1           0  0.15s           2025-04-05T15:28:18                      10
/home/airflow/.local/lib/python3.12/site-packages/airflow/example_dags/example_complex.py                                                                   1           0  0.15s           2025-04-05T15:28:22                      10
/home/airflow/.local/lib/python3.12/site-packages/airflow/example_dags/example_params_trigger_ui.py                                                         1           0  0.15s           2025-04-05T15:28:30                      10
/home/airflow/.local/lib/python3.12/site-packages/airflow/example_dags/example_workday_timetable.py                                                         1           0  0.14s           2025-04-05T15:28:26                      12
/home/airflow/.local/lib/python3.12/site-packages/airflow/example_dags/example_branch_operator.py                                                           1           0  0.14s           2025-04-05T15:28:28                      12
/home/airflow/.local/lib/python3.12/site-packages/airflow/example_dags/tutorial_objectstorage.py                                                            1           0  0.13s           2025-04-05T15:28:22                      10
/home/airflow/.local/lib/python3.12/site-packages/airflow/example_dags/example_trigger_controller_dag.py                                                    1           0  0.13s           2025-04-05T15:28:28                      12
/home/airflow/.local/lib/python3.12/site-packages/airflow/example_dags/example_subdag_operator.py                                                           3           0  0.12s           2025-04-05T15:28:29                      20
/home/airflow/.local/lib/python3.12/site-packages/airflow/example_dags/example_xcom.py                                                                      1           0  0.12s           2025-04-05T15:28:24                      12
/home/airflow/.local/lib/python3.12/site-packages/airflow/example_dags/example_python_decorator.py                                                          1           0  0.12s           2025-04-05T15:28:26                      10
/home/airflow/.local/lib/python3.12/site-packages/airflow/example_dags/example_kubernetes_executor.py                                                       1           0  0.12s           2025-04-05T15:28:24                      10
/home/airflow/.local/lib/python3.12/site-packages/airflow/example_dags/example_nested_branch_dag.py                                                         1           0  0.12s           2025-04-05T15:28:22                      12
/home/airflow/.local/lib/python3.12/site-packages/airflow/example_dags/example_branch_datetime_operator.py                                                  3           0  0.12s           2025-04-05T15:28:26                      18
/home/airflow/.local/lib/python3.12/site-packages/airflow/example_dags/example_sla_dag.py                                                                   1           0  0.12s           2025-04-05T15:28:22                      12
/home/airflow/.local/lib/python3.12/site-packages/airflow/example_dags/example_passing_params_via_test_command.py                                           1           0  0.11s           2025-04-05T15:28:20                      12
/home/airflow/.local/lib/python3.12/site-packages/airflow/example_dags/example_branch_python_dop_operator_3.py                                              1           0  0.11s           2025-04-05T15:28:30                      12
/home/airflow/.local/lib/python3.12/site-packages/airflow/example_dags/example_bash_operator.py                                                             1           0  0.11s           2025-04-05T15:28:26                      12
/home/airflow/.local/lib/python3.12/site-packages/airflow/example_dags/example_dynamic_task_mapping_with_no_taskflow_operators.py                           1           0  0.10s           2025-04-05T15:28:26                      10
/home/airflow/.local/lib/python3.12/site-packages/airflow/example_dags/example_local_kubernetes_executor.py                                                 1           0  0.10s           2025-04-05T15:28:30                      10
/home/airflow/.local/lib/python3.12/site-packages/airflow/example_dags/example_skip_dag.py                                                                  1           0  0.10s           2025-04-05T15:28:23                      12
/home/airflow/.local/lib/python3.12/site-packages/airflow/example_dags/example_python_operator.py                                                           1           0  0.10s           2025-04-05T15:28:30                      10
/home/airflow/.local/lib/python3.12/site-packages/airflow/example_dags/example_display_name.py                                                              1           0  0.10s           2025-04-05T15:28:30                      10
/home/airflow/.local/lib/python3.12/site-packages/airflow/example_dags/example_short_circuit_operator.py                                                    1           0  0.10s           2025-04-05T15:28:20                      10
/home/airflow/.local/lib/python3.12/site-packages/airflow/example_dags/example_setup_teardown_taskflow.py                                                   1           0  0.10s           2025-04-05T15:28:22                      10
/home/airflow/.local/lib/python3.12/site-packages/airflow/example_dags/example_sensors.py                                                                   1           0  0.10s           2025-04-05T15:28:27                      10
/home/airflow/.local/lib/python3.12/site-packages/airflow/example_dags/example_branch_labels.py                                                             1           0  0.09s           2025-04-05T15:28:26                      12
/home/airflow/.local/lib/python3.12/site-packages/airflow/example_dags/example_trigger_target_dag.py                                                        1           0  0.09s           2025-04-05T15:28:22                      10
/home/airflow/.local/lib/python3.12/site-packages/airflow/example_dags/tutorial_taskflow_api.py                                                             1           0  0.09s           2025-04-05T15:28:27                      10
/home/airflow/.local/lib/python3.12/site-packages/airflow/example_dags/example_setup_teardown.py                                                            1           0  0.09s           2025-04-05T15:28:22                      10
/home/airflow/.local/lib/python3.12/site-packages/airflow/example_dags/example_latest_only_with_trigger.py                                                  1           0  0.09s           2025-04-05T15:28:20                      12
/home/airflow/.local/lib/python3.12/site-packages/airflow/example_dags/example_external_task_marker_dag.py                                                  2           0  0.09s           2025-04-05T15:28:27                      13
/home/airflow/.local/lib/python3.12/site-packages/airflow/example_dags/tutorial.py                                                                          1           0  0.09s           2025-04-05T15:28:29                      12
/home/airflow/.local/lib/python3.12/site-packages/airflow/example_dags/example_time_delta_sensor_async.py                                                   1           0  0.09s           2025-04-05T15:28:30                      10
/home/airflow/.local/lib/python3.12/site-packages/airflow/example_dags/example_short_circuit_decorator.py                                                   1           0  0.09s           2025-04-05T15:28:22                      10
/home/airflow/.local/lib/python3.12/site-packages/airflow/example_dags/example_latest_only.py                                                               1           0  0.09s           2025-04-05T15:28:20                      12
/home/airflow/.local/lib/python3.12/site-packages/airflow/example_dags/tutorial_dag.py                                                                      1           0  0.08s           2025-04-05T15:28:30                      10
/home/airflow/.local/lib/python3.12/site-packages/airflow/example_dags/example_xcomargs.py                                                                  2           0  0.08s           2025-04-05T15:28:30                      13
/home/airflow/.local/lib/python3.12/site-packages/airflow/example_dags/example_task_group.py                                                                1           0  0.08s           2025-04-05T15:28:23                      10
/home/airflow/.local/lib/python3.12/site-packages/airflow/example_dags/example_dynamic_task_mapping.py                                                      1           0  0.08s           2025-04-05T15:28:26                      10
/home/airflow/.local/lib/python3.12/site-packages/airflow/example_dags/example_sensor_decorator.py                                                          1           0  0.08s           2025-04-05T15:28:22                      10
/home/airflow/.local/lib/python3.12/site-packages/airflow/example_dags/tutorial_taskflow_api_virtualenv.py                                                  1           0  0.08s           2025-04-05T15:28:30                      10
/home/airflow/.local/lib/python3.12/site-packages/airflow/example_dags/plugins/workday.py                                                                   0           0  0.05s           2025-04-05T15:28:30                       3
/home/airflow/.local/lib/python3.12/site-packages/airflow/example_dags/plugins/event_listener.py                                                            0           0  0.04s           2025-04-05T15:28:30                       3
/home/airflow/.local/lib/python3.12/site-packages/airflow/example_dags/plugins/listener_plugin.py                                                           0           0  0.04s           2025-04-05T15:28:30                       3
/home/airflow/.local/lib/python3.12/site-packages/airflow/example_dags/plugins/decreasing_priority_weight_strategy.py                                       0           0  0.04s           2025-04-05T15:28:30                       3
/home/airflow/.local/lib/python3.12/site-packages/airflow/example_dags/subdags/subdag.py                                                                    0           0  0.03s           2025-04-05T15:28:30                       3
================================================================================
[2025-04-05T15:29:10.817+0000] {manager.py:821} INFO - Searching for files in /opt/airflow/dags
[2025-04-05T15:29:10.826+0000] {manager.py:824} INFO - There are 57 files in /opt/airflow/dags
[2025-04-05T15:29:17.672+0000] {manager.py:997} INFO - 
================================================================================
DAG File Processing Stats

File Path                                                                                                                          PID    Runtime      # DAGs    # Errors  Last Runtime    Last Run               Last # of DB Queries
---------------------------------------------------------------------------------------------------------------------------------  -----  ---------  --------  ----------  --------------  -------------------  ----------------------
/home/airflow/.local/lib/python3.12/site-packages/airflow/example_dags/example_datasets.py                                                                 10           0  0.74s           2025-04-05T15:29:12                      49
/home/airflow/.local/lib/python3.12/site-packages/airflow/example_dags/example_dataset_alias_with_no_taskflow.py                                            4           0  0.72s           2025-04-05T15:29:12                      27
/home/airflow/.local/lib/python3.12/site-packages/airflow/example_dags/example_inlet_event_extra.py                                                         2           0  0.61s           2025-04-05T15:29:01                      15
/home/airflow/.local/lib/python3.12/site-packages/airflow/example_dags/example_outlet_event_extra.py                                                        3           0  0.60s           2025-04-05T15:29:03                      19
/home/airflow/.local/lib/python3.12/site-packages/airflow/example_dags/example_dataset_alias.py                                                             4           0  0.58s           2025-04-05T15:29:10                      27
/home/airflow/.local/lib/python3.12/site-packages/airflow/example_dags/example_dag_decorator.py                                                             1           0  0.27s           2025-04-05T15:28:57                      32
/home/airflow/.local/lib/python3.12/site-packages/airflow/example_dags/example_branch_operator.py                                                           1           0  0.14s           2025-04-05T15:28:59                      12
/home/airflow/.local/lib/python3.12/site-packages/airflow/example_dags/example_branch_operator_decorator.py                                                 1           0  0.13s           2025-04-05T15:28:56                      12
/home/airflow/.local/lib/python3.12/site-packages/airflow/example_dags/example_trigger_controller_dag.py                                                    1           0  0.13s           2025-04-05T15:28:59                      12
/home/airflow/.local/lib/python3.12/site-packages/airflow/example_dags/example_bash_operator.py                                                             1           0  0.13s           2025-04-05T15:28:57                      12
/home/airflow/.local/lib/python3.12/site-packages/airflow/example_dags/example_branch_datetime_operator.py                                                  3           0  0.13s           2025-04-05T15:28:57                      18
/home/airflow/.local/lib/python3.12/site-packages/airflow/example_dags/example_skip_dag.py                                                                  1           0  0.13s           2025-04-05T15:28:54                      12
/home/airflow/.local/lib/python3.12/site-packages/airflow/example_dags/example_params_trigger_ui.py                                                         1           0  0.12s           2025-04-05T15:29:00                      10
/home/airflow/.local/lib/python3.12/site-packages/airflow/example_dags/example_task_group.py                                                                1           0  0.12s           2025-04-05T15:28:54                      10
/home/airflow/.local/lib/python3.12/site-packages/airflow/example_dags/example_nested_branch_dag.py                                                         1           0  0.12s           2025-04-05T15:28:53                      12
/home/airflow/.local/lib/python3.12/site-packages/airflow/example_dags/example_task_group_decorator.py                                                      1           0  0.11s           2025-04-05T15:28:55                      10
/home/airflow/.local/lib/python3.12/site-packages/airflow/example_dags/tutorial_taskflow_templates.py                                                       1           0  0.11s           2025-04-05T15:28:53                      12
/home/airflow/.local/lib/python3.12/site-packages/airflow/example_dags/example_xcom.py                                                                      1           0  0.11s           2025-04-05T15:28:55                      12
/home/airflow/.local/lib/python3.12/site-packages/airflow/example_dags/example_sensors.py                                                                   1           0  0.11s           2025-04-05T15:28:58                      10
/home/airflow/.local/lib/python3.12/site-packages/airflow/example_dags/example_branch_day_of_week_operator.py                                               1           0  0.11s           2025-04-05T15:28:49                      12
/home/airflow/.local/lib/python3.12/site-packages/airflow/example_dags/example_workday_timetable.py                                                         1           0  0.11s           2025-04-05T15:28:57                      12
/home/airflow/.local/lib/python3.12/site-packages/airflow/example_dags/example_params_ui_tutorial.py                                                        1           0  0.11s           2025-04-05T15:28:57                      10
/home/airflow/.local/lib/python3.12/site-packages/airflow/example_dags/example_kubernetes_executor.py                                                       1           0  0.11s           2025-04-05T15:28:55                      10
/home/airflow/.local/lib/python3.12/site-packages/airflow/example_dags/example_subdag_operator.py                                                           3           0  0.11s           2025-04-05T15:28:59                      20
/home/airflow/.local/lib/python3.12/site-packages/airflow/example_dags/example_branch_python_dop_operator_3.py                                              1           0  0.11s           2025-04-05T15:29:01                      12
/home/airflow/.local/lib/python3.12/site-packages/airflow/example_dags/example_local_kubernetes_executor.py                                                 1           0  0.11s           2025-04-05T15:29:01                      10
/home/airflow/.local/lib/python3.12/site-packages/airflow/example_dags/example_short_circuit_decorator.py                                                   1           0  0.10s           2025-04-05T15:28:53                      10
/home/airflow/.local/lib/python3.12/site-packages/airflow/example_dags/tutorial_taskflow_api.py                                                             1           0  0.10s           2025-04-05T15:28:58                      10
/home/airflow/.local/lib/python3.12/site-packages/airflow/example_dags/tutorial_taskflow_api_virtualenv.py                                                  1           0  0.10s           2025-04-05T15:29:01                      10
/home/airflow/.local/lib/python3.12/site-packages/airflow/example_dags/example_passing_params_via_test_command.py                                           1           0  0.10s           2025-04-05T15:28:50                      12
/home/airflow/.local/lib/python3.12/site-packages/airflow/example_dags/example_branch_labels.py                                                             1           0  0.10s           2025-04-05T15:28:57                      12
/home/airflow/.local/lib/python3.12/site-packages/airflow/example_dags/example_complex.py                                                                   1           0  0.10s           2025-04-05T15:28:53                      10
/home/airflow/.local/lib/python3.12/site-packages/airflow/example_dags/example_display_name.py                                                              1           0  0.10s           2025-04-05T15:29:01                      10
/home/airflow/.local/lib/python3.12/site-packages/airflow/example_dags/example_setup_teardown_taskflow.py                                                   1           0  0.10s           2025-04-05T15:28:53                      10
/home/airflow/.local/lib/python3.12/site-packages/airflow/example_dags/example_python_operator.py                                                           1           0  0.10s           2025-04-05T15:29:01                      10
/home/airflow/.local/lib/python3.12/site-packages/airflow/example_dags/example_sla_dag.py                                                                   1           0  0.10s           2025-04-05T15:28:53                      12
/home/airflow/.local/lib/python3.12/site-packages/airflow/example_dags/example_xcomargs.py                                                                  2           0  0.09s           2025-04-05T15:29:01                      13
/home/airflow/.local/lib/python3.12/site-packages/airflow/example_dags/tutorial_objectstorage.py                                                            1           0  0.09s           2025-04-05T15:28:53                      10
/home/airflow/.local/lib/python3.12/site-packages/airflow/example_dags/example_sensor_decorator.py                                                          1           0  0.09s           2025-04-05T15:28:53                      10
/home/airflow/.local/lib/python3.12/site-packages/airflow/example_dags/example_short_circuit_operator.py                                                    1           0  0.09s           2025-04-05T15:28:50                      10
/home/airflow/.local/lib/python3.12/site-packages/airflow/example_dags/example_bash_decorator.py                                                            1           0  0.09s           2025-04-05T15:28:49                      10
/home/airflow/.local/lib/python3.12/site-packages/airflow/example_dags/tutorial.py                                                                          1           0  0.09s           2025-04-05T15:28:59                      12
/home/airflow/.local/lib/python3.12/site-packages/airflow/example_dags/example_python_decorator.py                                                          1           0  0.09s           2025-04-05T15:28:56                      10
/home/airflow/.local/lib/python3.12/site-packages/airflow/example_dags/example_latest_only.py                                                               1           0  0.09s           2025-04-05T15:28:51                      12
/home/airflow/.local/lib/python3.12/site-packages/airflow/example_dags/example_setup_teardown.py                                                            1           0  0.09s           2025-04-05T15:28:53                      10
/home/airflow/.local/lib/python3.12/site-packages/airflow/example_dags/example_dynamic_task_mapping.py                                                      1           0  0.09s           2025-04-05T15:28:57                      10
/home/airflow/.local/lib/python3.12/site-packages/airflow/example_dags/example_external_task_marker_dag.py                                                  2           0  0.09s           2025-04-05T15:28:58                      13
/home/airflow/.local/lib/python3.12/site-packages/airflow/example_dags/example_trigger_target_dag.py                                                        1           0  0.09s           2025-04-05T15:28:53                      10
/home/airflow/.local/lib/python3.12/site-packages/airflow/example_dags/example_latest_only_with_trigger.py                                                  1           0  0.08s           2025-04-05T15:28:51                      12
/home/airflow/.local/lib/python3.12/site-packages/airflow/example_dags/example_dynamic_task_mapping_with_no_taskflow_operators.py                           1           0  0.08s           2025-04-05T15:28:57                      10
/home/airflow/.local/lib/python3.12/site-packages/airflow/example_dags/tutorial_dag.py                                                                      1           0  0.08s           2025-04-05T15:29:01                      10
/home/airflow/.local/lib/python3.12/site-packages/airflow/example_dags/example_time_delta_sensor_async.py                                                   1           0  0.08s           2025-04-05T15:29:01                      10
/home/airflow/.local/lib/python3.12/site-packages/airflow/example_dags/plugins/workday.py                                                                   0           0  0.05s           2025-04-05T15:29:01                       3
/home/airflow/.local/lib/python3.12/site-packages/airflow/example_dags/plugins/listener_plugin.py                                                           0           0  0.05s           2025-04-05T15:29:01                       3
/home/airflow/.local/lib/python3.12/site-packages/airflow/example_dags/subdags/subdag.py                                                                    0           0  0.04s           2025-04-05T15:29:01                       3
/home/airflow/.local/lib/python3.12/site-packages/airflow/example_dags/plugins/event_listener.py                                                            0           0  0.04s           2025-04-05T15:29:01                       3
/home/airflow/.local/lib/python3.12/site-packages/airflow/example_dags/plugins/decreasing_priority_weight_strategy.py                                       0           0  0.03s           2025-04-05T15:29:01                       3
================================================================================
[2025-04-05T15:29:48.486+0000] {manager.py:997} INFO - 
================================================================================
DAG File Processing Stats

File Path                                                                                                                          PID    Runtime      # DAGs    # Errors  Last Runtime    Last Run               Last # of DB Queries
---------------------------------------------------------------------------------------------------------------------------------  -----  ---------  --------  ----------  --------------  -------------------  ----------------------
/home/airflow/.local/lib/python3.12/site-packages/airflow/example_dags/example_inlet_event_extra.py                                                         2           0  0.66s           2025-04-05T15:29:32                      15
/home/airflow/.local/lib/python3.12/site-packages/airflow/example_dags/example_datasets.py                                                                 10           0  0.66s           2025-04-05T15:29:43                      49
/home/airflow/.local/lib/python3.12/site-packages/airflow/example_dags/example_dataset_alias_with_no_taskflow.py                                            4           0  0.63s           2025-04-05T15:29:43                      27
/home/airflow/.local/lib/python3.12/site-packages/airflow/example_dags/example_outlet_event_extra.py                                                        3           0  0.58s           2025-04-05T15:29:34                      19
/home/airflow/.local/lib/python3.12/site-packages/airflow/example_dags/example_dataset_alias.py                                                             4           0  0.53s           2025-04-05T15:29:41                      27
/home/airflow/.local/lib/python3.12/site-packages/airflow/example_dags/example_dag_decorator.py                                                             1           0  0.26s           2025-04-05T15:29:28                      32
/home/airflow/.local/lib/python3.12/site-packages/airflow/example_dags/example_nested_branch_dag.py                                                         1           0  0.15s           2025-04-05T15:29:24                      12
/home/airflow/.local/lib/python3.12/site-packages/airflow/example_dags/example_branch_day_of_week_operator.py                                               1           0  0.14s           2025-04-05T15:29:20                      12
/home/airflow/.local/lib/python3.12/site-packages/airflow/example_dags/example_branch_operator.py                                                           1           0  0.14s           2025-04-05T15:29:30                      12
/home/airflow/.local/lib/python3.12/site-packages/airflow/example_dags/example_workday_timetable.py                                                         1           0  0.13s           2025-04-05T15:29:28                      12
/home/airflow/.local/lib/python3.12/site-packages/airflow/example_dags/example_trigger_controller_dag.py                                                    1           0  0.13s           2025-04-05T15:29:30                      12
/home/airflow/.local/lib/python3.12/site-packages/airflow/example_dags/tutorial_taskflow_api_virtualenv.py                                                  1           0  0.13s           2025-04-05T15:29:32                      10
/home/airflow/.local/lib/python3.12/site-packages/airflow/example_dags/example_branch_operator_decorator.py                                                 1           0  0.13s           2025-04-05T15:29:27                      12
/home/airflow/.local/lib/python3.12/site-packages/airflow/example_dags/example_setup_teardown_taskflow.py                                                   1           0  0.12s           2025-04-05T15:29:24                      10
/home/airflow/.local/lib/python3.12/site-packages/airflow/example_dags/example_python_operator.py                                                           1           0  0.12s           2025-04-05T15:29:32                      10
/home/airflow/.local/lib/python3.12/site-packages/airflow/example_dags/example_params_trigger_ui.py                                                         1           0  0.12s           2025-04-05T15:29:31                      10
/home/airflow/.local/lib/python3.12/site-packages/airflow/example_dags/example_subdag_operator.py                                                           3           0  0.12s           2025-04-05T15:29:30                      20
/home/airflow/.local/lib/python3.12/site-packages/airflow/example_dags/example_passing_params_via_test_command.py                                           1           0  0.12s           2025-04-05T15:29:21                      12
/home/airflow/.local/lib/python3.12/site-packages/airflow/example_dags/example_complex.py                                                                   1           0  0.12s           2025-04-05T15:29:24                      10
/home/airflow/.local/lib/python3.12/site-packages/airflow/example_dags/example_bash_decorator.py                                                            1           0  0.11s           2025-04-05T15:29:20                      10
/home/airflow/.local/lib/python3.12/site-packages/airflow/example_dags/example_params_ui_tutorial.py                                                        1           0  0.11s           2025-04-05T15:29:28                      10
/home/airflow/.local/lib/python3.12/site-packages/airflow/example_dags/example_branch_datetime_operator.py                                                  3           0  0.11s           2025-04-05T15:29:28                      18
/home/airflow/.local/lib/python3.12/site-packages/airflow/example_dags/example_kubernetes_executor.py                                                       1           0  0.11s           2025-04-05T15:29:26                      10
/home/airflow/.local/lib/python3.12/site-packages/airflow/example_dags/example_branch_labels.py                                                             1           0  0.10s           2025-04-05T15:29:28                      12
/home/airflow/.local/lib/python3.12/site-packages/airflow/example_dags/example_short_circuit_operator.py                                                    1           0  0.10s           2025-04-05T15:29:21                      10
/home/airflow/.local/lib/python3.12/site-packages/airflow/example_dags/example_sla_dag.py                                                                   1           0  0.10s           2025-04-05T15:29:24                      12
/home/airflow/.local/lib/python3.12/site-packages/airflow/example_dags/example_bash_operator.py                                                             1           0  0.10s           2025-04-05T15:29:28                      12
/home/airflow/.local/lib/python3.12/site-packages/airflow/example_dags/tutorial.py                                                                          1           0  0.10s           2025-04-05T15:29:30                      12
/home/airflow/.local/lib/python3.12/site-packages/airflow/example_dags/tutorial_taskflow_templates.py                                                       1           0  0.10s           2025-04-05T15:29:24                      12
/home/airflow/.local/lib/python3.12/site-packages/airflow/example_dags/example_branch_python_dop_operator_3.py                                              1           0  0.10s           2025-04-05T15:29:31                      12
/home/airflow/.local/lib/python3.12/site-packages/airflow/example_dags/example_skip_dag.py                                                                  1           0  0.10s           2025-04-05T15:29:25                      12
/home/airflow/.local/lib/python3.12/site-packages/airflow/example_dags/example_task_group_decorator.py                                                      1           0  0.10s           2025-04-05T15:29:26                      10
/home/airflow/.local/lib/python3.12/site-packages/airflow/example_dags/example_latest_only_with_trigger.py                                                  1           0  0.10s           2025-04-05T15:29:22                      12
/home/airflow/.local/lib/python3.12/site-packages/airflow/example_dags/example_task_group.py                                                                1           0  0.10s           2025-04-05T15:29:25                      10
/home/airflow/.local/lib/python3.12/site-packages/airflow/example_dags/example_xcom.py                                                                      1           0  0.09s           2025-04-05T15:29:26                      12
/home/airflow/.local/lib/python3.12/site-packages/airflow/example_dags/example_dynamic_task_mapping_with_no_taskflow_operators.py                           1           0  0.09s           2025-04-05T15:29:28                      10
/home/airflow/.local/lib/python3.12/site-packages/airflow/example_dags/example_sensors.py                                                                   1           0  0.09s           2025-04-05T15:29:29                      10
/home/airflow/.local/lib/python3.12/site-packages/airflow/example_dags/example_latest_only.py                                                               1           0  0.09s           2025-04-05T15:29:22                      12
/home/airflow/.local/lib/python3.12/site-packages/airflow/example_dags/example_xcomargs.py                                                                  2           0  0.09s           2025-04-05T15:29:32                      13
/home/airflow/.local/lib/python3.12/site-packages/airflow/example_dags/example_setup_teardown.py                                                            1           0  0.09s           2025-04-05T15:29:24                      10
/home/airflow/.local/lib/python3.12/site-packages/airflow/example_dags/example_short_circuit_decorator.py                                                   1           0  0.09s           2025-04-05T15:29:24                      10
/home/airflow/.local/lib/python3.12/site-packages/airflow/example_dags/example_local_kubernetes_executor.py                                                 1           0  0.09s           2025-04-05T15:29:32                      10
/home/airflow/.local/lib/python3.12/site-packages/airflow/example_dags/example_python_decorator.py                                                          1           0  0.09s           2025-04-05T15:29:27                      10
/home/airflow/.local/lib/python3.12/site-packages/airflow/example_dags/example_display_name.py                                                              1           0  0.09s           2025-04-05T15:29:32                      10
/home/airflow/.local/lib/python3.12/site-packages/airflow/example_dags/tutorial_dag.py                                                                      1           0  0.09s           2025-04-05T15:29:32                      10
/home/airflow/.local/lib/python3.12/site-packages/airflow/example_dags/example_dynamic_task_mapping.py                                                      1           0  0.08s           2025-04-05T15:29:28                      10
/home/airflow/.local/lib/python3.12/site-packages/airflow/example_dags/example_external_task_marker_dag.py                                                  2           0  0.08s           2025-04-05T15:29:29                      13
/home/airflow/.local/lib/python3.12/site-packages/airflow/example_dags/tutorial_taskflow_api.py                                                             1           0  0.08s           2025-04-05T15:29:29                      10
/home/airflow/.local/lib/python3.12/site-packages/airflow/example_dags/example_time_delta_sensor_async.py                                                   1           0  0.08s           2025-04-05T15:29:32                      10
/home/airflow/.local/lib/python3.12/site-packages/airflow/example_dags/example_trigger_target_dag.py                                                        1           0  0.08s           2025-04-05T15:29:24                      10
/home/airflow/.local/lib/python3.12/site-packages/airflow/example_dags/tutorial_objectstorage.py                                                            1           0  0.08s           2025-04-05T15:29:24                      10
/home/airflow/.local/lib/python3.12/site-packages/airflow/example_dags/example_sensor_decorator.py                                                          1           0  0.08s           2025-04-05T15:29:24                      10
/home/airflow/.local/lib/python3.12/site-packages/airflow/example_dags/plugins/listener_plugin.py                                                           0           0  0.04s           2025-04-05T15:29:32                       3
/home/airflow/.local/lib/python3.12/site-packages/airflow/example_dags/plugins/event_listener.py                                                            0           0  0.04s           2025-04-05T15:29:32                       3
/home/airflow/.local/lib/python3.12/site-packages/airflow/example_dags/plugins/decreasing_priority_weight_strategy.py                                       0           0  0.03s           2025-04-05T15:29:32                       3
/home/airflow/.local/lib/python3.12/site-packages/airflow/example_dags/plugins/workday.py                                                                   0           0  0.03s           2025-04-05T15:29:32                       3
/home/airflow/.local/lib/python3.12/site-packages/airflow/example_dags/subdags/subdag.py                                                                    0           0  0.03s           2025-04-05T15:29:32                       3
================================================================================
[2025-04-05T15:30:19.185+0000] {manager.py:997} INFO - 
================================================================================
DAG File Processing Stats

File Path                                                                                                                          PID    Runtime      # DAGs    # Errors  Last Runtime    Last Run               Last # of DB Queries
---------------------------------------------------------------------------------------------------------------------------------  -----  ---------  --------  ----------  --------------  -------------------  ----------------------
/home/airflow/.local/lib/python3.12/site-packages/airflow/example_dags/example_dataset_alias.py                                                             4           0  0.65s           2025-04-05T15:30:12                      27
/home/airflow/.local/lib/python3.12/site-packages/airflow/example_dags/example_datasets.py                                                                 10           0  0.61s           2025-04-05T15:30:14                      49
/home/airflow/.local/lib/python3.12/site-packages/airflow/example_dags/example_outlet_event_extra.py                                                        3           0  0.59s           2025-04-05T15:30:04                      19
/home/airflow/.local/lib/python3.12/site-packages/airflow/example_dags/example_inlet_event_extra.py                                                         2           0  0.58s           2025-04-05T15:30:03                      15
/home/airflow/.local/lib/python3.12/site-packages/airflow/example_dags/example_dataset_alias_with_no_taskflow.py                                            4           0  0.57s           2025-04-05T15:30:14                      27
/home/airflow/.local/lib/python3.12/site-packages/airflow/example_dags/example_dag_decorator.py                                                             1           0  0.26s           2025-04-05T15:29:58                      32
/home/airflow/.local/lib/python3.12/site-packages/airflow/example_dags/example_branch_operator_decorator.py                                                 1           0  0.13s           2025-04-05T15:29:58                      12
/home/airflow/.local/lib/python3.12/site-packages/airflow/example_dags/example_complex.py                                                                   1           0  0.13s           2025-04-05T15:29:55                      10
/home/airflow/.local/lib/python3.12/site-packages/airflow/example_dags/example_branch_operator.py                                                           1           0  0.13s           2025-04-05T15:30:01                      12
/home/airflow/.local/lib/python3.12/site-packages/airflow/example_dags/example_xcom.py                                                                      1           0  0.12s           2025-04-05T15:29:57                      12
/home/airflow/.local/lib/python3.12/site-packages/airflow/example_dags/example_kubernetes_executor.py                                                       1           0  0.12s           2025-04-05T15:29:57                      10
/home/airflow/.local/lib/python3.12/site-packages/airflow/example_dags/example_sla_dag.py                                                                   1           0  0.12s           2025-04-05T15:29:55                      12
/home/airflow/.local/lib/python3.12/site-packages/airflow/example_dags/example_subdag_operator.py                                                           3           0  0.12s           2025-04-05T15:30:01                      20
/home/airflow/.local/lib/python3.12/site-packages/airflow/example_dags/example_branch_datetime_operator.py                                                  3           0  0.12s           2025-04-05T15:29:59                      18
/home/airflow/.local/lib/python3.12/site-packages/airflow/example_dags/tutorial_taskflow_templates.py                                                       1           0  0.11s           2025-04-05T15:29:54                      12
/home/airflow/.local/lib/python3.12/site-packages/airflow/example_dags/example_trigger_controller_dag.py                                                    1           0  0.11s           2025-04-05T15:30:01                      12
/home/airflow/.local/lib/python3.12/site-packages/airflow/example_dags/example_skip_dag.py                                                                  1           0  0.11s           2025-04-05T15:29:56                      12
/home/airflow/.local/lib/python3.12/site-packages/airflow/example_dags/example_workday_timetable.py                                                         1           0  0.11s           2025-04-05T15:29:59                      12
/home/airflow/.local/lib/python3.12/site-packages/airflow/example_dags/example_nested_branch_dag.py                                                         1           0  0.11s           2025-04-05T15:29:54                      12
/home/airflow/.local/lib/python3.12/site-packages/airflow/example_dags/example_bash_operator.py                                                             1           0  0.10s           2025-04-05T15:29:59                      12
/home/airflow/.local/lib/python3.12/site-packages/airflow/example_dags/example_params_ui_tutorial.py                                                        1           0  0.10s           2025-04-05T15:29:59                      10
/home/airflow/.local/lib/python3.12/site-packages/airflow/example_dags/tutorial.py                                                                          1           0  0.10s           2025-04-05T15:30:01                      12
/home/airflow/.local/lib/python3.12/site-packages/airflow/example_dags/example_branch_day_of_week_operator.py                                               1           0  0.10s           2025-04-05T15:29:51                      12
/home/airflow/.local/lib/python3.12/site-packages/airflow/example_dags/example_setup_teardown.py                                                            1           0  0.10s           2025-04-05T15:29:55                      10
/home/airflow/.local/lib/python3.12/site-packages/airflow/example_dags/example_xcomargs.py                                                                  2           0  0.10s           2025-04-05T15:30:02                      13
/home/airflow/.local/lib/python3.12/site-packages/airflow/example_dags/example_bash_decorator.py                                                            1           0  0.10s           2025-04-05T15:29:51                      10
/home/airflow/.local/lib/python3.12/site-packages/airflow/example_dags/tutorial_taskflow_api_virtualenv.py                                                  1           0  0.10s           2025-04-05T15:30:03                      10
/home/airflow/.local/lib/python3.12/site-packages/airflow/example_dags/tutorial_objectstorage.py                                                            1           0  0.10s           2025-04-05T15:29:54                      10
/home/airflow/.local/lib/python3.12/site-packages/airflow/example_dags/example_sensors.py                                                                   1           0  0.10s           2025-04-05T15:30:00                      10
/home/airflow/.local/lib/python3.12/site-packages/airflow/example_dags/example_task_group_decorator.py                                                      1           0  0.10s           2025-04-05T15:29:57                      10
/home/airflow/.local/lib/python3.12/site-packages/airflow/example_dags/example_task_group.py                                                                1           0  0.10s           2025-04-05T15:29:56                      10
/home/airflow/.local/lib/python3.12/site-packages/airflow/example_dags/example_params_trigger_ui.py                                                         1           0  0.10s           2025-04-05T15:30:02                      10
/home/airflow/.local/lib/python3.12/site-packages/airflow/example_dags/example_branch_labels.py                                                             1           0  0.09s           2025-04-05T15:29:58                      12
/home/airflow/.local/lib/python3.12/site-packages/airflow/example_dags/example_external_task_marker_dag.py                                                  2           0  0.09s           2025-04-05T15:30:00                      13
/home/airflow/.local/lib/python3.12/site-packages/airflow/example_dags/example_trigger_target_dag.py                                                        1           0  0.09s           2025-04-05T15:29:55                      10
/home/airflow/.local/lib/python3.12/site-packages/airflow/example_dags/example_short_circuit_decorator.py                                                   1           0  0.09s           2025-04-05T15:29:55                      10
/home/airflow/.local/lib/python3.12/site-packages/airflow/example_dags/example_setup_teardown_taskflow.py                                                   1           0  0.09s           2025-04-05T15:29:54                      10
/home/airflow/.local/lib/python3.12/site-packages/airflow/example_dags/tutorial_taskflow_api.py                                                             1           0  0.09s           2025-04-05T15:30:00                      10
/home/airflow/.local/lib/python3.12/site-packages/airflow/example_dags/example_python_decorator.py                                                          1           0  0.09s           2025-04-05T15:29:58                      10
/home/airflow/.local/lib/python3.12/site-packages/airflow/example_dags/example_passing_params_via_test_command.py                                           1           0  0.09s           2025-04-05T15:29:52                      12
/home/airflow/.local/lib/python3.12/site-packages/airflow/example_dags/example_time_delta_sensor_async.py                                                   1           0  0.09s           2025-04-05T15:30:02                      10
/home/airflow/.local/lib/python3.12/site-packages/airflow/example_dags/example_latest_only_with_trigger.py                                                  1           0  0.09s           2025-04-05T15:29:52                      12
/home/airflow/.local/lib/python3.12/site-packages/airflow/example_dags/example_python_operator.py                                                           1           0  0.09s           2025-04-05T15:30:03                      10
/home/airflow/.local/lib/python3.12/site-packages/airflow/example_dags/example_short_circuit_operator.py                                                    1           0  0.09s           2025-04-05T15:29:52                      10
/home/airflow/.local/lib/python3.12/site-packages/airflow/example_dags/example_local_kubernetes_executor.py                                                 1           0  0.09s           2025-04-05T15:30:03                      10
/home/airflow/.local/lib/python3.12/site-packages/airflow/example_dags/tutorial_dag.py                                                                      1           0  0.08s           2025-04-05T15:30:02                      10
/home/airflow/.local/lib/python3.12/site-packages/airflow/example_dags/example_dynamic_task_mapping.py                                                      1           0  0.08s           2025-04-05T15:29:58                      10
/home/airflow/.local/lib/python3.12/site-packages/airflow/example_dags/example_branch_python_dop_operator_3.py                                              1           0  0.08s           2025-04-05T15:30:02                      12
/home/airflow/.local/lib/python3.12/site-packages/airflow/example_dags/example_display_name.py                                                              1           0  0.08s           2025-04-05T15:30:03                      10
/home/airflow/.local/lib/python3.12/site-packages/airflow/example_dags/example_sensor_decorator.py                                                          1           0  0.08s           2025-04-05T15:29:55                      10
/home/airflow/.local/lib/python3.12/site-packages/airflow/example_dags/example_latest_only.py                                                               1           0  0.08s           2025-04-05T15:29:52                      12
/home/airflow/.local/lib/python3.12/site-packages/airflow/example_dags/example_dynamic_task_mapping_with_no_taskflow_operators.py                           1           0  0.08s           2025-04-05T15:29:58                      10
/home/airflow/.local/lib/python3.12/site-packages/airflow/example_dags/subdags/subdag.py                                                                    0           0  0.04s           2025-04-05T15:30:03                       3
/home/airflow/.local/lib/python3.12/site-packages/airflow/example_dags/plugins/decreasing_priority_weight_strategy.py                                       0           0  0.04s           2025-04-05T15:30:03                       3
/home/airflow/.local/lib/python3.12/site-packages/airflow/example_dags/plugins/event_listener.py                                                            0           0  0.04s           2025-04-05T15:30:03                       3
/home/airflow/.local/lib/python3.12/site-packages/airflow/example_dags/plugins/listener_plugin.py                                                           0           0  0.04s           2025-04-05T15:30:03                       3
/home/airflow/.local/lib/python3.12/site-packages/airflow/example_dags/plugins/workday.py                                                                   0           0  0.03s           2025-04-05T15:30:03                       3
================================================================================
[2025-04-05T15:30:50.198+0000] {manager.py:997} INFO - 
================================================================================
DAG File Processing Stats

File Path                                                                                                                          PID    Runtime      # DAGs    # Errors  Last Runtime    Last Run               Last # of DB Queries
---------------------------------------------------------------------------------------------------------------------------------  -----  ---------  --------  ----------  --------------  -------------------  ----------------------
/home/airflow/.local/lib/python3.12/site-packages/airflow/example_dags/example_inlet_event_extra.py                                                         2           0  0.69s           2025-04-05T15:30:34                      15
/home/airflow/.local/lib/python3.12/site-packages/airflow/example_dags/example_datasets.py                                                                 10           0  0.68s           2025-04-05T15:30:45                      49
/home/airflow/.local/lib/python3.12/site-packages/airflow/example_dags/example_dataset_alias.py                                                             4           0  0.67s           2025-04-05T15:30:43                      27
/home/airflow/.local/lib/python3.12/site-packages/airflow/example_dags/example_dataset_alias_with_no_taskflow.py                                            4           0  0.63s           2025-04-05T15:30:45                      27
/home/airflow/.local/lib/python3.12/site-packages/airflow/example_dags/example_outlet_event_extra.py                                                        3           0  0.62s           2025-04-05T15:30:35                      19
/home/airflow/.local/lib/python3.12/site-packages/airflow/example_dags/example_dag_decorator.py                                                             1           0  0.25s           2025-04-05T15:30:29                      32
/home/airflow/.local/lib/python3.12/site-packages/airflow/example_dags/example_skip_dag.py                                                                  1           0  0.14s           2025-04-05T15:30:27                      12
/home/airflow/.local/lib/python3.12/site-packages/airflow/example_dags/example_params_trigger_ui.py                                                         1           0  0.13s           2025-04-05T15:30:33                      10
/home/airflow/.local/lib/python3.12/site-packages/airflow/example_dags/example_bash_operator.py                                                             1           0  0.13s           2025-04-05T15:30:29                      12
/home/airflow/.local/lib/python3.12/site-packages/airflow/example_dags/example_subdag_operator.py                                                           3           0  0.13s           2025-04-05T15:30:32                      20
/home/airflow/.local/lib/python3.12/site-packages/airflow/example_dags/example_task_group.py                                                                1           0  0.12s           2025-04-05T15:30:27                      10
/home/airflow/.local/lib/python3.12/site-packages/airflow/example_dags/example_branch_operator.py                                                           1           0  0.12s           2025-04-05T15:30:32                      12
/home/airflow/.local/lib/python3.12/site-packages/airflow/example_dags/example_xcom.py                                                                      1           0  0.12s           2025-04-05T15:30:28                      12
/home/airflow/.local/lib/python3.12/site-packages/airflow/example_dags/example_workday_timetable.py                                                         1           0  0.12s           2025-04-05T15:30:29                      12
/home/airflow/.local/lib/python3.12/site-packages/airflow/example_dags/example_time_delta_sensor_async.py                                                   1           0  0.12s           2025-04-05T15:30:33                      10
/home/airflow/.local/lib/python3.12/site-packages/airflow/example_dags/example_branch_datetime_operator.py                                                  3           0  0.12s           2025-04-05T15:30:29                      18
/home/airflow/.local/lib/python3.12/site-packages/airflow/example_dags/example_kubernetes_executor.py                                                       1           0  0.12s           2025-04-05T15:30:28                      10
/home/airflow/.local/lib/python3.12/site-packages/airflow/example_dags/example_nested_branch_dag.py                                                         1           0  0.11s           2025-04-05T15:30:25                      12
/home/airflow/.local/lib/python3.12/site-packages/airflow/example_dags/tutorial.py                                                                          1           0  0.11s           2025-04-05T15:30:32                      12
/home/airflow/.local/lib/python3.12/site-packages/airflow/example_dags/example_passing_params_via_test_command.py                                           1           0  0.11s           2025-04-05T15:30:23                      12
/home/airflow/.local/lib/python3.12/site-packages/airflow/example_dags/example_task_group_decorator.py                                                      1           0  0.11s           2025-04-05T15:30:28                      10
/home/airflow/.local/lib/python3.12/site-packages/airflow/example_dags/tutorial_dag.py                                                                      1           0  0.11s           2025-04-05T15:30:33                      10
/home/airflow/.local/lib/python3.12/site-packages/airflow/example_dags/example_params_ui_tutorial.py                                                        1           0  0.11s           2025-04-05T15:30:30                      10
/home/airflow/.local/lib/python3.12/site-packages/airflow/example_dags/example_branch_operator_decorator.py                                                 1           0  0.11s           2025-04-05T15:30:29                      12
/home/airflow/.local/lib/python3.12/site-packages/airflow/example_dags/example_sensors.py                                                                   1           0  0.11s           2025-04-05T15:30:31                      10
/home/airflow/.local/lib/python3.12/site-packages/airflow/example_dags/tutorial_taskflow_api.py                                                             1           0  0.11s           2025-04-05T15:30:31                      10
/home/airflow/.local/lib/python3.12/site-packages/airflow/example_dags/example_branch_day_of_week_operator.py                                               1           0  0.11s           2025-04-05T15:30:22                      12
/home/airflow/.local/lib/python3.12/site-packages/airflow/example_dags/example_branch_python_dop_operator_3.py                                              1           0  0.10s           2025-04-05T15:30:33                      12
/home/airflow/.local/lib/python3.12/site-packages/airflow/example_dags/example_short_circuit_operator.py                                                    1           0  0.10s           2025-04-05T15:30:23                      10
/home/airflow/.local/lib/python3.12/site-packages/airflow/example_dags/example_xcomargs.py                                                                  2           0  0.10s           2025-04-05T15:30:33                      13
/home/airflow/.local/lib/python3.12/site-packages/airflow/example_dags/tutorial_taskflow_api_virtualenv.py                                                  1           0  0.10s           2025-04-05T15:30:34                      10
/home/airflow/.local/lib/python3.12/site-packages/airflow/example_dags/example_trigger_controller_dag.py                                                    1           0  0.10s           2025-04-05T15:30:32                      12
/home/airflow/.local/lib/python3.12/site-packages/airflow/example_dags/example_python_decorator.py                                                          1           0  0.10s           2025-04-05T15:30:29                      10
/home/airflow/.local/lib/python3.12/site-packages/airflow/example_dags/example_setup_teardown_taskflow.py                                                   1           0  0.10s           2025-04-05T15:30:25                      10
/home/airflow/.local/lib/python3.12/site-packages/airflow/example_dags/example_external_task_marker_dag.py                                                  2           0  0.10s           2025-04-05T15:30:31                      13
/home/airflow/.local/lib/python3.12/site-packages/airflow/example_dags/example_sla_dag.py                                                                   1           0  0.09s           2025-04-05T15:30:25                      12
/home/airflow/.local/lib/python3.12/site-packages/airflow/example_dags/example_complex.py                                                                   1           0  0.09s           2025-04-05T15:30:25                      10
/home/airflow/.local/lib/python3.12/site-packages/airflow/example_dags/example_branch_labels.py                                                             1           0  0.09s           2025-04-05T15:30:29                      12
/home/airflow/.local/lib/python3.12/site-packages/airflow/example_dags/example_bash_decorator.py                                                            1           0  0.09s           2025-04-05T15:30:22                      10
/home/airflow/.local/lib/python3.12/site-packages/airflow/example_dags/example_latest_only_with_trigger.py                                                  1           0  0.09s           2025-04-05T15:30:23                      12
/home/airflow/.local/lib/python3.12/site-packages/airflow/example_dags/tutorial_taskflow_templates.py                                                       1           0  0.09s           2025-04-05T15:30:25                      12
/home/airflow/.local/lib/python3.12/site-packages/airflow/example_dags/example_dynamic_task_mapping.py                                                      1           0  0.09s           2025-04-05T15:30:29                      10
/home/airflow/.local/lib/python3.12/site-packages/airflow/example_dags/example_python_operator.py                                                           1           0  0.09s           2025-04-05T15:30:34                      10
/home/airflow/.local/lib/python3.12/site-packages/airflow/example_dags/example_latest_only.py                                                               1           0  0.09s           2025-04-05T15:30:23                      12
/home/airflow/.local/lib/python3.12/site-packages/airflow/example_dags/example_display_name.py                                                              1           0  0.09s           2025-04-05T15:30:34                      10
/home/airflow/.local/lib/python3.12/site-packages/airflow/example_dags/example_local_kubernetes_executor.py                                                 1           0  0.08s           2025-04-05T15:30:34                      10
/home/airflow/.local/lib/python3.12/site-packages/airflow/example_dags/example_short_circuit_decorator.py                                                   1           0  0.08s           2025-04-05T15:30:26                      10
/home/airflow/.local/lib/python3.12/site-packages/airflow/example_dags/example_dynamic_task_mapping_with_no_taskflow_operators.py                           1           0  0.08s           2025-04-05T15:30:29                      10
/home/airflow/.local/lib/python3.12/site-packages/airflow/example_dags/example_sensor_decorator.py                                                          1           0  0.08s           2025-04-05T15:30:26                      10
/home/airflow/.local/lib/python3.12/site-packages/airflow/example_dags/tutorial_objectstorage.py                                                            1           0  0.08s           2025-04-05T15:30:25                      10
/home/airflow/.local/lib/python3.12/site-packages/airflow/example_dags/example_trigger_target_dag.py                                                        1           0  0.08s           2025-04-05T15:30:26                      10
/home/airflow/.local/lib/python3.12/site-packages/airflow/example_dags/example_setup_teardown.py                                                            1           0  0.08s           2025-04-05T15:30:26                      10
/home/airflow/.local/lib/python3.12/site-packages/airflow/example_dags/plugins/listener_plugin.py                                                           0           0  0.04s           2025-04-05T15:30:34                       3
/home/airflow/.local/lib/python3.12/site-packages/airflow/example_dags/plugins/event_listener.py                                                            0           0  0.04s           2025-04-05T15:30:34                       3
/home/airflow/.local/lib/python3.12/site-packages/airflow/example_dags/plugins/decreasing_priority_weight_strategy.py                                       0           0  0.04s           2025-04-05T15:30:34                       3
/home/airflow/.local/lib/python3.12/site-packages/airflow/example_dags/plugins/workday.py                                                                   0           0  0.04s           2025-04-05T15:30:34                       3
/home/airflow/.local/lib/python3.12/site-packages/airflow/example_dags/subdags/subdag.py                                                                    0           0  0.03s           2025-04-05T15:30:34                       3
================================================================================
[2025-04-05T15:31:21.000+0000] {manager.py:997} INFO - 
================================================================================
DAG File Processing Stats

File Path                                                                                                                          PID    Runtime      # DAGs    # Errors  Last Runtime    Last Run               Last # of DB Queries
---------------------------------------------------------------------------------------------------------------------------------  -----  ---------  --------  ----------  --------------  -------------------  ----------------------
/home/airflow/.local/lib/python3.12/site-packages/airflow/example_dags/example_dataset_alias.py                                                             4           0  0.71s           2025-04-05T15:31:14                      27
/home/airflow/.local/lib/python3.12/site-packages/airflow/example_dags/example_datasets.py                                                                 10           0  0.67s           2025-04-05T15:31:15                      49
/home/airflow/.local/lib/python3.12/site-packages/airflow/example_dags/example_outlet_event_extra.py                                                        3           0  0.66s           2025-04-05T15:31:06                      19
/home/airflow/.local/lib/python3.12/site-packages/airflow/example_dags/example_inlet_event_extra.py                                                         2           0  0.66s           2025-04-05T15:31:04                      15
/home/airflow/.local/lib/python3.12/site-packages/airflow/example_dags/example_dataset_alias_with_no_taskflow.py                                            4           0  0.63s           2025-04-05T15:31:15                      27
/home/airflow/.local/lib/python3.12/site-packages/airflow/example_dags/example_dag_decorator.py                                                             1           0  0.26s           2025-04-05T15:31:00                      32
/home/airflow/.local/lib/python3.12/site-packages/airflow/example_dags/example_branch_operator.py                                                           1           0  0.15s           2025-04-05T15:31:03                      12
/home/airflow/.local/lib/python3.12/site-packages/airflow/example_dags/example_nested_branch_dag.py                                                         1           0  0.15s           2025-04-05T15:30:56                      12
/home/airflow/.local/lib/python3.12/site-packages/airflow/example_dags/example_kubernetes_executor.py                                                       1           0  0.14s           2025-04-05T15:30:59                      10
/home/airflow/.local/lib/python3.12/site-packages/airflow/example_dags/example_subdag_operator.py                                                           3           0  0.14s           2025-04-05T15:31:03                      20
/home/airflow/.local/lib/python3.12/site-packages/airflow/example_dags/example_task_group_decorator.py                                                      1           0  0.13s           2025-04-05T15:30:59                      10
/home/airflow/.local/lib/python3.12/site-packages/airflow/example_dags/example_local_kubernetes_executor.py                                                 1           0  0.13s           2025-04-05T15:31:05                      10
/home/airflow/.local/lib/python3.12/site-packages/airflow/example_dags/example_trigger_controller_dag.py                                                    1           0  0.13s           2025-04-05T15:31:03                      12
/home/airflow/.local/lib/python3.12/site-packages/airflow/example_dags/example_branch_operator_decorator.py                                                 1           0  0.13s           2025-04-05T15:31:00                      12
/home/airflow/.local/lib/python3.12/site-packages/airflow/example_dags/example_params_ui_tutorial.py                                                        1           0  0.12s           2025-04-05T15:31:00                      10
/home/airflow/.local/lib/python3.12/site-packages/airflow/example_dags/example_branch_datetime_operator.py                                                  3           0  0.12s           2025-04-05T15:31:00                      18
/home/airflow/.local/lib/python3.12/site-packages/airflow/example_dags/example_setup_teardown_taskflow.py                                                   1           0  0.12s           2025-04-05T15:30:56                      10
/home/airflow/.local/lib/python3.12/site-packages/airflow/example_dags/example_workday_timetable.py                                                         1           0  0.12s           2025-04-05T15:31:00                      12
/home/airflow/.local/lib/python3.12/site-packages/airflow/example_dags/example_xcom.py                                                                      1           0  0.11s           2025-04-05T15:30:59                      12
/home/airflow/.local/lib/python3.12/site-packages/airflow/example_dags/example_xcomargs.py                                                                  2           0  0.11s           2025-04-05T15:31:04                      13
/home/airflow/.local/lib/python3.12/site-packages/airflow/example_dags/example_skip_dag.py                                                                  1           0  0.11s           2025-04-05T15:30:58                      12
/home/airflow/.local/lib/python3.12/site-packages/airflow/example_dags/example_params_trigger_ui.py                                                         1           0  0.11s           2025-04-05T15:31:04                      10
/home/airflow/.local/lib/python3.12/site-packages/airflow/example_dags/example_branch_python_dop_operator_3.py                                              1           0  0.11s           2025-04-05T15:31:04                      12
/home/airflow/.local/lib/python3.12/site-packages/airflow/example_dags/example_latest_only_with_trigger.py                                                  1           0  0.10s           2025-04-05T15:30:54                      12
/home/airflow/.local/lib/python3.12/site-packages/airflow/example_dags/example_passing_params_via_test_command.py                                           1           0  0.10s           2025-04-05T15:30:54                      12
/home/airflow/.local/lib/python3.12/site-packages/airflow/example_dags/example_sla_dag.py                                                                   1           0  0.10s           2025-04-05T15:30:56                      12
/home/airflow/.local/lib/python3.12/site-packages/airflow/example_dags/example_external_task_marker_dag.py                                                  2           0  0.10s           2025-04-05T15:31:02                      13
/home/airflow/.local/lib/python3.12/site-packages/airflow/example_dags/example_bash_operator.py                                                             1           0  0.10s           2025-04-05T15:31:00                      12
/home/airflow/.local/lib/python3.12/site-packages/airflow/example_dags/tutorial.py                                                                          1           0  0.10s           2025-04-05T15:31:03                      12
/home/airflow/.local/lib/python3.12/site-packages/airflow/example_dags/example_display_name.py                                                              1           0  0.10s           2025-04-05T15:31:05                      10
/home/airflow/.local/lib/python3.12/site-packages/airflow/example_dags/example_sensors.py                                                                   1           0  0.10s           2025-04-05T15:31:02                      10
/home/airflow/.local/lib/python3.12/site-packages/airflow/example_dags/example_task_group.py                                                                1           0  0.10s           2025-04-05T15:30:58                      10
/home/airflow/.local/lib/python3.12/site-packages/airflow/example_dags/tutorial_dag.py                                                                      1           0  0.10s           2025-04-05T15:31:04                      10
/home/airflow/.local/lib/python3.12/site-packages/airflow/example_dags/example_complex.py                                                                   1           0  0.10s           2025-04-05T15:30:56                      10
/home/airflow/.local/lib/python3.12/site-packages/airflow/example_dags/tutorial_taskflow_api.py                                                             1           0  0.10s           2025-04-05T15:31:02                      10
/home/airflow/.local/lib/python3.12/site-packages/airflow/example_dags/tutorial_taskflow_templates.py                                                       1           0  0.10s           2025-04-05T15:30:56                      12
/home/airflow/.local/lib/python3.12/site-packages/airflow/example_dags/example_branch_day_of_week_operator.py                                               1           0  0.10s           2025-04-05T15:30:53                      12
/home/airflow/.local/lib/python3.12/site-packages/airflow/example_dags/example_branch_labels.py                                                             1           0  0.10s           2025-04-05T15:31:00                      12
/home/airflow/.local/lib/python3.12/site-packages/airflow/example_dags/example_latest_only.py                                                               1           0  0.10s           2025-04-05T15:30:54                      12
/home/airflow/.local/lib/python3.12/site-packages/airflow/example_dags/example_trigger_target_dag.py                                                        1           0  0.09s           2025-04-05T15:30:57                      10
/home/airflow/.local/lib/python3.12/site-packages/airflow/example_dags/example_python_operator.py                                                           1           0  0.09s           2025-04-05T15:31:04                      10
/home/airflow/.local/lib/python3.12/site-packages/airflow/example_dags/example_bash_decorator.py                                                            1           0  0.09s           2025-04-05T15:30:53                      10
/home/airflow/.local/lib/python3.12/site-packages/airflow/example_dags/example_python_decorator.py                                                          1           0  0.09s           2025-04-05T15:31:00                      10
/home/airflow/.local/lib/python3.12/site-packages/airflow/example_dags/tutorial_taskflow_api_virtualenv.py                                                  1           0  0.09s           2025-04-05T15:31:04                      10
/home/airflow/.local/lib/python3.12/site-packages/airflow/example_dags/example_short_circuit_decorator.py                                                   1           0  0.09s           2025-04-05T15:30:57                      10
/home/airflow/.local/lib/python3.12/site-packages/airflow/example_dags/example_dynamic_task_mapping_with_no_taskflow_operators.py                           1           0  0.09s           2025-04-05T15:31:00                      10
/home/airflow/.local/lib/python3.12/site-packages/airflow/example_dags/example_short_circuit_operator.py                                                    1           0  0.09s           2025-04-05T15:30:54                      10
/home/airflow/.local/lib/python3.12/site-packages/airflow/example_dags/example_setup_teardown.py                                                            1           0  0.09s           2025-04-05T15:30:57                      10
/home/airflow/.local/lib/python3.12/site-packages/airflow/example_dags/example_sensor_decorator.py                                                          1           0  0.08s           2025-04-05T15:30:57                      10
/home/airflow/.local/lib/python3.12/site-packages/airflow/example_dags/example_dynamic_task_mapping.py                                                      1           0  0.08s           2025-04-05T15:31:00                      10
/home/airflow/.local/lib/python3.12/site-packages/airflow/example_dags/tutorial_objectstorage.py                                                            1           0  0.08s           2025-04-05T15:30:56                      10
/home/airflow/.local/lib/python3.12/site-packages/airflow/example_dags/example_time_delta_sensor_async.py                                                   1           0  0.07s           2025-04-05T15:31:04                      10
/home/airflow/.local/lib/python3.12/site-packages/airflow/example_dags/subdags/subdag.py                                                                    0           0  0.07s           2025-04-05T15:31:05                       3
/home/airflow/.local/lib/python3.12/site-packages/airflow/example_dags/plugins/listener_plugin.py                                                           0           0  0.05s           2025-04-05T15:31:05                       3
/home/airflow/.local/lib/python3.12/site-packages/airflow/example_dags/plugins/decreasing_priority_weight_strategy.py                                       0           0  0.05s           2025-04-05T15:31:05                       3
/home/airflow/.local/lib/python3.12/site-packages/airflow/example_dags/plugins/workday.py                                                                   0           0  0.05s           2025-04-05T15:31:05                       3
/home/airflow/.local/lib/python3.12/site-packages/airflow/example_dags/plugins/event_listener.py                                                            0           0  0.04s           2025-04-05T15:31:05                       3
================================================================================
[2025-04-05T15:31:51.292+0000] {manager.py:997} INFO - 
================================================================================
DAG File Processing Stats

File Path                                                                                                                          PID    Runtime      # DAGs    # Errors  Last Runtime    Last Run               Last # of DB Queries
---------------------------------------------------------------------------------------------------------------------------------  -----  ---------  --------  ----------  --------------  -------------------  ----------------------
/home/airflow/.local/lib/python3.12/site-packages/airflow/example_dags/example_dataset_alias.py                                                             4           0  0.74s           2025-04-05T15:31:45                      27
/home/airflow/.local/lib/python3.12/site-packages/airflow/example_dags/example_datasets.py                                                                 10           0  0.66s           2025-04-05T15:31:47                      49
/home/airflow/.local/lib/python3.12/site-packages/airflow/example_dags/example_inlet_event_extra.py                                                         2           0  0.64s           2025-04-05T15:31:35                      15
/home/airflow/.local/lib/python3.12/site-packages/airflow/example_dags/example_dataset_alias_with_no_taskflow.py                                            4           0  0.64s           2025-04-05T15:31:47                      27
/home/airflow/.local/lib/python3.12/site-packages/airflow/example_dags/example_outlet_event_extra.py                                                        3           0  0.62s           2025-04-05T15:31:37                      19
/home/airflow/.local/lib/python3.12/site-packages/airflow/example_dags/example_dag_decorator.py                                                             1           0  0.28s           2025-04-05T15:31:31                      32
/home/airflow/.local/lib/python3.12/site-packages/airflow/example_dags/example_branch_operator_decorator.py                                                 1           0  0.13s           2025-04-05T15:31:31                      12
/home/airflow/.local/lib/python3.12/site-packages/airflow/example_dags/example_branch_python_dop_operator_3.py                                              1           0  0.13s           2025-04-05T15:31:35                      12
/home/airflow/.local/lib/python3.12/site-packages/airflow/example_dags/example_params_trigger_ui.py                                                         1           0  0.12s           2025-04-05T15:31:35                      10
/home/airflow/.local/lib/python3.12/site-packages/airflow/example_dags/example_workday_timetable.py                                                         1           0  0.12s           2025-04-05T15:31:31                      12
/home/airflow/.local/lib/python3.12/site-packages/airflow/example_dags/example_nested_branch_dag.py                                                         1           0  0.12s           2025-04-05T15:31:27                      12
/home/airflow/.local/lib/python3.12/site-packages/airflow/example_dags/example_branch_operator.py                                                           1           0  0.12s           2025-04-05T15:31:33                      12
/home/airflow/.local/lib/python3.12/site-packages/airflow/example_dags/example_subdag_operator.py                                                           3           0  0.12s           2025-04-05T15:31:34                      20
/home/airflow/.local/lib/python3.12/site-packages/airflow/example_dags/example_passing_params_via_test_command.py                                           1           0  0.11s           2025-04-05T15:31:25                      12
/home/airflow/.local/lib/python3.12/site-packages/airflow/example_dags/example_python_decorator.py                                                          1           0  0.11s           2025-04-05T15:31:31                      10
/home/airflow/.local/lib/python3.12/site-packages/airflow/example_dags/example_branch_day_of_week_operator.py                                               1           0  0.11s           2025-04-05T15:31:24                      12
/home/airflow/.local/lib/python3.12/site-packages/airflow/example_dags/example_skip_dag.py                                                                  1           0  0.11s           2025-04-05T15:31:28                      12
/home/airflow/.local/lib/python3.12/site-packages/airflow/example_dags/example_params_ui_tutorial.py                                                        1           0  0.11s           2025-04-05T15:31:31                      10
/home/airflow/.local/lib/python3.12/site-packages/airflow/example_dags/example_latest_only_with_trigger.py                                                  1           0  0.11s           2025-04-05T15:31:25                      12
/home/airflow/.local/lib/python3.12/site-packages/airflow/example_dags/example_xcom.py                                                                      1           0  0.11s           2025-04-05T15:31:30                      12
/home/airflow/.local/lib/python3.12/site-packages/airflow/example_dags/example_branch_datetime_operator.py                                                  3           0  0.11s           2025-04-05T15:31:31                      18
/home/airflow/.local/lib/python3.12/site-packages/airflow/example_dags/example_sensors.py                                                                   1           0  0.10s           2025-04-05T15:31:32                      10
/home/airflow/.local/lib/python3.12/site-packages/airflow/example_dags/example_kubernetes_executor.py                                                       1           0  0.10s           2025-04-05T15:31:30                      10
/home/airflow/.local/lib/python3.12/site-packages/airflow/example_dags/example_complex.py                                                                   1           0  0.10s           2025-04-05T15:31:27                      10
/home/airflow/.local/lib/python3.12/site-packages/airflow/example_dags/example_bash_operator.py                                                             1           0  0.10s           2025-04-05T15:31:31                      12
/home/airflow/.local/lib/python3.12/site-packages/airflow/example_dags/tutorial_taskflow_api.py                                                             1           0  0.10s           2025-04-05T15:31:32                      10
/home/airflow/.local/lib/python3.12/site-packages/airflow/example_dags/example_trigger_controller_dag.py                                                    1           0  0.10s           2025-04-05T15:31:33                      12
/home/airflow/.local/lib/python3.12/site-packages/airflow/example_dags/example_external_task_marker_dag.py                                                  2           0  0.10s           2025-04-05T15:31:32                      13
/home/airflow/.local/lib/python3.12/site-packages/airflow/example_dags/example_sla_dag.py                                                                   1           0  0.09s           2025-04-05T15:31:27                      12
/home/airflow/.local/lib/python3.12/site-packages/airflow/example_dags/example_task_group.py                                                                1           0  0.09s           2025-04-05T15:31:28                      10
/home/airflow/.local/lib/python3.12/site-packages/airflow/example_dags/example_setup_teardown_taskflow.py                                                   1           0  0.09s           2025-04-05T15:31:27                      10
/home/airflow/.local/lib/python3.12/site-packages/airflow/example_dags/tutorial_taskflow_templates.py                                                       1           0  0.09s           2025-04-05T15:31:27                      12
/home/airflow/.local/lib/python3.12/site-packages/airflow/example_dags/tutorial.py                                                                          1           0  0.09s           2025-04-05T15:31:34                      12
/home/airflow/.local/lib/python3.12/site-packages/airflow/example_dags/tutorial_taskflow_api_virtualenv.py                                                  1           0  0.09s           2025-04-05T15:31:35                      10
/home/airflow/.local/lib/python3.12/site-packages/airflow/example_dags/example_short_circuit_decorator.py                                                   1           0  0.09s           2025-04-05T15:31:27                      10
/home/airflow/.local/lib/python3.12/site-packages/airflow/example_dags/tutorial_dag.py                                                                      1           0  0.09s           2025-04-05T15:31:35                      10
/home/airflow/.local/lib/python3.12/site-packages/airflow/example_dags/example_short_circuit_operator.py                                                    1           0  0.09s           2025-04-05T15:31:25                      10
/home/airflow/.local/lib/python3.12/site-packages/airflow/example_dags/example_local_kubernetes_executor.py                                                 1           0  0.09s           2025-04-05T15:31:35                      10
/home/airflow/.local/lib/python3.12/site-packages/airflow/example_dags/example_python_operator.py                                                           1           0  0.09s           2025-04-05T15:31:35                      10
/home/airflow/.local/lib/python3.12/site-packages/airflow/example_dags/example_branch_labels.py                                                             1           0  0.09s           2025-04-05T15:31:31                      12
/home/airflow/.local/lib/python3.12/site-packages/airflow/example_dags/example_bash_decorator.py                                                            1           0  0.08s           2025-04-05T15:31:24                      10
/home/airflow/.local/lib/python3.12/site-packages/airflow/example_dags/example_display_name.py                                                              1           0  0.08s           2025-04-05T15:31:35                      10
/home/airflow/.local/lib/python3.12/site-packages/airflow/example_dags/example_task_group_decorator.py                                                      1           0  0.08s           2025-04-05T15:31:30                      10
/home/airflow/.local/lib/python3.12/site-packages/airflow/example_dags/example_latest_only.py                                                               1           0  0.08s           2025-04-05T15:31:25                      12
/home/airflow/.local/lib/python3.12/site-packages/airflow/example_dags/example_sensor_decorator.py                                                          1           0  0.08s           2025-04-05T15:31:27                      10
/home/airflow/.local/lib/python3.12/site-packages/airflow/example_dags/example_setup_teardown.py                                                            1           0  0.08s           2025-04-05T15:31:27                      10
/home/airflow/.local/lib/python3.12/site-packages/airflow/example_dags/tutorial_objectstorage.py                                                            1           0  0.08s           2025-04-05T15:31:27                      10
/home/airflow/.local/lib/python3.12/site-packages/airflow/example_dags/example_xcomargs.py                                                                  2           0  0.08s           2025-04-05T15:31:35                      13
/home/airflow/.local/lib/python3.12/site-packages/airflow/example_dags/example_time_delta_sensor_async.py                                                   1           0  0.08s           2025-04-05T15:31:35                      10
/home/airflow/.local/lib/python3.12/site-packages/airflow/example_dags/example_dynamic_task_mapping.py                                                      1           0  0.08s           2025-04-05T15:31:31                      10
/home/airflow/.local/lib/python3.12/site-packages/airflow/example_dags/example_trigger_target_dag.py                                                        1           0  0.08s           2025-04-05T15:31:27                      10
/home/airflow/.local/lib/python3.12/site-packages/airflow/example_dags/example_dynamic_task_mapping_with_no_taskflow_operators.py                           1           0  0.08s           2025-04-05T15:31:31                      10
/home/airflow/.local/lib/python3.12/site-packages/airflow/example_dags/subdags/subdag.py                                                                    0           0  0.04s           2025-04-05T15:31:35                       3
/home/airflow/.local/lib/python3.12/site-packages/airflow/example_dags/plugins/decreasing_priority_weight_strategy.py                                       0           0  0.04s           2025-04-05T15:31:35                       3
/home/airflow/.local/lib/python3.12/site-packages/airflow/example_dags/plugins/listener_plugin.py                                                           0           0  0.04s           2025-04-05T15:31:35                       3
/home/airflow/.local/lib/python3.12/site-packages/airflow/example_dags/plugins/workday.py                                                                   0           0  0.04s           2025-04-05T15:31:35                       3
/home/airflow/.local/lib/python3.12/site-packages/airflow/example_dags/plugins/event_listener.py                                                            0           0  0.04s           2025-04-05T15:31:35                       3
================================================================================
[2025-04-05T15:32:22.168+0000] {manager.py:997} INFO - 
================================================================================
DAG File Processing Stats

File Path                                                                                                                          PID    Runtime      # DAGs    # Errors  Last Runtime    Last Run               Last # of DB Queries
---------------------------------------------------------------------------------------------------------------------------------  -----  ---------  --------  ----------  --------------  -------------------  ----------------------
/home/airflow/.local/lib/python3.12/site-packages/airflow/example_dags/example_datasets.py                                                                 10           0  0.70s           2025-04-05T15:32:18                      49
/home/airflow/.local/lib/python3.12/site-packages/airflow/example_dags/example_dataset_alias_with_no_taskflow.py                                            4           0  0.64s           2025-04-05T15:32:18                      27
/home/airflow/.local/lib/python3.12/site-packages/airflow/example_dags/example_inlet_event_extra.py                                                         2           0  0.64s           2025-04-05T15:32:06                      15
/home/airflow/.local/lib/python3.12/site-packages/airflow/example_dags/example_dataset_alias.py                                                             4           0  0.63s           2025-04-05T15:32:16                      27
/home/airflow/.local/lib/python3.12/site-packages/airflow/example_dags/example_outlet_event_extra.py                                                        3           0  0.57s           2025-04-05T15:32:08                      19
/home/airflow/.local/lib/python3.12/site-packages/airflow/example_dags/example_dag_decorator.py                                                             1           0  0.27s           2025-04-05T15:32:01                      32
/home/airflow/.local/lib/python3.12/site-packages/airflow/example_dags/example_branch_operator_decorator.py                                                 1           0  0.14s           2025-04-05T15:32:01                      12
/home/airflow/.local/lib/python3.12/site-packages/airflow/example_dags/example_latest_only_with_trigger.py                                                  1           0  0.14s           2025-04-05T15:31:55                      12
/home/airflow/.local/lib/python3.12/site-packages/airflow/example_dags/example_passing_params_via_test_command.py                                           1           0  0.13s           2025-04-05T15:31:55                      12
/home/airflow/.local/lib/python3.12/site-packages/airflow/example_dags/example_branch_operator.py                                                           1           0  0.13s           2025-04-05T15:32:04                      12
/home/airflow/.local/lib/python3.12/site-packages/airflow/example_dags/example_latest_only.py                                                               1           0  0.13s           2025-04-05T15:31:55                      12
/home/airflow/.local/lib/python3.12/site-packages/airflow/example_dags/example_workday_timetable.py                                                         1           0  0.13s           2025-04-05T15:32:01                      12
/home/airflow/.local/lib/python3.12/site-packages/airflow/example_dags/example_kubernetes_executor.py                                                       1           0  0.12s           2025-04-05T15:32:00                      10
/home/airflow/.local/lib/python3.12/site-packages/airflow/example_dags/example_short_circuit_operator.py                                                    1           0  0.12s           2025-04-05T15:31:55                      10
/home/airflow/.local/lib/python3.12/site-packages/airflow/example_dags/example_subdag_operator.py                                                           3           0  0.12s           2025-04-05T15:32:04                      20
/home/airflow/.local/lib/python3.12/site-packages/airflow/example_dags/example_branch_day_of_week_operator.py                                               1           0  0.12s           2025-04-05T15:31:54                      12
/home/airflow/.local/lib/python3.12/site-packages/airflow/example_dags/example_nested_branch_dag.py                                                         1           0  0.12s           2025-04-05T15:31:57                      12
/home/airflow/.local/lib/python3.12/site-packages/airflow/example_dags/example_skip_dag.py                                                                  1           0  0.12s           2025-04-05T15:31:59                      12
/home/airflow/.local/lib/python3.12/site-packages/airflow/example_dags/example_trigger_controller_dag.py                                                    1           0  0.12s           2025-04-05T15:32:04                      12
/home/airflow/.local/lib/python3.12/site-packages/airflow/example_dags/example_bash_decorator.py                                                            1           0  0.11s           2025-04-05T15:31:54                      10
/home/airflow/.local/lib/python3.12/site-packages/airflow/example_dags/example_params_trigger_ui.py                                                         1           0  0.11s           2025-04-05T15:32:05                      10
/home/airflow/.local/lib/python3.12/site-packages/airflow/example_dags/example_xcomargs.py                                                                  2           0  0.11s           2025-04-05T15:32:05                      13
/home/airflow/.local/lib/python3.12/site-packages/airflow/example_dags/example_external_task_marker_dag.py                                                  2           0  0.11s           2025-04-05T15:32:03                      13
/home/airflow/.local/lib/python3.12/site-packages/airflow/example_dags/example_branch_datetime_operator.py                                                  3           0  0.11s           2025-04-05T15:32:01                      18
/home/airflow/.local/lib/python3.12/site-packages/airflow/example_dags/example_xcom.py                                                                      1           0  0.11s           2025-04-05T15:32:00                      12
/home/airflow/.local/lib/python3.12/site-packages/airflow/example_dags/example_python_decorator.py                                                          1           0  0.11s           2025-04-05T15:32:01                      10
/home/airflow/.local/lib/python3.12/site-packages/airflow/example_dags/example_display_name.py                                                              1           0  0.10s           2025-04-05T15:32:05                      10
/home/airflow/.local/lib/python3.12/site-packages/airflow/example_dags/tutorial.py                                                                          1           0  0.10s           2025-04-05T15:32:04                      12
/home/airflow/.local/lib/python3.12/site-packages/airflow/example_dags/example_sensors.py                                                                   1           0  0.10s           2025-04-05T15:32:03                      10
/home/airflow/.local/lib/python3.12/site-packages/airflow/example_dags/example_dynamic_task_mapping_with_no_taskflow_operators.py                           1           0  0.10s           2025-04-05T15:32:01                      10
/home/airflow/.local/lib/python3.12/site-packages/airflow/example_dags/example_complex.py                                                                   1           0  0.10s           2025-04-05T15:31:57                      10
/home/airflow/.local/lib/python3.12/site-packages/airflow/example_dags/example_branch_labels.py                                                             1           0  0.10s           2025-04-05T15:32:01                      12
/home/airflow/.local/lib/python3.12/site-packages/airflow/example_dags/example_params_ui_tutorial.py                                                        1           0  0.10s           2025-04-05T15:32:02                      10
/home/airflow/.local/lib/python3.12/site-packages/airflow/example_dags/example_task_group.py                                                                1           0  0.10s           2025-04-05T15:31:59                      10
/home/airflow/.local/lib/python3.12/site-packages/airflow/example_dags/tutorial_taskflow_api.py                                                             1           0  0.10s           2025-04-05T15:32:03                      10
/home/airflow/.local/lib/python3.12/site-packages/airflow/example_dags/example_time_delta_sensor_async.py                                                   1           0  0.10s           2025-04-05T15:32:05                      10
/home/airflow/.local/lib/python3.12/site-packages/airflow/example_dags/example_setup_teardown_taskflow.py                                                   1           0  0.10s           2025-04-05T15:31:57                      10
/home/airflow/.local/lib/python3.12/site-packages/airflow/example_dags/example_bash_operator.py                                                             1           0  0.10s           2025-04-05T15:32:01                      12
/home/airflow/.local/lib/python3.12/site-packages/airflow/example_dags/example_branch_python_dop_operator_3.py                                              1           0  0.10s           2025-04-05T15:32:05                      12
/home/airflow/.local/lib/python3.12/site-packages/airflow/example_dags/tutorial_taskflow_templates.py                                                       1           0  0.10s           2025-04-05T15:31:57                      12
/home/airflow/.local/lib/python3.12/site-packages/airflow/example_dags/example_local_kubernetes_executor.py                                                 1           0  0.09s           2025-04-05T15:32:06                      10
/home/airflow/.local/lib/python3.12/site-packages/airflow/example_dags/example_task_group_decorator.py                                                      1           0  0.09s           2025-04-05T15:32:00                      10
/home/airflow/.local/lib/python3.12/site-packages/airflow/example_dags/example_sla_dag.py                                                                   1           0  0.09s           2025-04-05T15:31:57                      12
/home/airflow/.local/lib/python3.12/site-packages/airflow/example_dags/tutorial_taskflow_api_virtualenv.py                                                  1           0  0.09s           2025-04-05T15:32:05                      10
/home/airflow/.local/lib/python3.12/site-packages/airflow/example_dags/example_python_operator.py                                                           1           0  0.09s           2025-04-05T15:32:05                      10
/home/airflow/.local/lib/python3.12/site-packages/airflow/example_dags/example_short_circuit_decorator.py                                                   1           0  0.09s           2025-04-05T15:31:58                      10
/home/airflow/.local/lib/python3.12/site-packages/airflow/example_dags/example_setup_teardown.py                                                            1           0  0.09s           2025-04-05T15:31:58                      10
/home/airflow/.local/lib/python3.12/site-packages/airflow/example_dags/tutorial_objectstorage.py                                                            1           0  0.08s           2025-04-05T15:31:57                      10
/home/airflow/.local/lib/python3.12/site-packages/airflow/example_dags/example_trigger_target_dag.py                                                        1           0  0.08s           2025-04-05T15:31:58                      10
/home/airflow/.local/lib/python3.12/site-packages/airflow/example_dags/example_dynamic_task_mapping.py                                                      1           0  0.08s           2025-04-05T15:32:01                      10
/home/airflow/.local/lib/python3.12/site-packages/airflow/example_dags/tutorial_dag.py                                                                      1           0  0.08s           2025-04-05T15:32:05                      10
/home/airflow/.local/lib/python3.12/site-packages/airflow/example_dags/example_sensor_decorator.py                                                          1           0  0.08s           2025-04-05T15:31:58                      10
/home/airflow/.local/lib/python3.12/site-packages/airflow/example_dags/plugins/event_listener.py                                                            0           0  0.04s           2025-04-05T15:32:06                       3
/home/airflow/.local/lib/python3.12/site-packages/airflow/example_dags/plugins/workday.py                                                                   0           0  0.04s           2025-04-05T15:32:06                       3
/home/airflow/.local/lib/python3.12/site-packages/airflow/example_dags/plugins/decreasing_priority_weight_strategy.py                                       0           0  0.04s           2025-04-05T15:32:06                       3
/home/airflow/.local/lib/python3.12/site-packages/airflow/example_dags/plugins/listener_plugin.py                                                           0           0  0.04s           2025-04-05T15:32:06                       3
/home/airflow/.local/lib/python3.12/site-packages/airflow/example_dags/subdags/subdag.py                                                                    0           0  0.04s           2025-04-05T15:32:06                       3
================================================================================
[2025-04-05T15:32:53.088+0000] {manager.py:997} INFO - 
================================================================================
DAG File Processing Stats

File Path                                                                                                                          PID    Runtime      # DAGs    # Errors  Last Runtime    Last Run               Last # of DB Queries
---------------------------------------------------------------------------------------------------------------------------------  -----  ---------  --------  ----------  --------------  -------------------  ----------------------
/home/airflow/.local/lib/python3.12/site-packages/airflow/example_dags/example_outlet_event_extra.py                                                        3           0  0.67s           2025-04-05T15:32:39                      19
/home/airflow/.local/lib/python3.12/site-packages/airflow/example_dags/example_datasets.py                                                                 10           0  0.66s           2025-04-05T15:32:49                      49
/home/airflow/.local/lib/python3.12/site-packages/airflow/example_dags/example_dataset_alias_with_no_taskflow.py                                            4           0  0.62s           2025-04-05T15:32:49                      27
/home/airflow/.local/lib/python3.12/site-packages/airflow/example_dags/example_dataset_alias.py                                                             4           0  0.60s           2025-04-05T15:32:47                      27
/home/airflow/.local/lib/python3.12/site-packages/airflow/example_dags/example_inlet_event_extra.py                                                         2           0  0.59s           2025-04-05T15:32:36                      15
/home/airflow/.local/lib/python3.12/site-packages/airflow/example_dags/example_dag_decorator.py                                                             1           0  0.29s           2025-04-05T15:32:32                      32
/home/airflow/.local/lib/python3.12/site-packages/airflow/example_dags/example_branch_operator.py                                                           1           0  0.17s           2025-04-05T15:32:35                      12
/home/airflow/.local/lib/python3.12/site-packages/airflow/example_dags/example_trigger_controller_dag.py                                                    1           0  0.14s           2025-04-05T15:32:35                      12
/home/airflow/.local/lib/python3.12/site-packages/airflow/example_dags/example_sensors.py                                                                   1           0  0.14s           2025-04-05T15:32:34                      10
/home/airflow/.local/lib/python3.12/site-packages/airflow/example_dags/example_subdag_operator.py                                                           3           0  0.14s           2025-04-05T15:32:35                      20
/home/airflow/.local/lib/python3.12/site-packages/airflow/example_dags/tutorial_taskflow_api.py                                                             1           0  0.13s           2025-04-05T15:32:34                      10
/home/airflow/.local/lib/python3.12/site-packages/airflow/example_dags/example_branch_day_of_week_operator.py                                               1           0  0.13s           2025-04-05T15:32:25                      12
/home/airflow/.local/lib/python3.12/site-packages/airflow/example_dags/example_complex.py                                                                   1           0  0.12s           2025-04-05T15:32:28                      10
/home/airflow/.local/lib/python3.12/site-packages/airflow/example_dags/example_params_ui_tutorial.py                                                        1           0  0.12s           2025-04-05T15:32:33                      10
/home/airflow/.local/lib/python3.12/site-packages/airflow/example_dags/example_skip_dag.py                                                                  1           0  0.12s           2025-04-05T15:32:30                      12
/home/airflow/.local/lib/python3.12/site-packages/airflow/example_dags/example_workday_timetable.py                                                         1           0  0.12s           2025-04-05T15:32:32                      12
/home/airflow/.local/lib/python3.12/site-packages/airflow/example_dags/tutorial_taskflow_templates.py                                                       1           0  0.12s           2025-04-05T15:32:28                      12
/home/airflow/.local/lib/python3.12/site-packages/airflow/example_dags/example_branch_operator_decorator.py                                                 1           0  0.12s           2025-04-05T15:32:32                      12
/home/airflow/.local/lib/python3.12/site-packages/airflow/example_dags/example_python_decorator.py                                                          1           0  0.12s           2025-04-05T15:32:32                      10
/home/airflow/.local/lib/python3.12/site-packages/airflow/example_dags/example_passing_params_via_test_command.py                                           1           0  0.12s           2025-04-05T15:32:26                      12
/home/airflow/.local/lib/python3.12/site-packages/airflow/example_dags/example_xcom.py                                                                      1           0  0.11s           2025-04-05T15:32:31                      12
/home/airflow/.local/lib/python3.12/site-packages/airflow/example_dags/example_kubernetes_executor.py                                                       1           0  0.11s           2025-04-05T15:32:31                      10
/home/airflow/.local/lib/python3.12/site-packages/airflow/example_dags/example_params_trigger_ui.py                                                         1           0  0.11s           2025-04-05T15:32:36                      10
/home/airflow/.local/lib/python3.12/site-packages/airflow/example_dags/example_bash_decorator.py                                                            1           0  0.11s           2025-04-05T15:32:25                      10
/home/airflow/.local/lib/python3.12/site-packages/airflow/example_dags/tutorial_taskflow_api_virtualenv.py                                                  1           0  0.11s           2025-04-05T15:32:36                      10
/home/airflow/.local/lib/python3.12/site-packages/airflow/example_dags/example_short_circuit_operator.py                                                    1           0  0.11s           2025-04-05T15:32:26                      10
/home/airflow/.local/lib/python3.12/site-packages/airflow/example_dags/example_branch_datetime_operator.py                                                  3           0  0.11s           2025-04-05T15:32:32                      18
/home/airflow/.local/lib/python3.12/site-packages/airflow/example_dags/example_setup_teardown_taskflow.py                                                   1           0  0.10s           2025-04-05T15:32:28                      10
/home/airflow/.local/lib/python3.12/site-packages/airflow/example_dags/example_bash_operator.py                                                             1           0  0.10s           2025-04-05T15:32:32                      12
/home/airflow/.local/lib/python3.12/site-packages/airflow/example_dags/example_nested_branch_dag.py                                                         1           0  0.10s           2025-04-05T15:32:28                      12
/home/airflow/.local/lib/python3.12/site-packages/airflow/example_dags/example_task_group_decorator.py                                                      1           0  0.10s           2025-04-05T15:32:31                      10
/home/airflow/.local/lib/python3.12/site-packages/airflow/example_dags/example_task_group.py                                                                1           0  0.10s           2025-04-05T15:32:30                      10
/home/airflow/.local/lib/python3.12/site-packages/airflow/example_dags/example_branch_python_dop_operator_3.py                                              1           0  0.10s           2025-04-05T15:32:36                      12
/home/airflow/.local/lib/python3.12/site-packages/airflow/example_dags/example_sla_dag.py                                                                   1           0  0.10s           2025-04-05T15:32:28                      12
/home/airflow/.local/lib/python3.12/site-packages/airflow/example_dags/tutorial_dag.py                                                                      1           0  0.10s           2025-04-05T15:32:36                      10
/home/airflow/.local/lib/python3.12/site-packages/airflow/example_dags/example_external_task_marker_dag.py                                                  2           0  0.10s           2025-04-05T15:32:34                      13
/home/airflow/.local/lib/python3.12/site-packages/airflow/example_dags/example_branch_labels.py                                                             1           0  0.09s           2025-04-05T15:32:32                      12
/home/airflow/.local/lib/python3.12/site-packages/airflow/example_dags/tutorial.py                                                                          1           0  0.09s           2025-04-05T15:32:35                      12
/home/airflow/.local/lib/python3.12/site-packages/airflow/example_dags/example_trigger_target_dag.py                                                        1           0  0.09s           2025-04-05T15:32:29                      10
/home/airflow/.local/lib/python3.12/site-packages/airflow/example_dags/example_latest_only_with_trigger.py                                                  1           0  0.09s           2025-04-05T15:32:26                      12
/home/airflow/.local/lib/python3.12/site-packages/airflow/example_dags/example_xcomargs.py                                                                  2           0  0.09s           2025-04-05T15:32:36                      13
/home/airflow/.local/lib/python3.12/site-packages/airflow/example_dags/example_setup_teardown.py                                                            1           0  0.09s           2025-04-05T15:32:29                      10
/home/airflow/.local/lib/python3.12/site-packages/airflow/example_dags/example_latest_only.py                                                               1           0  0.09s           2025-04-05T15:32:26                      12
/home/airflow/.local/lib/python3.12/site-packages/airflow/example_dags/example_sensor_decorator.py                                                          1           0  0.09s           2025-04-05T15:32:28                      10
/home/airflow/.local/lib/python3.12/site-packages/airflow/example_dags/tutorial_objectstorage.py                                                            1           0  0.09s           2025-04-05T15:32:28                      10
/home/airflow/.local/lib/python3.12/site-packages/airflow/example_dags/example_dynamic_task_mapping.py                                                      1           0  0.09s           2025-04-05T15:32:32                      10
/home/airflow/.local/lib/python3.12/site-packages/airflow/example_dags/example_local_kubernetes_executor.py                                                 1           0  0.08s           2025-04-05T15:32:37                      10
/home/airflow/.local/lib/python3.12/site-packages/airflow/example_dags/example_python_operator.py                                                           1           0  0.08s           2025-04-05T15:32:37                      10
/home/airflow/.local/lib/python3.12/site-packages/airflow/example_dags/example_time_delta_sensor_async.py                                                   1           0  0.08s           2025-04-05T15:32:36                      10
/home/airflow/.local/lib/python3.12/site-packages/airflow/example_dags/example_short_circuit_decorator.py                                                   1           0  0.08s           2025-04-05T15:32:29                      10
/home/airflow/.local/lib/python3.12/site-packages/airflow/example_dags/example_dynamic_task_mapping_with_no_taskflow_operators.py                           1           0  0.08s           2025-04-05T15:32:32                      10
/home/airflow/.local/lib/python3.12/site-packages/airflow/example_dags/example_display_name.py                                                              1           0  0.07s           2025-04-05T15:32:37                      10
/home/airflow/.local/lib/python3.12/site-packages/airflow/example_dags/plugins/listener_plugin.py                                                           0           0  0.04s           2025-04-05T15:32:37                       3
/home/airflow/.local/lib/python3.12/site-packages/airflow/example_dags/subdags/subdag.py                                                                    0           0  0.04s           2025-04-05T15:32:37                       3
/home/airflow/.local/lib/python3.12/site-packages/airflow/example_dags/plugins/event_listener.py                                                            0           0  0.04s           2025-04-05T15:32:37                       3
/home/airflow/.local/lib/python3.12/site-packages/airflow/example_dags/plugins/decreasing_priority_weight_strategy.py                                       0           0  0.04s           2025-04-05T15:32:37                       3
/home/airflow/.local/lib/python3.12/site-packages/airflow/example_dags/plugins/workday.py                                                                   0           0  0.04s           2025-04-05T15:32:37                       3
================================================================================
[2025-04-05T20:33:10.947+0000] {manager.py:821} INFO - Searching for files in /opt/airflow/dags
[2025-04-05T20:33:10.961+0000] {manager.py:824} INFO - There are 57 files in /opt/airflow/dags
[2025-04-06T04:09:02.711+0000] {manager.py:821} INFO - Searching for files in /opt/airflow/dags
[2025-04-06T04:09:02.840+0000] {manager.py:824} INFO - There are 57 files in /opt/airflow/dags
[2025-04-06T04:09:03.437+0000] {manager.py:1366} ERROR - Processor for /home/airflow/.local/lib/python3.12/site-packages/airflow/example_dags/example_nested_branch_dag.py with PID 1847 started at 2025-04-05T20:33:14.256380+00:00 has timed out, killing it.
[2025-04-06T04:09:12.438+0000] {manager.py:997} INFO - 
================================================================================
DAG File Processing Stats

File Path                                                                                                                            PID  Runtime      # DAGs    # Errors  Last Runtime    Last Run               Last # of DB Queries
---------------------------------------------------------------------------------------------------------------------------------  -----  ---------  --------  ----------  --------------  -------------------  ----------------------
/home/airflow/.local/lib/python3.12/site-packages/airflow/example_dags/example_latest_only.py                                                               1           0  27350.82s       2025-04-06T04:09:02                      12
/home/airflow/.local/lib/python3.12/site-packages/airflow/example_dags/example_nested_branch_dag.py                                                         0           1  27349.18s       2025-04-06T04:09:03                       0
/home/airflow/.local/lib/python3.12/site-packages/airflow/example_dags/example_inlet_event_extra.py                                                         2           0  3.24s           2025-04-05T20:33:14                      15
/home/airflow/.local/lib/python3.12/site-packages/airflow/example_dags/example_outlet_event_extra.py                                                        3           0  3.16s           2025-04-06T04:09:08                      19
/home/airflow/.local/lib/python3.12/site-packages/airflow/example_dags/example_dag_decorator.py                                                             1           0  1.74s           2025-04-06T04:09:08                      32
/home/airflow/.local/lib/python3.12/site-packages/airflow/example_dags/example_branch_operator.py                                   1878  0.01s             1           0  0.89s           2025-04-05T15:33:06                      12
/home/airflow/.local/lib/python3.12/site-packages/airflow/example_dags/example_datasets.py                                          1872  1.90s            10           0  0.66s           2025-04-05T15:32:49                      49
/home/airflow/.local/lib/python3.12/site-packages/airflow/example_dags/tutorial_objectstorage.py                                                            1           0  0.63s           2025-04-06T04:09:04                      10
/home/airflow/.local/lib/python3.12/site-packages/airflow/example_dags/example_dataset_alias_with_no_taskflow.py                                            4           0  0.62s           2025-04-05T15:32:49                      27
/home/airflow/.local/lib/python3.12/site-packages/airflow/example_dags/example_dataset_alias.py                                                             4           0  0.60s           2025-04-05T15:32:47                      27
/home/airflow/.local/lib/python3.12/site-packages/airflow/example_dags/tutorial_taskflow_templates.py                                                       1           0  0.58s           2025-04-06T04:09:04                      12
/home/airflow/.local/lib/python3.12/site-packages/airflow/example_dags/example_setup_teardown_taskflow.py                                                   1           0  0.51s           2025-04-06T04:09:04                      10
/home/airflow/.local/lib/python3.12/site-packages/airflow/example_dags/example_complex.py                                                                   1           0  0.50s           2025-04-06T04:09:04                      10
/home/airflow/.local/lib/python3.12/site-packages/airflow/example_dags/example_params_ui_tutorial.py                                                        1           0  0.49s           2025-04-06T04:09:11                      32
/home/airflow/.local/lib/python3.12/site-packages/airflow/example_dags/example_subdag_operator.py                                                           3           0  0.47s           2025-04-05T15:33:07                      20
/home/airflow/.local/lib/python3.12/site-packages/airflow/example_dags/example_short_circuit_decorator.py                                                   1           0  0.46s           2025-04-06T04:09:05                      10
/home/airflow/.local/lib/python3.12/site-packages/airflow/example_dags/example_workday_timetable.py                                                         1           0  0.44s           2025-04-06T04:09:10                      12
/home/airflow/.local/lib/python3.12/site-packages/airflow/example_dags/example_sla_dag.py                                                                   1           0  0.43s           2025-04-06T04:09:05                      12
/home/airflow/.local/lib/python3.12/site-packages/airflow/example_dags/example_branch_operator_decorator.py                                                 1           0  0.41s           2025-04-06T04:09:09                      12
/home/airflow/.local/lib/python3.12/site-packages/airflow/example_dags/example_params_trigger_ui.py                                                         1           0  0.40s           2025-04-05T15:33:07                      10
/home/airflow/.local/lib/python3.12/site-packages/airflow/example_dags/example_branch_datetime_operator.py                                                  3           0  0.37s           2025-04-06T04:09:10                      18
/home/airflow/.local/lib/python3.12/site-packages/airflow/example_dags/example_sensor_decorator.py                                                          1           0  0.36s           2025-04-06T04:09:05                      10
/home/airflow/.local/lib/python3.12/site-packages/airflow/example_dags/example_setup_teardown.py                                                            1           0  0.36s           2025-04-06T04:09:05                      10
/home/airflow/.local/lib/python3.12/site-packages/airflow/example_dags/example_skip_dag.py                                                                  1           0  0.35s           2025-04-06T04:09:08                      12
/home/airflow/.local/lib/python3.12/site-packages/airflow/example_dags/example_kubernetes_executor.py                                                       1           0  0.34s           2025-04-06T04:09:08                      10
/home/airflow/.local/lib/python3.12/site-packages/airflow/example_dags/example_branch_labels.py                                                             1           0  0.33s           2025-04-06T04:09:09                      12
/home/airflow/.local/lib/python3.12/site-packages/airflow/example_dags/example_bash_operator.py                                                             1           0  0.33s           2025-04-06T04:09:10                      12
/home/airflow/.local/lib/python3.12/site-packages/airflow/example_dags/example_xcom.py                                                                      1           0  0.32s           2025-04-06T04:09:09                      12
/home/airflow/.local/lib/python3.12/site-packages/airflow/example_dags/tutorial.py                                                                          1           0  0.31s           2025-04-05T15:33:07                      12
/home/airflow/.local/lib/python3.12/site-packages/airflow/example_dags/example_task_group_decorator.py                                                      1           0  0.31s           2025-04-06T04:09:09                      10
/home/airflow/.local/lib/python3.12/site-packages/airflow/example_dags/example_trigger_target_dag.py                                                        1           0  0.31s           2025-04-06T04:09:06                      10
/home/airflow/.local/lib/python3.12/site-packages/airflow/example_dags/example_python_decorator.py                                                          1           0  0.31s           2025-04-06T04:09:09                      10
/home/airflow/.local/lib/python3.12/site-packages/airflow/example_dags/example_sensors.py                                                                   1           0  0.29s           2025-04-06T04:09:11                      10
/home/airflow/.local/lib/python3.12/site-packages/airflow/example_dags/example_external_task_marker_dag.py                                                  2           0  0.29s           2025-04-06T04:09:12                      13
/home/airflow/.local/lib/python3.12/site-packages/airflow/example_dags/tutorial_taskflow_api.py                                                             1           0  0.29s           2025-04-06T04:09:11                      10
/home/airflow/.local/lib/python3.12/site-packages/airflow/example_dags/tutorial_taskflow_api_virtualenv.py                                                  1           0  0.29s           2025-04-05T15:33:08                      10
/home/airflow/.local/lib/python3.12/site-packages/airflow/example_dags/example_branch_python_dop_operator_3.py                                              1           0  0.29s           2025-04-05T15:33:07                      12
/home/airflow/.local/lib/python3.12/site-packages/airflow/example_dags/example_python_operator.py                                                           1           0  0.28s           2025-04-05T15:33:09                      10
/home/airflow/.local/lib/python3.12/site-packages/airflow/example_dags/example_dynamic_task_mapping_with_no_taskflow_operators.py                           1           0  0.27s           2025-04-06T04:09:09                      10
/home/airflow/.local/lib/python3.12/site-packages/airflow/example_dags/example_xcomargs.py                                                                  2           0  0.26s           2025-04-05T15:33:08                      13
/home/airflow/.local/lib/python3.12/site-packages/airflow/example_dags/example_dynamic_task_mapping.py                                                      1           0  0.25s           2025-04-06T04:09:10                      10
/home/airflow/.local/lib/python3.12/site-packages/airflow/example_dags/example_task_group.py                                                                1           0  0.24s           2025-04-06T04:09:08                      10
/home/airflow/.local/lib/python3.12/site-packages/airflow/example_dags/example_trigger_controller_dag.py                                                    1           0  0.24s           2025-04-06T04:09:12                      12
/home/airflow/.local/lib/python3.12/site-packages/airflow/example_dags/tutorial_dag.py                                                                      1           0  0.23s           2025-04-05T15:33:08                      10
/home/airflow/.local/lib/python3.12/site-packages/airflow/example_dags/example_local_kubernetes_executor.py                                                 1           0  0.22s           2025-04-05T15:33:09                      10
/home/airflow/.local/lib/python3.12/site-packages/airflow/example_dags/example_display_name.py                                                              1           0  0.21s           2025-04-05T15:33:09                      10
/home/airflow/.local/lib/python3.12/site-packages/airflow/example_dags/example_time_delta_sensor_async.py                                                   1           0  0.20s           2025-04-05T15:33:08                      10
/home/airflow/.local/lib/python3.12/site-packages/airflow/example_dags/example_short_circuit_operator.py                                                    1           0  0.20s           2025-04-05T20:33:11                      10
/home/airflow/.local/lib/python3.12/site-packages/airflow/example_dags/example_bash_decorator.py                                                            1           0  0.19s           2025-04-05T20:33:11                      10
/home/airflow/.local/lib/python3.12/site-packages/airflow/example_dags/example_passing_params_via_test_command.py                                           1           0  0.19s           2025-04-05T20:33:11                      12
/home/airflow/.local/lib/python3.12/site-packages/airflow/example_dags/example_branch_day_of_week_operator.py                                               1           0  0.16s           2025-04-05T20:33:11                      12
/home/airflow/.local/lib/python3.12/site-packages/airflow/example_dags/plugins/workday.py                                                                   0           0  0.12s           2025-04-05T15:33:09                       3
/home/airflow/.local/lib/python3.12/site-packages/airflow/example_dags/example_latest_only_with_trigger.py                                                  1           0  0.12s           2025-04-05T20:33:11                      12
/home/airflow/.local/lib/python3.12/site-packages/airflow/example_dags/plugins/decreasing_priority_weight_strategy.py                                       0           0  0.09s           2025-04-05T15:33:09                       3
/home/airflow/.local/lib/python3.12/site-packages/airflow/example_dags/plugins/listener_plugin.py                                                           0           0  0.08s           2025-04-05T15:33:09                       3
/home/airflow/.local/lib/python3.12/site-packages/airflow/example_dags/plugins/event_listener.py                                                            0           0  0.07s           2025-04-05T15:33:09                       3
/home/airflow/.local/lib/python3.12/site-packages/airflow/example_dags/subdags/subdag.py                                                                    0           0  0.07s           2025-04-05T15:33:09                       3
================================================================================
[2025-04-06T04:09:43.346+0000] {manager.py:997} INFO - 
================================================================================
DAG File Processing Stats

File Path                                                                                                                            PID  Runtime      # DAGs    # Errors  Last Runtime    Last Run               Last # of DB Queries
---------------------------------------------------------------------------------------------------------------------------------  -----  ---------  --------  ----------  --------------  -------------------  ----------------------
/home/airflow/.local/lib/python3.12/site-packages/airflow/example_dags/example_dataset_alias.py                                                             4           0  2.33s           2025-04-06T04:09:15                      27
/home/airflow/.local/lib/python3.12/site-packages/airflow/example_dags/example_dataset_alias_with_no_taskflow.py                                            4           0  1.79s           2025-04-06T04:09:15                      27
/home/airflow/.local/lib/python3.12/site-packages/airflow/example_dags/example_inlet_event_extra.py                                                         2           0  0.94s           2025-04-06T04:09:17                      15
/home/airflow/.local/lib/python3.12/site-packages/airflow/example_dags/example_outlet_event_extra.py                                                        3           0  0.56s           2025-04-06T04:09:40                      19
/home/airflow/.local/lib/python3.12/site-packages/airflow/example_dags/example_datasets.py                                                                 10           0  0.56s           2025-04-06T04:09:43                      49
/home/airflow/.local/lib/python3.12/site-packages/airflow/example_dags/tutorial_dag.py                                                                      1           0  0.45s           2025-04-06T04:09:13                      10
/home/airflow/.local/lib/python3.12/site-packages/airflow/example_dags/example_branch_python_dop_operator_3.py                                              1           0  0.44s           2025-04-06T04:09:13                      12
/home/airflow/.local/lib/python3.12/site-packages/airflow/example_dags/example_params_trigger_ui.py                                                         1           0  0.42s           2025-04-06T04:09:13                      10
/home/airflow/.local/lib/python3.12/site-packages/airflow/example_dags/example_dag_decorator.py                                                             1           0  0.30s           2025-04-06T04:09:38                      32
/home/airflow/.local/lib/python3.12/site-packages/airflow/example_dags/example_time_delta_sensor_async.py                                                   1           0  0.28s           2025-04-06T04:09:14                      10
/home/airflow/.local/lib/python3.12/site-packages/airflow/example_dags/example_xcomargs.py                                                                  2           0  0.21s           2025-04-06T04:09:15                      13
/home/airflow/.local/lib/python3.12/site-packages/airflow/example_dags/example_subdag_operator.py                                   1942  0.01s             3           0  0.19s           2025-04-06T04:09:12                      20
/home/airflow/.local/lib/python3.12/site-packages/airflow/example_dags/example_branch_day_of_week_operator.py                                               1           0  0.15s           2025-04-06T04:09:16                      12
/home/airflow/.local/lib/python3.12/site-packages/airflow/example_dags/example_bash_decorator.py                                                            1           0  0.15s           2025-04-06T04:09:16                      10
/home/airflow/.local/lib/python3.12/site-packages/airflow/example_dags/tutorial.py                                                  1943  0.00s             1           0  0.14s           2025-04-06T04:09:12                      12
/home/airflow/.local/lib/python3.12/site-packages/airflow/example_dags/example_passing_params_via_test_command.py                                           1           0  0.14s           2025-04-06T04:09:16                      12
/home/airflow/.local/lib/python3.12/site-packages/airflow/example_dags/example_python_operator.py                                                           1           0  0.13s           2025-04-06T04:09:16                      10
/home/airflow/.local/lib/python3.12/site-packages/airflow/example_dags/tutorial_taskflow_api_virtualenv.py                                                  1           0  0.13s           2025-04-06T04:09:15                      10
/home/airflow/.local/lib/python3.12/site-packages/airflow/example_dags/example_sensors.py                                                                   1           0  0.12s           2025-04-06T04:09:42                      10
/home/airflow/.local/lib/python3.12/site-packages/airflow/example_dags/example_short_circuit_operator.py                                                    1           0  0.12s           2025-04-06T04:09:16                      10
/home/airflow/.local/lib/python3.12/site-packages/airflow/example_dags/example_latest_only_with_trigger.py                                                  1           0  0.12s           2025-04-06T04:09:17                      12
/home/airflow/.local/lib/python3.12/site-packages/airflow/example_dags/example_workday_timetable.py                                                         1           0  0.11s           2025-04-06T04:09:41                      12
/home/airflow/.local/lib/python3.12/site-packages/airflow/example_dags/tutorial_taskflow_api.py                                                             1           0  0.11s           2025-04-06T04:09:42                      10
/home/airflow/.local/lib/python3.12/site-packages/airflow/example_dags/example_display_name.py                                                              1           0  0.11s           2025-04-06T04:09:16                      10
/home/airflow/.local/lib/python3.12/site-packages/airflow/example_dags/example_branch_datetime_operator.py                                                  3           0  0.11s           2025-04-06T04:09:41                      18
/home/airflow/.local/lib/python3.12/site-packages/airflow/example_dags/example_local_kubernetes_executor.py                                                 1           0  0.11s           2025-04-06T04:09:16                      10
/home/airflow/.local/lib/python3.12/site-packages/airflow/example_dags/example_params_ui_tutorial.py                                                        1           0  0.10s           2025-04-06T04:09:41                      10
/home/airflow/.local/lib/python3.12/site-packages/airflow/example_dags/example_bash_operator.py                                                             1           0  0.10s           2025-04-06T04:09:41                      12
/home/airflow/.local/lib/python3.12/site-packages/airflow/example_dags/example_complex.py                                                                   1           0  0.10s           2025-04-06T04:09:35                      10
/home/airflow/.local/lib/python3.12/site-packages/airflow/example_dags/example_nested_branch_dag.py                                                         1           0  0.10s           2025-04-06T04:09:34                      12
/home/airflow/.local/lib/python3.12/site-packages/airflow/example_dags/tutorial_taskflow_templates.py                                                       1           0  0.10s           2025-04-06T04:09:35                      12
/home/airflow/.local/lib/python3.12/site-packages/airflow/example_dags/example_branch_operator_decorator.py                                                 1           0  0.10s           2025-04-06T04:09:39                      12
/home/airflow/.local/lib/python3.12/site-packages/airflow/example_dags/example_xcom.py                                                                      1           0  0.09s           2025-04-06T04:09:39                      12
/home/airflow/.local/lib/python3.12/site-packages/airflow/example_dags/example_branch_operator.py                                                           1           0  0.09s           2025-04-06T04:09:42                      12
/home/airflow/.local/lib/python3.12/site-packages/airflow/example_dags/example_short_circuit_decorator.py                                                   1           0  0.09s           2025-04-06T04:09:36                      10
/home/airflow/.local/lib/python3.12/site-packages/airflow/example_dags/example_dynamic_task_mapping_with_no_taskflow_operators.py                           1           0  0.09s           2025-04-06T04:09:40                      10
/home/airflow/.local/lib/python3.12/site-packages/airflow/example_dags/example_latest_only.py                                                               1           0  0.09s           2025-04-06T04:09:33                      12
/home/airflow/.local/lib/python3.12/site-packages/airflow/example_dags/example_external_task_marker_dag.py                                                  2           0  0.09s           2025-04-06T04:09:42                      13
/home/airflow/.local/lib/python3.12/site-packages/airflow/example_dags/example_branch_labels.py                                                             1           0  0.08s           2025-04-06T04:09:40                      12
/home/airflow/.local/lib/python3.12/site-packages/airflow/example_dags/example_setup_teardown_taskflow.py                                                   1           0  0.08s           2025-04-06T04:09:34                      10
/home/airflow/.local/lib/python3.12/site-packages/airflow/example_dags/example_sla_dag.py                                                                   1           0  0.08s           2025-04-06T04:09:35                      12
/home/airflow/.local/lib/python3.12/site-packages/airflow/example_dags/example_task_group.py                                                                1           0  0.08s           2025-04-06T04:09:39                      10
/home/airflow/.local/lib/python3.12/site-packages/airflow/example_dags/example_kubernetes_executor.py                                                       1           0  0.08s           2025-04-06T04:09:39                      10
/home/airflow/.local/lib/python3.12/site-packages/airflow/example_dags/example_task_group_decorator.py                                                      1           0  0.08s           2025-04-06T04:09:39                      10
/home/airflow/.local/lib/python3.12/site-packages/airflow/example_dags/example_trigger_target_dag.py                                                        1           0  0.08s           2025-04-06T04:09:36                      10
/home/airflow/.local/lib/python3.12/site-packages/airflow/example_dags/tutorial_objectstorage.py                                                            1           0  0.08s           2025-04-06T04:09:34                      10
/home/airflow/.local/lib/python3.12/site-packages/airflow/example_dags/example_sensor_decorator.py                                                          1           0  0.08s           2025-04-06T04:09:36                      10
/home/airflow/.local/lib/python3.12/site-packages/airflow/example_dags/example_trigger_controller_dag.py                                                    1           0  0.08s           2025-04-06T04:09:42                      12
/home/airflow/.local/lib/python3.12/site-packages/airflow/example_dags/example_setup_teardown.py                                                            1           0  0.08s           2025-04-06T04:09:36                      10
/home/airflow/.local/lib/python3.12/site-packages/airflow/example_dags/example_python_decorator.py                                                          1           0  0.08s           2025-04-06T04:09:40                      10
/home/airflow/.local/lib/python3.12/site-packages/airflow/example_dags/example_skip_dag.py                                                                  1           0  0.08s           2025-04-06T04:09:38                      12
/home/airflow/.local/lib/python3.12/site-packages/airflow/example_dags/subdags/subdag.py                                                                    0           0  0.08s           2025-04-06T04:09:16                       3
/home/airflow/.local/lib/python3.12/site-packages/airflow/example_dags/example_dynamic_task_mapping.py                                                      1           0  0.07s           2025-04-06T04:09:40                      10
/home/airflow/.local/lib/python3.12/site-packages/airflow/example_dags/plugins/event_listener.py                                                            0           0  0.07s           2025-04-06T04:09:16                       3
/home/airflow/.local/lib/python3.12/site-packages/airflow/example_dags/plugins/decreasing_priority_weight_strategy.py                                       0           0  0.06s           2025-04-06T04:09:16                       3
/home/airflow/.local/lib/python3.12/site-packages/airflow/example_dags/plugins/listener_plugin.py                                                           0           0  0.05s           2025-04-06T04:09:16                       3
/home/airflow/.local/lib/python3.12/site-packages/airflow/example_dags/plugins/workday.py                                                                   0           0  0.04s           2025-04-06T04:09:16                       3
================================================================================
[2025-04-06T04:10:14.186+0000] {manager.py:997} INFO - 
================================================================================
DAG File Processing Stats

File Path                                                                                                                            PID  Runtime      # DAGs    # Errors  Last Runtime    Last Run               Last # of DB Queries
---------------------------------------------------------------------------------------------------------------------------------  -----  ---------  --------  ----------  --------------  -------------------  ----------------------
/home/airflow/.local/lib/python3.12/site-packages/airflow/example_dags/example_dataset_alias.py                                                             4           0  0.77s           2025-04-06T04:09:47                      27
/home/airflow/.local/lib/python3.12/site-packages/airflow/example_dags/example_outlet_event_extra.py                                                        3           0  0.75s           2025-04-06T04:10:10                      19
/home/airflow/.local/lib/python3.12/site-packages/airflow/example_dags/example_dataset_alias_with_no_taskflow.py                                            4           0  0.75s           2025-04-06T04:09:47                      27
/home/airflow/.local/lib/python3.12/site-packages/airflow/example_dags/example_inlet_event_extra.py                                                         2           0  0.60s           2025-04-06T04:09:48                      15
/home/airflow/.local/lib/python3.12/site-packages/airflow/example_dags/example_datasets.py                                          2004  0.01s            10           0  0.56s           2025-04-06T04:09:43                      49
/home/airflow/.local/lib/python3.12/site-packages/airflow/example_dags/example_dag_decorator.py                                                             1           0  0.28s           2025-04-06T04:10:08                      32
/home/airflow/.local/lib/python3.12/site-packages/airflow/example_dags/example_branch_labels.py                                                             1           0  0.20s           2025-04-06T04:10:10                      12
/home/airflow/.local/lib/python3.12/site-packages/airflow/example_dags/example_complex.py                                                                   1           0  0.13s           2025-04-06T04:10:05                      10
/home/airflow/.local/lib/python3.12/site-packages/airflow/example_dags/example_task_group_decorator.py                                                      1           0  0.13s           2025-04-06T04:10:10                      10
/home/airflow/.local/lib/python3.12/site-packages/airflow/example_dags/example_sensors.py                                                                   1           0  0.13s           2025-04-06T04:10:13                      10
/home/airflow/.local/lib/python3.12/site-packages/airflow/example_dags/tutorial_taskflow_templates.py                                                       1           0  0.13s           2025-04-06T04:10:05                      12
/home/airflow/.local/lib/python3.12/site-packages/airflow/example_dags/example_workday_timetable.py                                                         1           0  0.12s           2025-04-06T04:10:11                      12
/home/airflow/.local/lib/python3.12/site-packages/airflow/example_dags/example_branch_datetime_operator.py                                                  3           0  0.12s           2025-04-06T04:10:11                      18
/home/airflow/.local/lib/python3.12/site-packages/airflow/example_dags/example_branch_operator_decorator.py                                                 1           0  0.12s           2025-04-06T04:10:10                      12
/home/airflow/.local/lib/python3.12/site-packages/airflow/example_dags/example_params_trigger_ui.py                                                         1           0  0.11s           2025-04-06T04:09:43                      10
/home/airflow/.local/lib/python3.12/site-packages/airflow/example_dags/example_bash_operator.py                                                             1           0  0.11s           2025-04-06T04:10:11                      12
/home/airflow/.local/lib/python3.12/site-packages/airflow/example_dags/tutorial_taskflow_api.py                                                             1           0  0.11s           2025-04-06T04:10:13                      10
/home/airflow/.local/lib/python3.12/site-packages/airflow/example_dags/example_params_ui_tutorial.py                                                        1           0  0.11s           2025-04-06T04:10:11                      10
/home/airflow/.local/lib/python3.12/site-packages/airflow/example_dags/example_latest_only_with_trigger.py                                                  1           0  0.11s           2025-04-06T04:09:48                      12
/home/airflow/.local/lib/python3.12/site-packages/airflow/example_dags/example_external_task_marker_dag.py                                                  2           0  0.11s           2025-04-06T04:10:13                      13
/home/airflow/.local/lib/python3.12/site-packages/airflow/example_dags/example_branch_operator.py                                                           1           0  0.11s           2025-04-06T04:10:13                      12
/home/airflow/.local/lib/python3.12/site-packages/airflow/example_dags/example_latest_only.py                                                               1           0  0.11s           2025-04-06T04:10:03                      12
/home/airflow/.local/lib/python3.12/site-packages/airflow/example_dags/example_dynamic_task_mapping.py                                                      1           0  0.11s           2025-04-06T04:10:10                      10
/home/airflow/.local/lib/python3.12/site-packages/airflow/example_dags/example_passing_params_via_test_command.py                                           1           0  0.11s           2025-04-06T04:09:47                      12
/home/airflow/.local/lib/python3.12/site-packages/airflow/example_dags/example_sla_dag.py                                                                   1           0  0.11s           2025-04-06T04:10:05                      12
/home/airflow/.local/lib/python3.12/site-packages/airflow/example_dags/example_trigger_controller_dag.py                                                    1           0  0.10s           2025-04-06T04:10:13                      12
/home/airflow/.local/lib/python3.12/site-packages/airflow/example_dags/example_nested_branch_dag.py                                                         1           0  0.10s           2025-04-06T04:10:04                      12
/home/airflow/.local/lib/python3.12/site-packages/airflow/example_dags/example_skip_dag.py                                                                  1           0  0.10s           2025-04-06T04:10:08                      12
/home/airflow/.local/lib/python3.12/site-packages/airflow/example_dags/example_subdag_operator.py                                   2005  0.01s             3           0  0.10s           2025-04-06T04:09:43                      20
/home/airflow/.local/lib/python3.12/site-packages/airflow/example_dags/example_short_circuit_decorator.py                                                   1           0  0.10s           2025-04-06T04:10:06                      10
/home/airflow/.local/lib/python3.12/site-packages/airflow/example_dags/tutorial_dag.py                                                                      1           0  0.09s           2025-04-06T04:09:44                      10
/home/airflow/.local/lib/python3.12/site-packages/airflow/example_dags/example_branch_day_of_week_operator.py                                               1           0  0.09s           2025-04-06T04:09:47                      12
/home/airflow/.local/lib/python3.12/site-packages/airflow/example_dags/example_branch_python_dop_operator_3.py                                              1           0  0.09s           2025-04-06T04:09:43                      12
/home/airflow/.local/lib/python3.12/site-packages/airflow/example_dags/example_sensor_decorator.py                                                          1           0  0.09s           2025-04-06T04:10:06                      10
/home/airflow/.local/lib/python3.12/site-packages/airflow/example_dags/example_python_decorator.py                                                          1           0  0.09s           2025-04-06T04:10:10                      10
/home/airflow/.local/lib/python3.12/site-packages/airflow/example_dags/example_xcomargs.py                                                                  2           0  0.09s           2025-04-06T04:09:47                      13
/home/airflow/.local/lib/python3.12/site-packages/airflow/example_dags/example_kubernetes_executor.py                                                       1           0  0.09s           2025-04-06T04:10:09                      10
/home/airflow/.local/lib/python3.12/site-packages/airflow/example_dags/example_setup_teardown_taskflow.py                                                   1           0  0.09s           2025-04-06T04:10:04                      10
/home/airflow/.local/lib/python3.12/site-packages/airflow/example_dags/example_dynamic_task_mapping_with_no_taskflow_operators.py                           1           0  0.09s           2025-04-06T04:10:10                      10
/home/airflow/.local/lib/python3.12/site-packages/airflow/example_dags/example_time_delta_sensor_async.py                                                   1           0  0.09s           2025-04-06T04:09:44                      10
/home/airflow/.local/lib/python3.12/site-packages/airflow/example_dags/example_xcom.py                                                                      1           0  0.09s           2025-04-06T04:10:09                      12
/home/airflow/.local/lib/python3.12/site-packages/airflow/example_dags/example_bash_decorator.py                                                            1           0  0.08s           2025-04-06T04:09:47                      10
/home/airflow/.local/lib/python3.12/site-packages/airflow/example_dags/tutorial_taskflow_api_virtualenv.py                                                  1           0  0.08s           2025-04-06T04:09:47                      10
/home/airflow/.local/lib/python3.12/site-packages/airflow/example_dags/example_setup_teardown.py                                                            1           0  0.08s           2025-04-06T04:10:06                      10
/home/airflow/.local/lib/python3.12/site-packages/airflow/example_dags/tutorial.py                                                                          1           0  0.08s           2025-04-06T04:09:43                      12
/home/airflow/.local/lib/python3.12/site-packages/airflow/example_dags/example_trigger_target_dag.py                                                        1           0  0.08s           2025-04-06T04:10:06                      10
/home/airflow/.local/lib/python3.12/site-packages/airflow/example_dags/example_short_circuit_operator.py                                                    1           0  0.08s           2025-04-06T04:09:47                      10
/home/airflow/.local/lib/python3.12/site-packages/airflow/example_dags/example_python_operator.py                                                           1           0  0.08s           2025-04-06T04:09:47                      10
/home/airflow/.local/lib/python3.12/site-packages/airflow/example_dags/example_task_group.py                                                                1           0  0.08s           2025-04-06T04:10:09                      10
/home/airflow/.local/lib/python3.12/site-packages/airflow/example_dags/example_display_name.py                                                              1           0  0.08s           2025-04-06T04:09:47                      10
/home/airflow/.local/lib/python3.12/site-packages/airflow/example_dags/tutorial_objectstorage.py                                                            1           0  0.08s           2025-04-06T04:10:04                      10
/home/airflow/.local/lib/python3.12/site-packages/airflow/example_dags/example_local_kubernetes_executor.py                                                 1           0  0.07s           2025-04-06T04:09:47                      10
/home/airflow/.local/lib/python3.12/site-packages/airflow/example_dags/subdags/subdag.py                                                                    0           0  0.05s           2025-04-06T04:09:47                       3
/home/airflow/.local/lib/python3.12/site-packages/airflow/example_dags/plugins/decreasing_priority_weight_strategy.py                                       0           0  0.04s           2025-04-06T04:09:47                       3
/home/airflow/.local/lib/python3.12/site-packages/airflow/example_dags/plugins/listener_plugin.py                                                           0           0  0.04s           2025-04-06T04:09:47                       3
/home/airflow/.local/lib/python3.12/site-packages/airflow/example_dags/plugins/workday.py                                                                   0           0  0.03s           2025-04-06T04:09:47                       3
/home/airflow/.local/lib/python3.12/site-packages/airflow/example_dags/plugins/event_listener.py                                                            0           0  0.03s           2025-04-06T04:09:47                       3
================================================================================
[2025-04-06T04:10:45.405+0000] {manager.py:997} INFO - 
================================================================================
DAG File Processing Stats

File Path                                                                                                                          PID    Runtime      # DAGs    # Errors  Last Runtime    Last Run               Last # of DB Queries
---------------------------------------------------------------------------------------------------------------------------------  -----  ---------  --------  ----------  --------------  -------------------  ----------------------
/home/airflow/.local/lib/python3.12/site-packages/airflow/example_dags/example_outlet_event_extra.py                                                        3           0  0.59s           2025-04-06T04:10:41                      19
/home/airflow/.local/lib/python3.12/site-packages/airflow/example_dags/example_dataset_alias_with_no_taskflow.py                                            4           0  0.58s           2025-04-06T04:10:18                      27
/home/airflow/.local/lib/python3.12/site-packages/airflow/example_dags/example_dataset_alias.py                                                             4           0  0.58s           2025-04-06T04:10:18                      27
/home/airflow/.local/lib/python3.12/site-packages/airflow/example_dags/example_inlet_event_extra.py                                                         2           0  0.57s           2025-04-06T04:10:19                      15
/home/airflow/.local/lib/python3.12/site-packages/airflow/example_dags/example_datasets.py                                                                 10           0  0.54s           2025-04-06T04:10:45                      49
/home/airflow/.local/lib/python3.12/site-packages/airflow/example_dags/example_dag_decorator.py                                                             1           0  0.28s           2025-04-06T04:10:39                      32
/home/airflow/.local/lib/python3.12/site-packages/airflow/example_dags/example_workday_timetable.py                                                         1           0  0.13s           2025-04-06T04:10:42                      12
/home/airflow/.local/lib/python3.12/site-packages/airflow/example_dags/example_branch_datetime_operator.py                                                  3           0  0.13s           2025-04-06T04:10:42                      18
/home/airflow/.local/lib/python3.12/site-packages/airflow/example_dags/example_subdag_operator.py                                                           3           0  0.13s           2025-04-06T04:10:44                      20
/home/airflow/.local/lib/python3.12/site-packages/airflow/example_dags/example_skip_dag.py                                                                  1           0  0.12s           2025-04-06T04:10:39                      12
/home/airflow/.local/lib/python3.12/site-packages/airflow/example_dags/example_bash_operator.py                                                             1           0  0.12s           2025-04-06T04:10:42                      12
/home/airflow/.local/lib/python3.12/site-packages/airflow/example_dags/tutorial_taskflow_templates.py                                                       1           0  0.12s           2025-04-06T04:10:36                      12
/home/airflow/.local/lib/python3.12/site-packages/airflow/example_dags/example_params_trigger_ui.py                                                         1           0  0.11s           2025-04-06T04:10:44                      10
/home/airflow/.local/lib/python3.12/site-packages/airflow/example_dags/example_complex.py                                                                   1           0  0.11s           2025-04-06T04:10:36                      10
/home/airflow/.local/lib/python3.12/site-packages/airflow/example_dags/example_latest_only_with_trigger.py                                                  1           0  0.11s           2025-04-06T04:10:19                      12
/home/airflow/.local/lib/python3.12/site-packages/airflow/example_dags/example_params_ui_tutorial.py                                                        1           0  0.11s           2025-04-06T04:10:42                      10
/home/airflow/.local/lib/python3.12/site-packages/airflow/example_dags/example_latest_only.py                                                               1           0  0.11s           2025-04-06T04:10:34                      12
/home/airflow/.local/lib/python3.12/site-packages/airflow/example_dags/example_time_delta_sensor_async.py                                                   1           0  0.11s           2025-04-06T04:10:44                      10
/home/airflow/.local/lib/python3.12/site-packages/airflow/example_dags/example_nested_branch_dag.py                                                         1           0  0.10s           2025-04-06T04:10:35                      12
/home/airflow/.local/lib/python3.12/site-packages/airflow/example_dags/example_branch_operator_decorator.py                                                 1           0  0.10s           2025-04-06T04:10:40                      12
/home/airflow/.local/lib/python3.12/site-packages/airflow/example_dags/example_passing_params_via_test_command.py                                           1           0  0.10s           2025-04-06T04:10:18                      12
/home/airflow/.local/lib/python3.12/site-packages/airflow/example_dags/tutorial_dag.py                                                                      1           0  0.10s           2025-04-06T04:10:44                      10
/home/airflow/.local/lib/python3.12/site-packages/airflow/example_dags/example_kubernetes_executor.py                                                       1           0  0.10s           2025-04-06T04:10:40                      10
/home/airflow/.local/lib/python3.12/site-packages/airflow/example_dags/example_branch_operator.py                                                           1           0  0.10s           2025-04-06T04:10:43                      12
/home/airflow/.local/lib/python3.12/site-packages/airflow/example_dags/example_local_kubernetes_executor.py                                                 1           0  0.09s           2025-04-06T04:10:18                      10
/home/airflow/.local/lib/python3.12/site-packages/airflow/example_dags/example_xcom.py                                                                      1           0  0.09s           2025-04-06T04:10:40                      12
/home/airflow/.local/lib/python3.12/site-packages/airflow/example_dags/example_branch_labels.py                                                             1           0  0.09s           2025-04-06T04:10:40                      12
/home/airflow/.local/lib/python3.12/site-packages/airflow/example_dags/example_sensors.py                                                                   1           0  0.09s           2025-04-06T04:10:43                      10
/home/airflow/.local/lib/python3.12/site-packages/airflow/example_dags/example_short_circuit_decorator.py                                                   1           0  0.09s           2025-04-06T04:10:37                      10
/home/airflow/.local/lib/python3.12/site-packages/airflow/example_dags/example_external_task_marker_dag.py                                                  2           0  0.09s           2025-04-06T04:10:43                      13
/home/airflow/.local/lib/python3.12/site-packages/airflow/example_dags/example_task_group.py                                                                1           0  0.09s           2025-04-06T04:10:40                      10
/home/airflow/.local/lib/python3.12/site-packages/airflow/example_dags/example_sensor_decorator.py                                                          1           0  0.09s           2025-04-06T04:10:37                      10
/home/airflow/.local/lib/python3.12/site-packages/airflow/example_dags/example_xcomargs.py                                                                  2           0  0.09s           2025-04-06T04:10:18                      13
/home/airflow/.local/lib/python3.12/site-packages/airflow/example_dags/example_python_decorator.py                                                          1           0  0.09s           2025-04-06T04:10:40                      10
/home/airflow/.local/lib/python3.12/site-packages/airflow/example_dags/example_trigger_controller_dag.py                                                    1           0  0.09s           2025-04-06T04:10:43                      12
/home/airflow/.local/lib/python3.12/site-packages/airflow/example_dags/example_branch_python_dop_operator_3.py                                              1           0  0.09s           2025-04-06T04:10:44                      12
/home/airflow/.local/lib/python3.12/site-packages/airflow/example_dags/tutorial.py                                                                          1           0  0.09s           2025-04-06T04:10:44                      12
/home/airflow/.local/lib/python3.12/site-packages/airflow/example_dags/example_display_name.py                                                              1           0  0.09s           2025-04-06T04:10:18                      10
/home/airflow/.local/lib/python3.12/site-packages/airflow/example_dags/example_task_group_decorator.py                                                      1           0  0.09s           2025-04-06T04:10:40                      10
/home/airflow/.local/lib/python3.12/site-packages/airflow/example_dags/example_trigger_target_dag.py                                                        1           0  0.09s           2025-04-06T04:10:37                      10
/home/airflow/.local/lib/python3.12/site-packages/airflow/example_dags/tutorial_taskflow_api.py                                                             1           0  0.09s           2025-04-06T04:10:43                      10
/home/airflow/.local/lib/python3.12/site-packages/airflow/example_dags/example_setup_teardown_taskflow.py                                                   1           0  0.09s           2025-04-06T04:10:35                      10
/home/airflow/.local/lib/python3.12/site-packages/airflow/example_dags/example_dynamic_task_mapping.py                                                      1           0  0.08s           2025-04-06T04:10:40                      10
/home/airflow/.local/lib/python3.12/site-packages/airflow/example_dags/example_sla_dag.py                                                                   1           0  0.08s           2025-04-06T04:10:36                      12
/home/airflow/.local/lib/python3.12/site-packages/airflow/example_dags/example_dynamic_task_mapping_with_no_taskflow_operators.py                           1           0  0.08s           2025-04-06T04:10:40                      10
/home/airflow/.local/lib/python3.12/site-packages/airflow/example_dags/example_setup_teardown.py                                                            1           0  0.08s           2025-04-06T04:10:37                      10
/home/airflow/.local/lib/python3.12/site-packages/airflow/example_dags/tutorial_objectstorage.py                                                            1           0  0.08s           2025-04-06T04:10:35                      10
/home/airflow/.local/lib/python3.12/site-packages/airflow/example_dags/example_branch_day_of_week_operator.py                                               1           0  0.08s           2025-04-06T04:10:17                      12
/home/airflow/.local/lib/python3.12/site-packages/airflow/example_dags/example_short_circuit_operator.py                                                    1           0  0.08s           2025-04-06T04:10:18                      10
/home/airflow/.local/lib/python3.12/site-packages/airflow/example_dags/example_python_operator.py                                                           1           0  0.07s           2025-04-06T04:10:18                      10
/home/airflow/.local/lib/python3.12/site-packages/airflow/example_dags/tutorial_taskflow_api_virtualenv.py                                                  1           0  0.07s           2025-04-06T04:10:18                      10
/home/airflow/.local/lib/python3.12/site-packages/airflow/example_dags/example_bash_decorator.py                                                            1           0  0.07s           2025-04-06T04:10:18                      10
/home/airflow/.local/lib/python3.12/site-packages/airflow/example_dags/subdags/subdag.py                                                                    0           0  0.03s           2025-04-06T04:10:18                       3
/home/airflow/.local/lib/python3.12/site-packages/airflow/example_dags/plugins/workday.py                                                                   0           0  0.03s           2025-04-06T04:10:18                       3
/home/airflow/.local/lib/python3.12/site-packages/airflow/example_dags/plugins/decreasing_priority_weight_strategy.py                                       0           0  0.03s           2025-04-06T04:10:18                       3
/home/airflow/.local/lib/python3.12/site-packages/airflow/example_dags/plugins/event_listener.py                                                            0           0  0.03s           2025-04-06T04:10:18                       3
/home/airflow/.local/lib/python3.12/site-packages/airflow/example_dags/plugins/listener_plugin.py                                                           0           0  0.03s           2025-04-06T04:10:18                       3
================================================================================
[2025-04-06T04:11:15.989+0000] {manager.py:997} INFO - 
================================================================================
DAG File Processing Stats

File Path                                                                                                                            PID  Runtime      # DAGs    # Errors  Last Runtime    Last Run               Last # of DB Queries
---------------------------------------------------------------------------------------------------------------------------------  -----  ---------  --------  ----------  --------------  -------------------  ----------------------
/home/airflow/.local/lib/python3.12/site-packages/airflow/example_dags/example_subdag_operator.py                                                           3           0  1.11s           2025-04-06T04:11:15                      20
/home/airflow/.local/lib/python3.12/site-packages/airflow/example_dags/tutorial.py                                                                          1           0  1.08s           2025-04-06T04:11:15                      12
/home/airflow/.local/lib/python3.12/site-packages/airflow/example_dags/example_dataset_alias.py                                                             4           0  0.56s           2025-04-06T04:10:49                      27
/home/airflow/.local/lib/python3.12/site-packages/airflow/example_dags/example_datasets.py                                                                 10           0  0.54s           2025-04-06T04:10:45                      49
/home/airflow/.local/lib/python3.12/site-packages/airflow/example_dags/example_dataset_alias_with_no_taskflow.py                                            4           0  0.53s           2025-04-06T04:10:49                      27
/home/airflow/.local/lib/python3.12/site-packages/airflow/example_dags/example_outlet_event_extra.py                                                        3           0  0.49s           2025-04-06T04:11:12                      19
/home/airflow/.local/lib/python3.12/site-packages/airflow/example_dags/example_inlet_event_extra.py                                                         2           0  0.47s           2025-04-06T04:10:50                      15
/home/airflow/.local/lib/python3.12/site-packages/airflow/example_dags/example_dag_decorator.py                                                             1           0  0.22s           2025-04-06T04:11:09                      32
/home/airflow/.local/lib/python3.12/site-packages/airflow/example_dags/example_nested_branch_dag.py                                                         1           0  0.13s           2025-04-06T04:11:05                      12
/home/airflow/.local/lib/python3.12/site-packages/airflow/example_dags/example_branch_day_of_week_operator.py                                               1           0  0.12s           2025-04-06T04:10:48                      12
/home/airflow/.local/lib/python3.12/site-packages/airflow/example_dags/example_bash_operator.py                                                             1           0  0.11s           2025-04-06T04:11:12                      12
/home/airflow/.local/lib/python3.12/site-packages/airflow/example_dags/example_branch_labels.py                                                             1           0  0.11s           2025-04-06T04:11:11                      12
/home/airflow/.local/lib/python3.12/site-packages/airflow/example_dags/example_params_trigger_ui.py                                 2132  0.02s             1           0  0.11s           2025-04-06T04:10:44                      10
/home/airflow/.local/lib/python3.12/site-packages/airflow/example_dags/example_time_delta_sensor_async.py                                                   1           0  0.11s           2025-04-06T04:10:44                      10
/home/airflow/.local/lib/python3.12/site-packages/airflow/example_dags/example_bash_decorator.py                                                            1           0  0.10s           2025-04-06T04:10:49                      10
/home/airflow/.local/lib/python3.12/site-packages/airflow/example_dags/example_branch_operator_decorator.py                                                 1           0  0.10s           2025-04-06T04:11:10                      12
/home/airflow/.local/lib/python3.12/site-packages/airflow/example_dags/example_dynamic_task_mapping.py                                                      1           0  0.10s           2025-04-06T04:11:11                      10
/home/airflow/.local/lib/python3.12/site-packages/airflow/example_dags/example_workday_timetable.py                                                         1           0  0.10s           2025-04-06T04:11:12                      12
/home/airflow/.local/lib/python3.12/site-packages/airflow/example_dags/example_branch_operator.py                                                           1           0  0.10s           2025-04-06T04:11:13                      12
/home/airflow/.local/lib/python3.12/site-packages/airflow/example_dags/tutorial_dag.py                                                                      1           0  0.10s           2025-04-06T04:10:44                      10
/home/airflow/.local/lib/python3.12/site-packages/airflow/example_dags/example_setup_teardown_taskflow.py                                                   1           0  0.10s           2025-04-06T04:11:05                      10
/home/airflow/.local/lib/python3.12/site-packages/airflow/example_dags/example_complex.py                                                                   1           0  0.10s           2025-04-06T04:11:06                      10
/home/airflow/.local/lib/python3.12/site-packages/airflow/example_dags/example_trigger_target_dag.py                                                        1           0  0.10s           2025-04-06T04:11:08                      10
/home/airflow/.local/lib/python3.12/site-packages/airflow/example_dags/example_branch_datetime_operator.py                                                  3           0  0.10s           2025-04-06T04:11:12                      18
/home/airflow/.local/lib/python3.12/site-packages/airflow/example_dags/tutorial_taskflow_templates.py                                                       1           0  0.10s           2025-04-06T04:11:06                      12
/home/airflow/.local/lib/python3.12/site-packages/airflow/example_dags/example_kubernetes_executor.py                                                       1           0  0.09s           2025-04-06T04:11:10                      10
/home/airflow/.local/lib/python3.12/site-packages/airflow/example_dags/example_params_ui_tutorial.py                                                        1           0  0.09s           2025-04-06T04:11:12                      10
/home/airflow/.local/lib/python3.12/site-packages/airflow/example_dags/example_sensors.py                                                                   1           0  0.09s           2025-04-06T04:11:13                      10
/home/airflow/.local/lib/python3.12/site-packages/airflow/example_dags/example_display_name.py                                                              1           0  0.09s           2025-04-06T04:10:49                      10
/home/airflow/.local/lib/python3.12/site-packages/airflow/example_dags/example_task_group.py                                                                1           0  0.09s           2025-04-06T04:11:10                      10
/home/airflow/.local/lib/python3.12/site-packages/airflow/example_dags/example_latest_only.py                                                               1           0  0.09s           2025-04-06T04:11:04                      12
/home/airflow/.local/lib/python3.12/site-packages/airflow/example_dags/example_short_circuit_decorator.py                                                   1           0  0.09s           2025-04-06T04:11:07                      10
/home/airflow/.local/lib/python3.12/site-packages/airflow/example_dags/tutorial_taskflow_api.py                                                             1           0  0.09s           2025-04-06T04:11:13                      10
/home/airflow/.local/lib/python3.12/site-packages/airflow/example_dags/example_branch_python_dop_operator_3.py                                              1           0  0.09s           2025-04-06T04:10:44                      12
/home/airflow/.local/lib/python3.12/site-packages/airflow/example_dags/example_xcom.py                                                                      1           0  0.09s           2025-04-06T04:11:10                      12
/home/airflow/.local/lib/python3.12/site-packages/airflow/example_dags/example_python_operator.py                                                           1           0  0.09s           2025-04-06T04:10:49                      10
/home/airflow/.local/lib/python3.12/site-packages/airflow/example_dags/example_skip_dag.py                                                                  1           0  0.09s           2025-04-06T04:11:09                      12
/home/airflow/.local/lib/python3.12/site-packages/airflow/example_dags/example_passing_params_via_test_command.py                                           1           0  0.09s           2025-04-06T04:10:50                      12
/home/airflow/.local/lib/python3.12/site-packages/airflow/example_dags/example_setup_teardown.py                                                            1           0  0.09s           2025-04-06T04:11:08                      10
/home/airflow/.local/lib/python3.12/site-packages/airflow/example_dags/example_task_group_decorator.py                                                      1           0  0.09s           2025-04-06T04:11:10                      10
/home/airflow/.local/lib/python3.12/site-packages/airflow/example_dags/example_external_task_marker_dag.py                                                  2           0  0.09s           2025-04-06T04:11:13                      13
/home/airflow/.local/lib/python3.12/site-packages/airflow/example_dags/example_trigger_controller_dag.py                                                    1           0  0.09s           2025-04-06T04:11:13                      12
/home/airflow/.local/lib/python3.12/site-packages/airflow/example_dags/example_sensor_decorator.py                                                          1           0  0.09s           2025-04-06T04:11:07                      10
/home/airflow/.local/lib/python3.12/site-packages/airflow/example_dags/example_python_decorator.py                                                          1           0  0.09s           2025-04-06T04:11:11                      10
/home/airflow/.local/lib/python3.12/site-packages/airflow/example_dags/example_sla_dag.py                                                                   1           0  0.08s           2025-04-06T04:11:06                      12
/home/airflow/.local/lib/python3.12/site-packages/airflow/example_dags/tutorial_taskflow_api_virtualenv.py                                                  1           0  0.08s           2025-04-06T04:10:49                      10
/home/airflow/.local/lib/python3.12/site-packages/airflow/example_dags/example_short_circuit_operator.py                                                    1           0  0.08s           2025-04-06T04:10:48                      10
/home/airflow/.local/lib/python3.12/site-packages/airflow/example_dags/example_latest_only_with_trigger.py                                                  1           0  0.08s           2025-04-06T04:10:50                      12
/home/airflow/.local/lib/python3.12/site-packages/airflow/example_dags/example_dynamic_task_mapping_with_no_taskflow_operators.py                           1           0  0.08s           2025-04-06T04:11:11                      10
/home/airflow/.local/lib/python3.12/site-packages/airflow/example_dags/tutorial_objectstorage.py                                                            1           0  0.08s           2025-04-06T04:11:05                      10
/home/airflow/.local/lib/python3.12/site-packages/airflow/example_dags/example_local_kubernetes_executor.py                                                 1           0  0.08s           2025-04-06T04:10:49                      10
/home/airflow/.local/lib/python3.12/site-packages/airflow/example_dags/example_xcomargs.py                                                                  2           0  0.08s           2025-04-06T04:10:49                      13
/home/airflow/.local/lib/python3.12/site-packages/airflow/example_dags/subdags/subdag.py                                                                    0           0  0.06s           2025-04-06T04:10:50                       3
/home/airflow/.local/lib/python3.12/site-packages/airflow/example_dags/plugins/decreasing_priority_weight_strategy.py                                       0           0  0.04s           2025-04-06T04:10:49                       3
/home/airflow/.local/lib/python3.12/site-packages/airflow/example_dags/plugins/listener_plugin.py                                                           0           0  0.04s           2025-04-06T04:10:49                       3
/home/airflow/.local/lib/python3.12/site-packages/airflow/example_dags/plugins/workday.py                                                                   0           0  0.03s           2025-04-06T04:10:49                       3
/home/airflow/.local/lib/python3.12/site-packages/airflow/example_dags/plugins/event_listener.py                                                            0           0  0.03s           2025-04-06T04:10:49                       3
================================================================================
[2025-04-06T04:11:46.628+0000] {manager.py:997} INFO - 
================================================================================
DAG File Processing Stats

File Path                                                                                                                            PID  Runtime      # DAGs    # Errors  Last Runtime    Last Run               Last # of DB Queries
---------------------------------------------------------------------------------------------------------------------------------  -----  ---------  --------  ----------  --------------  -------------------  ----------------------
/home/airflow/.local/lib/python3.12/site-packages/airflow/example_dags/example_outlet_event_extra.py                                                        3           0  0.67s           2025-04-06T04:11:43                      19
/home/airflow/.local/lib/python3.12/site-packages/airflow/example_dags/example_datasets.py                                                                 10           0  0.62s           2025-04-06T04:11:16                      49
/home/airflow/.local/lib/python3.12/site-packages/airflow/example_dags/example_dataset_alias_with_no_taskflow.py                                            4           0  0.57s           2025-04-06T04:11:21                      27
/home/airflow/.local/lib/python3.12/site-packages/airflow/example_dags/example_inlet_event_extra.py                                                         2           0  0.56s           2025-04-06T04:11:21                      15
/home/airflow/.local/lib/python3.12/site-packages/airflow/example_dags/example_dataset_alias.py                                                             4           0  0.53s           2025-04-06T04:11:21                      27
/home/airflow/.local/lib/python3.12/site-packages/airflow/example_dags/example_dag_decorator.py                                                             1           0  0.24s           2025-04-06T04:11:40                      32
/home/airflow/.local/lib/python3.12/site-packages/airflow/example_dags/example_trigger_target_dag.py                                                        1           0  0.14s           2025-04-06T04:11:38                      10
/home/airflow/.local/lib/python3.12/site-packages/airflow/example_dags/example_workday_timetable.py                                                         1           0  0.13s           2025-04-06T04:11:43                      12
/home/airflow/.local/lib/python3.12/site-packages/airflow/example_dags/example_bash_operator.py                                                             1           0  0.13s           2025-04-06T04:11:42                      12
/home/airflow/.local/lib/python3.12/site-packages/airflow/example_dags/example_latest_only.py                                                               1           0  0.13s           2025-04-06T04:11:35                      12
/home/airflow/.local/lib/python3.12/site-packages/airflow/example_dags/example_complex.py                                                                   1           0  0.12s           2025-04-06T04:11:37                      10
/home/airflow/.local/lib/python3.12/site-packages/airflow/example_dags/example_branch_datetime_operator.py                                                  3           0  0.12s           2025-04-06T04:11:42                      18
/home/airflow/.local/lib/python3.12/site-packages/airflow/example_dags/tutorial_taskflow_templates.py                                                       1           0  0.12s           2025-04-06T04:11:37                      12
/home/airflow/.local/lib/python3.12/site-packages/airflow/example_dags/example_branch_day_of_week_operator.py                                               1           0  0.12s           2025-04-06T04:11:18                      12
/home/airflow/.local/lib/python3.12/site-packages/airflow/example_dags/example_branch_operator_decorator.py                                                 1           0  0.12s           2025-04-06T04:11:41                      12
/home/airflow/.local/lib/python3.12/site-packages/airflow/example_dags/example_branch_python_dop_operator_3.py                      2196  0.09s             1           0  0.12s           2025-04-06T04:11:16                      12
/home/airflow/.local/lib/python3.12/site-packages/airflow/example_dags/example_setup_teardown.py                                                            1           0  0.12s           2025-04-06T04:11:38                      10
/home/airflow/.local/lib/python3.12/site-packages/airflow/example_dags/example_branch_operator.py                                                           1           0  0.12s           2025-04-06T04:11:44                      12
/home/airflow/.local/lib/python3.12/site-packages/airflow/example_dags/example_subdag_operator.py                                                           3           0  0.11s           2025-04-06T04:11:46                      20
/home/airflow/.local/lib/python3.12/site-packages/airflow/example_dags/example_nested_branch_dag.py                                                         1           0  0.11s           2025-04-06T04:11:36                      12
/home/airflow/.local/lib/python3.12/site-packages/airflow/example_dags/example_bash_decorator.py                                                            1           0  0.11s           2025-04-06T04:11:19                      10
/home/airflow/.local/lib/python3.12/site-packages/airflow/example_dags/example_sensors.py                                                                   1           0  0.10s           2025-04-06T04:11:44                      10
/home/airflow/.local/lib/python3.12/site-packages/airflow/example_dags/example_kubernetes_executor.py                                                       1           0  0.10s           2025-04-06T04:11:41                      10
/home/airflow/.local/lib/python3.12/site-packages/airflow/example_dags/example_params_ui_tutorial.py                                                        1           0  0.10s           2025-04-06T04:11:43                      10
/home/airflow/.local/lib/python3.12/site-packages/airflow/example_dags/example_skip_dag.py                                                                  1           0  0.10s           2025-04-06T04:11:40                      12
/home/airflow/.local/lib/python3.12/site-packages/airflow/example_dags/tutorial_taskflow_api.py                                                             1           0  0.10s           2025-04-06T04:11:44                      10
/home/airflow/.local/lib/python3.12/site-packages/airflow/example_dags/example_sla_dag.py                                                                   1           0  0.10s           2025-04-06T04:11:37                      12
/home/airflow/.local/lib/python3.12/site-packages/airflow/example_dags/tutorial_dag.py                                              2197  0.00s             1           0  0.10s           2025-04-06T04:11:16                      10
/home/airflow/.local/lib/python3.12/site-packages/airflow/example_dags/example_local_kubernetes_executor.py                                                 1           0  0.10s           2025-04-06T04:11:21                      10
/home/airflow/.local/lib/python3.12/site-packages/airflow/example_dags/example_short_circuit_decorator.py                                                   1           0  0.10s           2025-04-06T04:11:38                      10
/home/airflow/.local/lib/python3.12/site-packages/airflow/example_dags/example_sensor_decorator.py                                                          1           0  0.10s           2025-04-06T04:11:38                      10
/home/airflow/.local/lib/python3.12/site-packages/airflow/example_dags/example_params_trigger_ui.py                                                         1           0  0.10s           2025-04-06T04:11:46                      10
/home/airflow/.local/lib/python3.12/site-packages/airflow/example_dags/example_branch_labels.py                                                             1           0  0.10s           2025-04-06T04:11:41                      12
/home/airflow/.local/lib/python3.12/site-packages/airflow/example_dags/example_xcomargs.py                                                                  2           0  0.09s           2025-04-06T04:11:21                      13
/home/airflow/.local/lib/python3.12/site-packages/airflow/example_dags/example_task_group.py                                                                1           0  0.09s           2025-04-06T04:11:41                      10
/home/airflow/.local/lib/python3.12/site-packages/airflow/example_dags/example_task_group_decorator.py                                                      1           0  0.09s           2025-04-06T04:11:41                      10
/home/airflow/.local/lib/python3.12/site-packages/airflow/example_dags/example_setup_teardown_taskflow.py                                                   1           0  0.09s           2025-04-06T04:11:36                      10
/home/airflow/.local/lib/python3.12/site-packages/airflow/example_dags/example_passing_params_via_test_command.py                                           1           0  0.09s           2025-04-06T04:11:20                      12
/home/airflow/.local/lib/python3.12/site-packages/airflow/example_dags/example_short_circuit_operator.py                                                    1           0  0.09s           2025-04-06T04:11:19                      10
/home/airflow/.local/lib/python3.12/site-packages/airflow/example_dags/example_xcom.py                                                                      1           0  0.09s           2025-04-06T04:11:41                      12
/home/airflow/.local/lib/python3.12/site-packages/airflow/example_dags/example_python_decorator.py                                                          1           0  0.09s           2025-04-06T04:11:41                      10
/home/airflow/.local/lib/python3.12/site-packages/airflow/example_dags/tutorial.py                                                                          1           0  0.09s           2025-04-06T04:11:46                      12
/home/airflow/.local/lib/python3.12/site-packages/airflow/example_dags/example_latest_only_with_trigger.py                                                  1           0  0.09s           2025-04-06T04:11:20                      12
/home/airflow/.local/lib/python3.12/site-packages/airflow/example_dags/tutorial_objectstorage.py                                                            1           0  0.09s           2025-04-06T04:11:36                      10
/home/airflow/.local/lib/python3.12/site-packages/airflow/example_dags/example_dynamic_task_mapping_with_no_taskflow_operators.py                           1           0  0.09s           2025-04-06T04:11:41                      10
/home/airflow/.local/lib/python3.12/site-packages/airflow/example_dags/tutorial_taskflow_api_virtualenv.py                                                  1           0  0.09s           2025-04-06T04:11:21                      10
/home/airflow/.local/lib/python3.12/site-packages/airflow/example_dags/example_trigger_controller_dag.py                                                    1           0  0.09s           2025-04-06T04:11:44                      12
/home/airflow/.local/lib/python3.12/site-packages/airflow/example_dags/example_external_task_marker_dag.py                                                  2           0  0.08s           2025-04-06T04:11:44                      13
/home/airflow/.local/lib/python3.12/site-packages/airflow/example_dags/example_dynamic_task_mapping.py                                                      1           0  0.08s           2025-04-06T04:11:41                      10
/home/airflow/.local/lib/python3.12/site-packages/airflow/example_dags/example_python_operator.py                                                           1           0  0.08s           2025-04-06T04:11:21                      10
/home/airflow/.local/lib/python3.12/site-packages/airflow/example_dags/example_display_name.py                                                              1           0  0.08s           2025-04-06T04:11:21                      10
/home/airflow/.local/lib/python3.12/site-packages/airflow/example_dags/example_time_delta_sensor_async.py                                                   1           0  0.08s           2025-04-06T04:11:16                      10
/home/airflow/.local/lib/python3.12/site-packages/airflow/example_dags/plugins/workday.py                                                                   0           0  0.04s           2025-04-06T04:11:21                       3
/home/airflow/.local/lib/python3.12/site-packages/airflow/example_dags/plugins/decreasing_priority_weight_strategy.py                                       0           0  0.04s           2025-04-06T04:11:21                       3
/home/airflow/.local/lib/python3.12/site-packages/airflow/example_dags/plugins/event_listener.py                                                            0           0  0.04s           2025-04-06T04:11:21                       3
/home/airflow/.local/lib/python3.12/site-packages/airflow/example_dags/plugins/listener_plugin.py                                                           0           0  0.04s           2025-04-06T04:11:21                       3
/home/airflow/.local/lib/python3.12/site-packages/airflow/example_dags/subdags/subdag.py                                                                    0           0  0.03s           2025-04-06T04:11:21                       3
================================================================================
[2025-04-06T04:12:17.955+0000] {manager.py:997} INFO - 
================================================================================
DAG File Processing Stats

File Path                                                                                                                          PID    Runtime      # DAGs    # Errors  Last Runtime    Last Run               Last # of DB Queries
---------------------------------------------------------------------------------------------------------------------------------  -----  ---------  --------  ----------  --------------  -------------------  ----------------------
/home/airflow/.local/lib/python3.12/site-packages/airflow/example_dags/example_dataset_alias.py                                                             4           0  0.69s           2025-04-06T04:11:52                      27
/home/airflow/.local/lib/python3.12/site-packages/airflow/example_dags/example_dataset_alias_with_no_taskflow.py                                            4           0  0.67s           2025-04-06T04:11:53                      27
/home/airflow/.local/lib/python3.12/site-packages/airflow/example_dags/example_inlet_event_extra.py                                                         2           0  0.64s           2025-04-06T04:11:52                      15
/home/airflow/.local/lib/python3.12/site-packages/airflow/example_dags/example_datasets.py                                                                 10           0  0.61s           2025-04-06T04:11:48                      49
/home/airflow/.local/lib/python3.12/site-packages/airflow/example_dags/example_outlet_event_extra.py                                                        3           0  0.53s           2025-04-06T04:12:13                      19
/home/airflow/.local/lib/python3.12/site-packages/airflow/example_dags/example_dag_decorator.py                                                             1           0  0.24s           2025-04-06T04:12:11                      32
/home/airflow/.local/lib/python3.12/site-packages/airflow/example_dags/example_bash_decorator.py                                                            1           0  0.14s           2025-04-06T04:11:49                      10
/home/airflow/.local/lib/python3.12/site-packages/airflow/example_dags/example_latest_only.py                                                               1           0  0.14s           2025-04-06T04:12:05                      12
/home/airflow/.local/lib/python3.12/site-packages/airflow/example_dags/example_branch_datetime_operator.py                                                  3           0  0.13s           2025-04-06T04:12:13                      18
/home/airflow/.local/lib/python3.12/site-packages/airflow/example_dags/example_short_circuit_operator.py                                                    1           0  0.13s           2025-04-06T04:11:49                      10
/home/airflow/.local/lib/python3.12/site-packages/airflow/example_dags/example_bash_operator.py                                                             1           0  0.13s           2025-04-06T04:12:13                      12
/home/airflow/.local/lib/python3.12/site-packages/airflow/example_dags/example_passing_params_via_test_command.py                                           1           0  0.13s           2025-04-06T04:11:51                      12
/home/airflow/.local/lib/python3.12/site-packages/airflow/example_dags/example_nested_branch_dag.py                                                         1           0  0.13s           2025-04-06T04:12:06                      12
/home/airflow/.local/lib/python3.12/site-packages/airflow/example_dags/example_subdag_operator.py                                                           3           0  0.12s           2025-04-06T04:12:16                      20
/home/airflow/.local/lib/python3.12/site-packages/airflow/example_dags/example_workday_timetable.py                                                         1           0  0.12s           2025-04-06T04:12:13                      12
/home/airflow/.local/lib/python3.12/site-packages/airflow/example_dags/example_latest_only_with_trigger.py                                                  1           0  0.12s           2025-04-06T04:11:50                      12
/home/airflow/.local/lib/python3.12/site-packages/airflow/example_dags/example_short_circuit_decorator.py                                                   1           0  0.11s           2025-04-06T04:12:08                      10
/home/airflow/.local/lib/python3.12/site-packages/airflow/example_dags/example_sensors.py                                                                   1           0  0.11s           2025-04-06T04:12:14                      10
/home/airflow/.local/lib/python3.12/site-packages/airflow/example_dags/example_xcomargs.py                                                                  2           0  0.11s           2025-04-06T04:11:52                      13
/home/airflow/.local/lib/python3.12/site-packages/airflow/example_dags/example_branch_operator_decorator.py                                                 1           0  0.11s           2025-04-06T04:12:11                      12
/home/airflow/.local/lib/python3.12/site-packages/airflow/example_dags/example_branch_day_of_week_operator.py                                               1           0  0.11s           2025-04-06T04:11:48                      12
/home/airflow/.local/lib/python3.12/site-packages/airflow/example_dags/example_branch_operator.py                                                           1           0  0.11s           2025-04-06T04:12:14                      12
/home/airflow/.local/lib/python3.12/site-packages/airflow/example_dags/example_setup_teardown_taskflow.py                                                   1           0  0.10s           2025-04-06T04:12:06                      10
/home/airflow/.local/lib/python3.12/site-packages/airflow/example_dags/example_kubernetes_executor.py                                                       1           0  0.10s           2025-04-06T04:12:11                      10
/home/airflow/.local/lib/python3.12/site-packages/airflow/example_dags/example_params_trigger_ui.py                                                         1           0  0.10s           2025-04-06T04:12:16                      10
/home/airflow/.local/lib/python3.12/site-packages/airflow/example_dags/tutorial.py                                                                          1           0  0.10s           2025-04-06T04:12:16                      12
/home/airflow/.local/lib/python3.12/site-packages/airflow/example_dags/example_complex.py                                                                   1           0  0.10s           2025-04-06T04:12:07                      10
/home/airflow/.local/lib/python3.12/site-packages/airflow/example_dags/example_xcom.py                                                                      1           0  0.10s           2025-04-06T04:12:11                      12
/home/airflow/.local/lib/python3.12/site-packages/airflow/example_dags/tutorial_taskflow_templates.py                                                       1           0  0.10s           2025-04-06T04:12:07                      12
/home/airflow/.local/lib/python3.12/site-packages/airflow/example_dags/example_sensor_decorator.py                                                          1           0  0.10s           2025-04-06T04:12:08                      10
/home/airflow/.local/lib/python3.12/site-packages/airflow/example_dags/example_params_ui_tutorial.py                                                        1           0  0.10s           2025-04-06T04:12:13                      10
/home/airflow/.local/lib/python3.12/site-packages/airflow/example_dags/tutorial_taskflow_api.py                                                             1           0  0.10s           2025-04-06T04:12:14                      10
/home/airflow/.local/lib/python3.12/site-packages/airflow/example_dags/example_python_operator.py                                                           1           0  0.10s           2025-04-06T04:11:52                      10
/home/airflow/.local/lib/python3.12/site-packages/airflow/example_dags/example_sla_dag.py                                                                   1           0  0.10s           2025-04-06T04:12:07                      12
/home/airflow/.local/lib/python3.12/site-packages/airflow/example_dags/example_branch_labels.py                                                             1           0  0.09s           2025-04-06T04:12:12                      12
/home/airflow/.local/lib/python3.12/site-packages/airflow/example_dags/example_branch_python_dop_operator_3.py                                              1           0  0.09s           2025-04-06T04:12:16                      12
/home/airflow/.local/lib/python3.12/site-packages/airflow/example_dags/example_task_group_decorator.py                                                      1           0  0.09s           2025-04-06T04:12:11                      10
/home/airflow/.local/lib/python3.12/site-packages/airflow/example_dags/example_trigger_controller_dag.py                                                    1           0  0.09s           2025-04-06T04:12:14                      12
/home/airflow/.local/lib/python3.12/site-packages/airflow/example_dags/example_python_decorator.py                                                          1           0  0.09s           2025-04-06T04:12:11                      10
/home/airflow/.local/lib/python3.12/site-packages/airflow/example_dags/example_task_group.py                                                                1           0  0.09s           2025-04-06T04:12:11                      10
/home/airflow/.local/lib/python3.12/site-packages/airflow/example_dags/example_setup_teardown.py                                                            1           0  0.09s           2025-04-06T04:12:08                      10
/home/airflow/.local/lib/python3.12/site-packages/airflow/example_dags/example_skip_dag.py                                                                  1           0  0.09s           2025-04-06T04:12:11                      12
/home/airflow/.local/lib/python3.12/site-packages/airflow/example_dags/example_external_task_marker_dag.py                                                  2           0  0.09s           2025-04-06T04:12:14                      13
/home/airflow/.local/lib/python3.12/site-packages/airflow/example_dags/tutorial_taskflow_api_virtualenv.py                                                  1           0  0.09s           2025-04-06T04:11:52                      10
/home/airflow/.local/lib/python3.12/site-packages/airflow/example_dags/tutorial_dag.py                                                                      1           0  0.09s           2025-04-06T04:12:16                      10
/home/airflow/.local/lib/python3.12/site-packages/airflow/example_dags/example_dynamic_task_mapping.py                                                      1           0  0.08s           2025-04-06T04:12:12                      10
/home/airflow/.local/lib/python3.12/site-packages/airflow/example_dags/example_dynamic_task_mapping_with_no_taskflow_operators.py                           1           0  0.08s           2025-04-06T04:12:12                      10
/home/airflow/.local/lib/python3.12/site-packages/airflow/example_dags/example_local_kubernetes_executor.py                                                 1           0  0.08s           2025-04-06T04:11:53                      10
/home/airflow/.local/lib/python3.12/site-packages/airflow/example_dags/example_time_delta_sensor_async.py                                                   1           0  0.08s           2025-04-06T04:12:17                      10
/home/airflow/.local/lib/python3.12/site-packages/airflow/example_dags/example_trigger_target_dag.py                                                        1           0  0.08s           2025-04-06T04:12:08                      10
/home/airflow/.local/lib/python3.12/site-packages/airflow/example_dags/example_display_name.py                                                              1           0  0.08s           2025-04-06T04:11:53                      10
/home/airflow/.local/lib/python3.12/site-packages/airflow/example_dags/tutorial_objectstorage.py                                                            1           0  0.08s           2025-04-06T04:12:06                      10
/home/airflow/.local/lib/python3.12/site-packages/airflow/example_dags/plugins/decreasing_priority_weight_strategy.py                                       0           0  0.04s           2025-04-06T04:11:53                       3
/home/airflow/.local/lib/python3.12/site-packages/airflow/example_dags/plugins/event_listener.py                                                            0           0  0.04s           2025-04-06T04:11:53                       3
/home/airflow/.local/lib/python3.12/site-packages/airflow/example_dags/plugins/listener_plugin.py                                                           0           0  0.04s           2025-04-06T04:11:53                       3
/home/airflow/.local/lib/python3.12/site-packages/airflow/example_dags/plugins/workday.py                                                                   0           0  0.04s           2025-04-06T04:11:53                       3
/home/airflow/.local/lib/python3.12/site-packages/airflow/example_dags/subdags/subdag.py                                                                    0           0  0.04s           2025-04-06T04:11:53                       3
================================================================================
[2025-04-06T04:12:48.720+0000] {manager.py:997} INFO - 
================================================================================
DAG File Processing Stats

File Path                                                                                                                          PID    Runtime      # DAGs    # Errors  Last Runtime    Last Run               Last # of DB Queries
---------------------------------------------------------------------------------------------------------------------------------  -----  ---------  --------  ----------  --------------  -------------------  ----------------------
/home/airflow/.local/lib/python3.12/site-packages/airflow/example_dags/example_datasets.py                                                                 10           0  0.69s           2025-04-06T04:12:19                      49
/home/airflow/.local/lib/python3.12/site-packages/airflow/example_dags/example_outlet_event_extra.py                                                        3           0  0.65s           2025-04-06T04:12:45                      19
/home/airflow/.local/lib/python3.12/site-packages/airflow/example_dags/example_dataset_alias.py                                                             4           0  0.59s           2025-04-06T04:12:23                      27
/home/airflow/.local/lib/python3.12/site-packages/airflow/example_dags/example_inlet_event_extra.py                                                         2           0  0.58s           2025-04-06T04:12:23                      15
/home/airflow/.local/lib/python3.12/site-packages/airflow/example_dags/example_dataset_alias_with_no_taskflow.py                                            4           0  0.48s           2025-04-06T04:12:24                      27
/home/airflow/.local/lib/python3.12/site-packages/airflow/example_dags/example_dag_decorator.py                                                             1           0  0.26s           2025-04-06T04:12:42                      32
/home/airflow/.local/lib/python3.12/site-packages/airflow/example_dags/example_workday_timetable.py                                                         1           0  0.15s           2025-04-06T04:12:43                      12
/home/airflow/.local/lib/python3.12/site-packages/airflow/example_dags/example_branch_operator_decorator.py                                                 1           0  0.15s           2025-04-06T04:12:42                      12
/home/airflow/.local/lib/python3.12/site-packages/airflow/example_dags/example_subdag_operator.py                                                           3           0  0.14s           2025-04-06T04:12:47                      20
/home/airflow/.local/lib/python3.12/site-packages/airflow/example_dags/example_branch_datetime_operator.py                                                  3           0  0.13s           2025-04-06T04:12:43                      18
/home/airflow/.local/lib/python3.12/site-packages/airflow/example_dags/example_task_group_decorator.py                                                      1           0  0.13s           2025-04-06T04:12:42                      10
/home/airflow/.local/lib/python3.12/site-packages/airflow/example_dags/tutorial_taskflow_templates.py                                                       1           0  0.13s           2025-04-06T04:12:38                      12
/home/airflow/.local/lib/python3.12/site-packages/airflow/example_dags/example_complex.py                                                                   1           0  0.13s           2025-04-06T04:12:38                      10
/home/airflow/.local/lib/python3.12/site-packages/airflow/example_dags/example_params_ui_tutorial.py                                                        1           0  0.13s           2025-04-06T04:12:43                      10
/home/airflow/.local/lib/python3.12/site-packages/airflow/example_dags/example_bash_operator.py                                                             1           0  0.13s           2025-04-06T04:12:43                      12
/home/airflow/.local/lib/python3.12/site-packages/airflow/example_dags/example_branch_labels.py                                                             1           0  0.12s           2025-04-06T04:12:42                      12
/home/airflow/.local/lib/python3.12/site-packages/airflow/example_dags/example_bash_decorator.py                                                            1           0  0.12s           2025-04-06T04:12:20                      10
/home/airflow/.local/lib/python3.12/site-packages/airflow/example_dags/example_nested_branch_dag.py                                                         1           0  0.12s           2025-04-06T04:12:36                      12
/home/airflow/.local/lib/python3.12/site-packages/airflow/example_dags/example_short_circuit_decorator.py                                                   1           0  0.11s           2025-04-06T04:12:39                      10
/home/airflow/.local/lib/python3.12/site-packages/airflow/example_dags/tutorial.py                                                                          1           0  0.11s           2025-04-06T04:12:47                      12
/home/airflow/.local/lib/python3.12/site-packages/airflow/example_dags/example_passing_params_via_test_command.py                                           1           0  0.11s           2025-04-06T04:12:21                      12
/home/airflow/.local/lib/python3.12/site-packages/airflow/example_dags/example_python_decorator.py                                                          1           0  0.11s           2025-04-06T04:12:42                      10
/home/airflow/.local/lib/python3.12/site-packages/airflow/example_dags/example_external_task_marker_dag.py                                                  2           0  0.11s           2025-04-06T04:12:45                      13
/home/airflow/.local/lib/python3.12/site-packages/airflow/example_dags/example_xcom.py                                                                      1           0  0.11s           2025-04-06T04:12:42                      12
/home/airflow/.local/lib/python3.12/site-packages/airflow/example_dags/example_branch_operator.py                                                           1           0  0.11s           2025-04-06T04:12:45                      12
/home/airflow/.local/lib/python3.12/site-packages/airflow/example_dags/example_branch_day_of_week_operator.py                                               1           0  0.11s           2025-04-06T04:12:19                      12
/home/airflow/.local/lib/python3.12/site-packages/airflow/example_dags/tutorial_objectstorage.py                                                            1           0  0.11s           2025-04-06T04:12:36                      10
/home/airflow/.local/lib/python3.12/site-packages/airflow/example_dags/example_params_trigger_ui.py                                                         1           0  0.11s           2025-04-06T04:12:47                      10
/home/airflow/.local/lib/python3.12/site-packages/airflow/example_dags/example_kubernetes_executor.py                                                       1           0  0.10s           2025-04-06T04:12:42                      10
/home/airflow/.local/lib/python3.12/site-packages/airflow/example_dags/example_short_circuit_operator.py                                                    1           0  0.10s           2025-04-06T04:12:20                      10
/home/airflow/.local/lib/python3.12/site-packages/airflow/example_dags/example_dynamic_task_mapping.py                                                      1           0  0.10s           2025-04-06T04:12:42                      10
/home/airflow/.local/lib/python3.12/site-packages/airflow/example_dags/example_sensor_decorator.py                                                          1           0  0.10s           2025-04-06T04:12:39                      10
/home/airflow/.local/lib/python3.12/site-packages/airflow/example_dags/tutorial_taskflow_api.py                                                             1           0  0.10s           2025-04-06T04:12:44                      10
/home/airflow/.local/lib/python3.12/site-packages/airflow/example_dags/example_latest_only.py                                                               1           0  0.10s           2025-04-06T04:12:35                      12
/home/airflow/.local/lib/python3.12/site-packages/airflow/example_dags/example_latest_only_with_trigger.py                                                  1           0  0.10s           2025-04-06T04:12:21                      12
/home/airflow/.local/lib/python3.12/site-packages/airflow/example_dags/example_dynamic_task_mapping_with_no_taskflow_operators.py                           1           0  0.10s           2025-04-06T04:12:42                      10
/home/airflow/.local/lib/python3.12/site-packages/airflow/example_dags/example_task_group.py                                                                1           0  0.10s           2025-04-06T04:12:42                      10
/home/airflow/.local/lib/python3.12/site-packages/airflow/example_dags/example_branch_python_dop_operator_3.py                                              1           0  0.10s           2025-04-06T04:12:47                      12
/home/airflow/.local/lib/python3.12/site-packages/airflow/example_dags/example_setup_teardown_taskflow.py                                                   1           0  0.09s           2025-04-06T04:12:36                      10
/home/airflow/.local/lib/python3.12/site-packages/airflow/example_dags/example_trigger_target_dag.py                                                        1           0  0.09s           2025-04-06T04:12:39                      10
/home/airflow/.local/lib/python3.12/site-packages/airflow/example_dags/example_sensors.py                                                                   1           0  0.09s           2025-04-06T04:12:45                      10
/home/airflow/.local/lib/python3.12/site-packages/airflow/example_dags/example_python_operator.py                                                           1           0  0.09s           2025-04-06T04:12:23                      10
/home/airflow/.local/lib/python3.12/site-packages/airflow/example_dags/example_sla_dag.py                                                                   1           0  0.09s           2025-04-06T04:12:38                      12
/home/airflow/.local/lib/python3.12/site-packages/airflow/example_dags/example_skip_dag.py                                                                  1           0  0.09s           2025-04-06T04:12:41                      12
/home/airflow/.local/lib/python3.12/site-packages/airflow/example_dags/example_setup_teardown.py                                                            1           0  0.09s           2025-04-06T04:12:39                      10
/home/airflow/.local/lib/python3.12/site-packages/airflow/example_dags/example_display_name.py                                                              1           0  0.08s           2025-04-06T04:12:23                      10
/home/airflow/.local/lib/python3.12/site-packages/airflow/example_dags/example_xcomargs.py                                                                  2           0  0.08s           2025-04-06T04:12:23                      13
/home/airflow/.local/lib/python3.12/site-packages/airflow/example_dags/tutorial_taskflow_api_virtualenv.py                                                  1           0  0.08s           2025-04-06T04:12:23                      10
/home/airflow/.local/lib/python3.12/site-packages/airflow/example_dags/example_trigger_controller_dag.py                                                    1           0  0.08s           2025-04-06T04:12:45                      12
/home/airflow/.local/lib/python3.12/site-packages/airflow/example_dags/example_local_kubernetes_executor.py                                                 1           0  0.08s           2025-04-06T04:12:24                      10
/home/airflow/.local/lib/python3.12/site-packages/airflow/example_dags/tutorial_dag.py                                                                      1           0  0.07s           2025-04-06T04:12:47                      10
/home/airflow/.local/lib/python3.12/site-packages/airflow/example_dags/example_time_delta_sensor_async.py                                                   1           0  0.07s           2025-04-06T04:12:47                      10
/home/airflow/.local/lib/python3.12/site-packages/airflow/example_dags/plugins/decreasing_priority_weight_strategy.py                                       0           0  0.04s           2025-04-06T04:12:24                       3
/home/airflow/.local/lib/python3.12/site-packages/airflow/example_dags/plugins/listener_plugin.py                                                           0           0  0.04s           2025-04-06T04:12:24                       3
/home/airflow/.local/lib/python3.12/site-packages/airflow/example_dags/plugins/event_listener.py                                                            0           0  0.04s           2025-04-06T04:12:24                       3
/home/airflow/.local/lib/python3.12/site-packages/airflow/example_dags/plugins/workday.py                                                                   0           0  0.04s           2025-04-06T04:12:24                       3
/home/airflow/.local/lib/python3.12/site-packages/airflow/example_dags/subdags/subdag.py                                                                    0           0  0.03s           2025-04-06T04:12:24                       3
================================================================================
[2025-04-06T04:13:19.989+0000] {manager.py:997} INFO - 
================================================================================
DAG File Processing Stats

File Path                                                                                                                            PID  Runtime      # DAGs    # Errors  Last Runtime    Last Run               Last # of DB Queries
---------------------------------------------------------------------------------------------------------------------------------  -----  ---------  --------  ----------  --------------  -------------------  ----------------------
/home/airflow/.local/lib/python3.12/site-packages/airflow/example_dags/example_dataset_alias.py                                                             4           0  0.75s           2025-04-06T04:12:55                      27
/home/airflow/.local/lib/python3.12/site-packages/airflow/example_dags/example_dataset_alias_with_no_taskflow.py                                            4           0  0.73s           2025-04-06T04:12:56                      27
/home/airflow/.local/lib/python3.12/site-packages/airflow/example_dags/example_inlet_event_extra.py                                                         2           0  0.72s           2025-04-06T04:12:55                      15
/home/airflow/.local/lib/python3.12/site-packages/airflow/example_dags/example_outlet_event_extra.py                                                        3           0  0.55s           2025-04-06T04:13:16                      19
/home/airflow/.local/lib/python3.12/site-packages/airflow/example_dags/example_datasets.py                                                                 10           0  0.55s           2025-04-06T04:12:50                      49
/home/airflow/.local/lib/python3.12/site-packages/airflow/example_dags/example_dag_decorator.py                                                             1           0  0.26s           2025-04-06T04:13:12                      32
/home/airflow/.local/lib/python3.12/site-packages/airflow/example_dags/example_params_trigger_ui.py                                                         1           0  0.13s           2025-04-06T04:13:17                      10
/home/airflow/.local/lib/python3.12/site-packages/airflow/example_dags/example_workday_timetable.py                                                         1           0  0.12s           2025-04-06T04:13:14                      12
/home/airflow/.local/lib/python3.12/site-packages/airflow/example_dags/tutorial_taskflow_templates.py                                                       1           0  0.12s           2025-04-06T04:13:08                      12
/home/airflow/.local/lib/python3.12/site-packages/airflow/example_dags/example_complex.py                                                                   1           0  0.12s           2025-04-06T04:13:08                      10
/home/airflow/.local/lib/python3.12/site-packages/airflow/example_dags/example_subdag_operator.py                                                           3           0  0.12s           2025-04-06T04:13:17                      20
/home/airflow/.local/lib/python3.12/site-packages/airflow/example_dags/example_short_circuit_decorator.py                                                   1           0  0.11s           2025-04-06T04:13:09                      10
/home/airflow/.local/lib/python3.12/site-packages/airflow/example_dags/example_branch_operator_decorator.py                                                 1           0  0.11s           2025-04-06T04:13:12                      12
/home/airflow/.local/lib/python3.12/site-packages/airflow/example_dags/example_branch_datetime_operator.py                                                  3           0  0.11s           2025-04-06T04:13:14                      18
/home/airflow/.local/lib/python3.12/site-packages/airflow/example_dags/example_branch_day_of_week_operator.py                       2388  0.01s             1           0  0.11s           2025-04-06T04:12:49                      12
/home/airflow/.local/lib/python3.12/site-packages/airflow/example_dags/example_bash_operator.py                                                             1           0  0.11s           2025-04-06T04:13:13                      12
/home/airflow/.local/lib/python3.12/site-packages/airflow/example_dags/example_passing_params_via_test_command.py                                           1           0  0.11s           2025-04-06T04:12:51                      12
/home/airflow/.local/lib/python3.12/site-packages/airflow/example_dags/tutorial.py                                                                          1           0  0.11s           2025-04-06T04:13:17                      12
/home/airflow/.local/lib/python3.12/site-packages/airflow/example_dags/example_params_ui_tutorial.py                                                        1           0  0.10s           2025-04-06T04:13:14                      10
/home/airflow/.local/lib/python3.12/site-packages/airflow/example_dags/example_latest_only.py                                                               1           0  0.10s           2025-04-06T04:13:06                      12
/home/airflow/.local/lib/python3.12/site-packages/airflow/example_dags/example_branch_operator.py                                                           1           0  0.10s           2025-04-06T04:13:15                      12
/home/airflow/.local/lib/python3.12/site-packages/airflow/example_dags/example_sensor_decorator.py                                                          1           0  0.10s           2025-04-06T04:13:09                      10
/home/airflow/.local/lib/python3.12/site-packages/airflow/example_dags/example_nested_branch_dag.py                                                         1           0  0.10s           2025-04-06T04:13:07                      12
/home/airflow/.local/lib/python3.12/site-packages/airflow/example_dags/example_setup_teardown_taskflow.py                                                   1           0  0.10s           2025-04-06T04:13:07                      10
/home/airflow/.local/lib/python3.12/site-packages/airflow/example_dags/example_xcomargs.py                                                                  2           0  0.10s           2025-04-06T04:12:55                      13
/home/airflow/.local/lib/python3.12/site-packages/airflow/example_dags/example_latest_only_with_trigger.py                                                  1           0  0.09s           2025-04-06T04:12:51                      12
/home/airflow/.local/lib/python3.12/site-packages/airflow/example_dags/example_kubernetes_executor.py                                                       1           0  0.09s           2025-04-06T04:13:12                      10
/home/airflow/.local/lib/python3.12/site-packages/airflow/example_dags/example_task_group.py                                                                1           0  0.09s           2025-04-06T04:13:12                      10
/home/airflow/.local/lib/python3.12/site-packages/airflow/example_dags/example_python_decorator.py                                                          1           0  0.09s           2025-04-06T04:13:12                      10
/home/airflow/.local/lib/python3.12/site-packages/airflow/example_dags/example_branch_python_dop_operator_3.py                                              1           0  0.09s           2025-04-06T04:13:17                      12
/home/airflow/.local/lib/python3.12/site-packages/airflow/example_dags/example_skip_dag.py                                                                  1           0  0.09s           2025-04-06T04:13:12                      12
/home/airflow/.local/lib/python3.12/site-packages/airflow/example_dags/example_bash_decorator.py                                                            1           0  0.09s           2025-04-06T04:12:50                      10
/home/airflow/.local/lib/python3.12/site-packages/airflow/example_dags/tutorial_taskflow_api.py                                                             1           0  0.09s           2025-04-06T04:13:15                      10
/home/airflow/.local/lib/python3.12/site-packages/airflow/example_dags/example_branch_labels.py                                                             1           0  0.09s           2025-04-06T04:13:12                      12
/home/airflow/.local/lib/python3.12/site-packages/airflow/example_dags/example_short_circuit_operator.py                                                    1           0  0.09s           2025-04-06T04:12:50                      10
/home/airflow/.local/lib/python3.12/site-packages/airflow/example_dags/example_task_group_decorator.py                                                      1           0  0.09s           2025-04-06T04:13:12                      10
/home/airflow/.local/lib/python3.12/site-packages/airflow/example_dags/example_python_operator.py                                                           1           0  0.09s           2025-04-06T04:12:55                      10
/home/airflow/.local/lib/python3.12/site-packages/airflow/example_dags/example_sensors.py                                                                   1           0  0.09s           2025-04-06T04:13:15                      10
/home/airflow/.local/lib/python3.12/site-packages/airflow/example_dags/example_time_delta_sensor_async.py                                                   1           0  0.09s           2025-04-06T04:13:18                      10
/home/airflow/.local/lib/python3.12/site-packages/airflow/example_dags/example_setup_teardown.py                                                            1           0  0.09s           2025-04-06T04:13:09                      10
/home/airflow/.local/lib/python3.12/site-packages/airflow/example_dags/example_trigger_target_dag.py                                                        1           0  0.09s           2025-04-06T04:13:09                      10
/home/airflow/.local/lib/python3.12/site-packages/airflow/example_dags/tutorial_dag.py                                                                      1           0  0.09s           2025-04-06T04:13:17                      10
/home/airflow/.local/lib/python3.12/site-packages/airflow/example_dags/tutorial_taskflow_api_virtualenv.py                                                  1           0  0.08s           2025-04-06T04:12:55                      10
/home/airflow/.local/lib/python3.12/site-packages/airflow/example_dags/example_trigger_controller_dag.py                                                    1           0  0.08s           2025-04-06T04:13:15                      12
/home/airflow/.local/lib/python3.12/site-packages/airflow/example_dags/example_external_task_marker_dag.py                                                  2           0  0.08s           2025-04-06T04:13:15                      13
/home/airflow/.local/lib/python3.12/site-packages/airflow/example_dags/example_xcom.py                                                                      1           0  0.08s           2025-04-06T04:13:12                      12
/home/airflow/.local/lib/python3.12/site-packages/airflow/example_dags/example_local_kubernetes_executor.py                                                 1           0  0.08s           2025-04-06T04:12:55                      10
/home/airflow/.local/lib/python3.12/site-packages/airflow/example_dags/example_sla_dag.py                                                                   1           0  0.08s           2025-04-06T04:13:08                      12
/home/airflow/.local/lib/python3.12/site-packages/airflow/example_dags/tutorial_objectstorage.py                                                            1           0  0.08s           2025-04-06T04:13:07                      10
/home/airflow/.local/lib/python3.12/site-packages/airflow/example_dags/example_dynamic_task_mapping_with_no_taskflow_operators.py                           1           0  0.08s           2025-04-06T04:13:12                      10
/home/airflow/.local/lib/python3.12/site-packages/airflow/example_dags/example_display_name.py                                                              1           0  0.08s           2025-04-06T04:12:55                      10
/home/airflow/.local/lib/python3.12/site-packages/airflow/example_dags/example_dynamic_task_mapping.py                                                      1           0  0.07s           2025-04-06T04:13:12                      10
/home/airflow/.local/lib/python3.12/site-packages/airflow/example_dags/plugins/event_listener.py                                                            0           0  0.06s           2025-04-06T04:12:55                       3
/home/airflow/.local/lib/python3.12/site-packages/airflow/example_dags/subdags/subdag.py                                                                    0           0  0.04s           2025-04-06T04:12:55                       3
/home/airflow/.local/lib/python3.12/site-packages/airflow/example_dags/plugins/listener_plugin.py                                                           0           0  0.04s           2025-04-06T04:12:55                       3
/home/airflow/.local/lib/python3.12/site-packages/airflow/example_dags/plugins/decreasing_priority_weight_strategy.py                                       0           0  0.04s           2025-04-06T04:12:55                       3
/home/airflow/.local/lib/python3.12/site-packages/airflow/example_dags/plugins/workday.py                                                                   0           0  0.03s           2025-04-06T04:12:55                       3
================================================================================
[2025-04-06T04:13:51.492+0000] {manager.py:997} INFO - 
================================================================================
DAG File Processing Stats

File Path                                                                                                                            PID  Runtime      # DAGs    # Errors  Last Runtime    Last Run               Last # of DB Queries
---------------------------------------------------------------------------------------------------------------------------------  -----  ---------  --------  ----------  --------------  -------------------  ----------------------
/home/airflow/.local/lib/python3.12/site-packages/airflow/example_dags/example_datasets.py                                                                 10           0  0.71s           2025-04-06T04:13:21                      49
/home/airflow/.local/lib/python3.12/site-packages/airflow/example_dags/example_dataset_alias.py                                                             4           0  0.65s           2025-04-06T04:13:26                      27
/home/airflow/.local/lib/python3.12/site-packages/airflow/example_dags/example_inlet_event_extra.py                                                         2           0  0.64s           2025-04-06T04:13:26                      15
/home/airflow/.local/lib/python3.12/site-packages/airflow/example_dags/example_outlet_event_extra.py                                                        3           0  0.59s           2025-04-06T04:13:47                      19
/home/airflow/.local/lib/python3.12/site-packages/airflow/example_dags/example_dataset_alias_with_no_taskflow.py                                            4           0  0.56s           2025-04-06T04:13:27                      27
/home/airflow/.local/lib/python3.12/site-packages/airflow/example_dags/example_dag_decorator.py                                                             1           0  0.31s           2025-04-06T04:13:43                      32
/home/airflow/.local/lib/python3.12/site-packages/airflow/example_dags/example_latest_only.py                                                               1           0  0.23s           2025-04-06T04:13:36                      12
/home/airflow/.local/lib/python3.12/site-packages/airflow/example_dags/example_setup_teardown_taskflow.py                                                   1           0  0.21s           2025-04-06T04:13:37                      10
/home/airflow/.local/lib/python3.12/site-packages/airflow/example_dags/example_complex.py                                                                   1           0  0.21s           2025-04-06T04:13:39                      10
/home/airflow/.local/lib/python3.12/site-packages/airflow/example_dags/tutorial_taskflow_templates.py                                                       1           0  0.21s           2025-04-06T04:13:38                      12
/home/airflow/.local/lib/python3.12/site-packages/airflow/example_dags/example_nested_branch_dag.py                                                         1           0  0.21s           2025-04-06T04:13:37                      12
/home/airflow/.local/lib/python3.12/site-packages/airflow/example_dags/example_branch_operator.py                                                           1           0  0.17s           2025-04-06T04:13:46                      12
/home/airflow/.local/lib/python3.12/site-packages/airflow/example_dags/example_workday_timetable.py                                                         1           0  0.17s           2025-04-06T04:13:44                      12
/home/airflow/.local/lib/python3.12/site-packages/airflow/example_dags/example_params_ui_tutorial.py                                                        1           0  0.15s           2025-04-06T04:13:44                      10
/home/airflow/.local/lib/python3.12/site-packages/airflow/example_dags/example_sla_dag.py                                                                   1           0  0.15s           2025-04-06T04:13:39                      12
/home/airflow/.local/lib/python3.12/site-packages/airflow/example_dags/example_short_circuit_decorator.py                                                   1           0  0.15s           2025-04-06T04:13:40                      10
/home/airflow/.local/lib/python3.12/site-packages/airflow/example_dags/example_branch_labels.py                                                             1           0  0.14s           2025-04-06T04:13:43                      12
/home/airflow/.local/lib/python3.12/site-packages/airflow/example_dags/tutorial_objectstorage.py                                                            1           0  0.13s           2025-04-06T04:13:37                      10
/home/airflow/.local/lib/python3.12/site-packages/airflow/example_dags/example_subdag_operator.py                                                           3           0  0.12s           2025-04-06T04:13:48                      20
/home/airflow/.local/lib/python3.12/site-packages/airflow/example_dags/example_skip_dag.py                                                                  1           0  0.12s           2025-04-06T04:13:43                      12
/home/airflow/.local/lib/python3.12/site-packages/airflow/example_dags/example_branch_day_of_week_operator.py                                               1           0  0.12s           2025-04-06T04:13:50                      12
/home/airflow/.local/lib/python3.12/site-packages/airflow/example_dags/example_trigger_controller_dag.py                                                    1           0  0.12s           2025-04-06T04:13:45                      12
/home/airflow/.local/lib/python3.12/site-packages/airflow/example_dags/example_bash_decorator.py                                    2452  0.01s             1           0  0.12s           2025-04-06T04:13:21                      10
/home/airflow/.local/lib/python3.12/site-packages/airflow/example_dags/example_sensor_decorator.py                                                          1           0  0.12s           2025-04-06T04:13:40                      10
/home/airflow/.local/lib/python3.12/site-packages/airflow/example_dags/example_branch_datetime_operator.py                                                  3           0  0.11s           2025-04-06T04:13:44                      18
/home/airflow/.local/lib/python3.12/site-packages/airflow/example_dags/example_external_task_marker_dag.py                                                  2           0  0.11s           2025-04-06T04:13:45                      13
/home/airflow/.local/lib/python3.12/site-packages/airflow/example_dags/example_passing_params_via_test_command.py                                           1           0  0.11s           2025-04-06T04:13:21                      12
/home/airflow/.local/lib/python3.12/site-packages/airflow/example_dags/example_task_group.py                                                                1           0  0.11s           2025-04-06T04:13:43                      10
/home/airflow/.local/lib/python3.12/site-packages/airflow/example_dags/example_setup_teardown.py                                                            1           0  0.11s           2025-04-06T04:13:40                      10
/home/airflow/.local/lib/python3.12/site-packages/airflow/example_dags/example_sensors.py                                                                   1           0  0.11s           2025-04-06T04:13:45                      10
/home/airflow/.local/lib/python3.12/site-packages/airflow/example_dags/example_bash_operator.py                                                             1           0  0.10s           2025-04-06T04:13:44                      12
/home/airflow/.local/lib/python3.12/site-packages/airflow/example_dags/example_trigger_target_dag.py                                                        1           0  0.10s           2025-04-06T04:13:40                      10
/home/airflow/.local/lib/python3.12/site-packages/airflow/example_dags/example_dynamic_task_mapping.py                                                      1           0  0.10s           2025-04-06T04:13:43                      10
/home/airflow/.local/lib/python3.12/site-packages/airflow/example_dags/example_task_group_decorator.py                                                      1           0  0.10s           2025-04-06T04:13:43                      10
/home/airflow/.local/lib/python3.12/site-packages/airflow/example_dags/example_branch_operator_decorator.py                                                 1           0  0.10s           2025-04-06T04:13:43                      12
/home/airflow/.local/lib/python3.12/site-packages/airflow/example_dags/example_xcomargs.py                                                                  2           0  0.10s           2025-04-06T04:13:26                      13
/home/airflow/.local/lib/python3.12/site-packages/airflow/example_dags/example_params_trigger_ui.py                                                         1           0  0.10s           2025-04-06T04:13:48                      10
/home/airflow/.local/lib/python3.12/site-packages/airflow/example_dags/example_xcom.py                                                                      1           0  0.10s           2025-04-06T04:13:43                      12
/home/airflow/.local/lib/python3.12/site-packages/airflow/example_dags/example_latest_only_with_trigger.py                                                  1           0  0.10s           2025-04-06T04:13:21                      12
/home/airflow/.local/lib/python3.12/site-packages/airflow/example_dags/tutorial_taskflow_api.py                                                             1           0  0.10s           2025-04-06T04:13:45                      10
/home/airflow/.local/lib/python3.12/site-packages/airflow/example_dags/example_short_circuit_operator.py                            2453  0.00s             1           0  0.10s           2025-04-06T04:13:21                      10
/home/airflow/.local/lib/python3.12/site-packages/airflow/example_dags/tutorial.py                                                                          1           0  0.09s           2025-04-06T04:13:48                      12
/home/airflow/.local/lib/python3.12/site-packages/airflow/example_dags/example_kubernetes_executor.py                                                       1           0  0.09s           2025-04-06T04:13:43                      10
/home/airflow/.local/lib/python3.12/site-packages/airflow/example_dags/tutorial_taskflow_api_virtualenv.py                                                  1           0  0.09s           2025-04-06T04:13:26                      10
/home/airflow/.local/lib/python3.12/site-packages/airflow/example_dags/example_dynamic_task_mapping_with_no_taskflow_operators.py                           1           0  0.09s           2025-04-06T04:13:43                      10
/home/airflow/.local/lib/python3.12/site-packages/airflow/example_dags/example_branch_python_dop_operator_3.py                                              1           0  0.09s           2025-04-06T04:13:48                      12
/home/airflow/.local/lib/python3.12/site-packages/airflow/example_dags/example_time_delta_sensor_async.py                                                   1           0  0.09s           2025-04-06T04:13:48                      10
/home/airflow/.local/lib/python3.12/site-packages/airflow/example_dags/tutorial_dag.py                                                                      1           0  0.09s           2025-04-06T04:13:48                      10
/home/airflow/.local/lib/python3.12/site-packages/airflow/example_dags/example_python_decorator.py                                                          1           0  0.09s           2025-04-06T04:13:43                      10
/home/airflow/.local/lib/python3.12/site-packages/airflow/example_dags/example_local_kubernetes_executor.py                                                 1           0  0.09s           2025-04-06T04:13:26                      10
/home/airflow/.local/lib/python3.12/site-packages/airflow/example_dags/example_display_name.py                                                              1           0  0.09s           2025-04-06T04:13:26                      10
/home/airflow/.local/lib/python3.12/site-packages/airflow/example_dags/example_python_operator.py                                                           1           0  0.08s           2025-04-06T04:13:26                      10
/home/airflow/.local/lib/python3.12/site-packages/airflow/example_dags/plugins/workday.py                                                                   0           0  0.04s           2025-04-06T04:13:26                       3
/home/airflow/.local/lib/python3.12/site-packages/airflow/example_dags/plugins/decreasing_priority_weight_strategy.py                                       0           0  0.04s           2025-04-06T04:13:26                       3
/home/airflow/.local/lib/python3.12/site-packages/airflow/example_dags/plugins/listener_plugin.py                                                           0           0  0.03s           2025-04-06T04:13:26                       3
/home/airflow/.local/lib/python3.12/site-packages/airflow/example_dags/subdags/subdag.py                                                                    0           0  0.03s           2025-04-06T04:13:26                       3
/home/airflow/.local/lib/python3.12/site-packages/airflow/example_dags/plugins/event_listener.py                                                            0           0  0.03s           2025-04-06T04:13:26                       3
================================================================================
[2025-04-06T04:14:02.783+0000] {manager.py:821} INFO - Searching for files in /opt/airflow/dags
[2025-04-06T04:14:02.793+0000] {manager.py:824} INFO - There are 57 files in /opt/airflow/dags
[2025-04-06T04:14:22.062+0000] {manager.py:997} INFO - 
================================================================================
DAG File Processing Stats

File Path                                                                                                                            PID  Runtime      # DAGs    # Errors  Last Runtime    Last Run               Last # of DB Queries
---------------------------------------------------------------------------------------------------------------------------------  -----  ---------  --------  ----------  --------------  -------------------  ----------------------
/home/airflow/.local/lib/python3.12/site-packages/airflow/example_dags/example_outlet_event_extra.py                                                        3           0  0.68s           2025-04-06T04:14:18                      19
/home/airflow/.local/lib/python3.12/site-packages/airflow/example_dags/example_datasets.py                                                                 10           0  0.58s           2025-04-06T04:13:53                      49
/home/airflow/.local/lib/python3.12/site-packages/airflow/example_dags/example_inlet_event_extra.py                                                         2           0  0.57s           2025-04-06T04:13:57                      15
/home/airflow/.local/lib/python3.12/site-packages/airflow/example_dags/example_dataset_alias.py                                                             4           0  0.57s           2025-04-06T04:13:57                      27
/home/airflow/.local/lib/python3.12/site-packages/airflow/example_dags/example_dataset_alias_with_no_taskflow.py                                            4           0  0.54s           2025-04-06T04:13:58                      27
/home/airflow/.local/lib/python3.12/site-packages/airflow/example_dags/example_dag_decorator.py                                                             1           0  0.39s           2025-04-06T04:14:14                      32
/home/airflow/.local/lib/python3.12/site-packages/airflow/example_dags/example_params_ui_tutorial.py                                                        1           0  0.16s           2025-04-06T04:14:16                      10
/home/airflow/.local/lib/python3.12/site-packages/airflow/example_dags/example_params_trigger_ui.py                                                         1           0  0.15s           2025-04-06T04:14:18                      10
/home/airflow/.local/lib/python3.12/site-packages/airflow/example_dags/example_passing_params_via_test_command.py                                           1           0  0.14s           2025-04-06T04:13:52                      12
/home/airflow/.local/lib/python3.12/site-packages/airflow/example_dags/example_complex.py                                                                   1           0  0.13s           2025-04-06T04:14:09                      10
/home/airflow/.local/lib/python3.12/site-packages/airflow/example_dags/tutorial_taskflow_templates.py                                                       1           0  0.12s           2025-04-06T04:14:09                      12
/home/airflow/.local/lib/python3.12/site-packages/airflow/example_dags/example_latest_only_with_trigger.py                                                  1           0  0.12s           2025-04-06T04:13:52                      12
/home/airflow/.local/lib/python3.12/site-packages/airflow/example_dags/example_branch_datetime_operator.py                                                  3           0  0.12s           2025-04-06T04:14:15                      18
/home/airflow/.local/lib/python3.12/site-packages/airflow/example_dags/example_bash_operator.py                                                             1           0  0.12s           2025-04-06T04:14:15                      12
/home/airflow/.local/lib/python3.12/site-packages/airflow/example_dags/example_workday_timetable.py                                                         1           0  0.12s           2025-04-06T04:14:15                      12
/home/airflow/.local/lib/python3.12/site-packages/airflow/example_dags/example_branch_operator_decorator.py                                                 1           0  0.12s           2025-04-06T04:14:14                      12
/home/airflow/.local/lib/python3.12/site-packages/airflow/example_dags/example_latest_only.py                                                               1           0  0.11s           2025-04-06T04:14:06                      12
/home/airflow/.local/lib/python3.12/site-packages/airflow/example_dags/example_subdag_operator.py                                                           3           0  0.11s           2025-04-06T04:14:18                      20
/home/airflow/.local/lib/python3.12/site-packages/airflow/example_dags/example_xcomargs.py                                                                  2           0  0.11s           2025-04-06T04:13:57                      13
/home/airflow/.local/lib/python3.12/site-packages/airflow/example_dags/tutorial.py                                                                          1           0  0.11s           2025-04-06T04:14:18                      12
/home/airflow/.local/lib/python3.12/site-packages/airflow/example_dags/tutorial_dag.py                                                                      1           0  0.10s           2025-04-06T04:14:18                      10
/home/airflow/.local/lib/python3.12/site-packages/airflow/example_dags/example_branch_day_of_week_operator.py                                               1           0  0.10s           2025-04-06T04:14:21                      12
/home/airflow/.local/lib/python3.12/site-packages/airflow/example_dags/example_branch_python_dop_operator_3.py                                              1           0  0.10s           2025-04-06T04:14:18                      12
/home/airflow/.local/lib/python3.12/site-packages/airflow/example_dags/example_bash_decorator.py                                    2515  0.02s             1           0  0.10s           2025-04-06T04:13:51                      10
/home/airflow/.local/lib/python3.12/site-packages/airflow/example_dags/example_branch_operator.py                                                           1           0  0.10s           2025-04-06T04:14:16                      12
/home/airflow/.local/lib/python3.12/site-packages/airflow/example_dags/example_nested_branch_dag.py                                                         1           0  0.10s           2025-04-06T04:14:07                      12
/home/airflow/.local/lib/python3.12/site-packages/airflow/example_dags/example_short_circuit_decorator.py                                                   1           0  0.09s           2025-04-06T04:14:10                      10
/home/airflow/.local/lib/python3.12/site-packages/airflow/example_dags/example_sensor_decorator.py                                                          1           0  0.09s           2025-04-06T04:14:10                      10
/home/airflow/.local/lib/python3.12/site-packages/airflow/example_dags/example_python_operator.py                                                           1           0  0.09s           2025-04-06T04:13:57                      10
/home/airflow/.local/lib/python3.12/site-packages/airflow/example_dags/example_sensors.py                                                                   1           0  0.09s           2025-04-06T04:14:16                      10
/home/airflow/.local/lib/python3.12/site-packages/airflow/example_dags/example_time_delta_sensor_async.py                                                   1           0  0.09s           2025-04-06T04:14:19                      10
/home/airflow/.local/lib/python3.12/site-packages/airflow/example_dags/example_kubernetes_executor.py                                                       1           0  0.09s           2025-04-06T04:14:14                      10
/home/airflow/.local/lib/python3.12/site-packages/airflow/example_dags/example_python_decorator.py                                                          1           0  0.09s           2025-04-06T04:14:14                      10
/home/airflow/.local/lib/python3.12/site-packages/airflow/example_dags/example_skip_dag.py                                                                  1           0  0.09s           2025-04-06T04:14:14                      12
/home/airflow/.local/lib/python3.12/site-packages/airflow/example_dags/example_short_circuit_operator.py                            2516  0.01s             1           0  0.09s           2025-04-06T04:13:51                      10
/home/airflow/.local/lib/python3.12/site-packages/airflow/example_dags/example_sla_dag.py                                                                   1           0  0.09s           2025-04-06T04:14:09                      12
/home/airflow/.local/lib/python3.12/site-packages/airflow/example_dags/tutorial_taskflow_api.py                                                             1           0  0.08s           2025-04-06T04:14:16                      10
/home/airflow/.local/lib/python3.12/site-packages/airflow/example_dags/example_branch_labels.py                                                             1           0  0.08s           2025-04-06T04:14:14                      12
/home/airflow/.local/lib/python3.12/site-packages/airflow/example_dags/example_xcom.py                                                                      1           0  0.08s           2025-04-06T04:14:14                      12
/home/airflow/.local/lib/python3.12/site-packages/airflow/example_dags/example_task_group.py                                                                1           0  0.08s           2025-04-06T04:14:14                      10
/home/airflow/.local/lib/python3.12/site-packages/airflow/example_dags/example_setup_teardown_taskflow.py                                                   1           0  0.08s           2025-04-06T04:14:07                      10
/home/airflow/.local/lib/python3.12/site-packages/airflow/example_dags/example_setup_teardown.py                                                            1           0  0.08s           2025-04-06T04:14:10                      10
/home/airflow/.local/lib/python3.12/site-packages/airflow/example_dags/example_trigger_controller_dag.py                                                    1           0  0.08s           2025-04-06T04:14:16                      12
/home/airflow/.local/lib/python3.12/site-packages/airflow/example_dags/example_task_group_decorator.py                                                      1           0  0.08s           2025-04-06T04:14:14                      10
/home/airflow/.local/lib/python3.12/site-packages/airflow/example_dags/example_external_task_marker_dag.py                                                  2           0  0.08s           2025-04-06T04:14:16                      13
/home/airflow/.local/lib/python3.12/site-packages/airflow/example_dags/example_display_name.py                                                              1           0  0.08s           2025-04-06T04:13:57                      10
/home/airflow/.local/lib/python3.12/site-packages/airflow/example_dags/example_trigger_target_dag.py                                                        1           0  0.08s           2025-04-06T04:14:10                      10
/home/airflow/.local/lib/python3.12/site-packages/airflow/example_dags/tutorial_objectstorage.py                                                            1           0  0.07s           2025-04-06T04:14:08                      10
/home/airflow/.local/lib/python3.12/site-packages/airflow/example_dags/example_dynamic_task_mapping.py                                                      1           0  0.07s           2025-04-06T04:14:14                      10
/home/airflow/.local/lib/python3.12/site-packages/airflow/example_dags/example_local_kubernetes_executor.py                                                 1           0  0.07s           2025-04-06T04:13:57                      10
/home/airflow/.local/lib/python3.12/site-packages/airflow/example_dags/tutorial_taskflow_api_virtualenv.py                                                  1           0  0.07s           2025-04-06T04:13:57                      10
/home/airflow/.local/lib/python3.12/site-packages/airflow/example_dags/example_dynamic_task_mapping_with_no_taskflow_operators.py                           1           0  0.07s           2025-04-06T04:14:14                      10
/home/airflow/.local/lib/python3.12/site-packages/airflow/example_dags/plugins/listener_plugin.py                                                           0           0  0.04s           2025-04-06T04:13:57                       3
/home/airflow/.local/lib/python3.12/site-packages/airflow/example_dags/subdags/subdag.py                                                                    0           0  0.04s           2025-04-06T04:13:57                       3
/home/airflow/.local/lib/python3.12/site-packages/airflow/example_dags/plugins/workday.py                                                                   0           0  0.04s           2025-04-06T04:13:57                       3
/home/airflow/.local/lib/python3.12/site-packages/airflow/example_dags/plugins/decreasing_priority_weight_strategy.py                                       0           0  0.03s           2025-04-06T04:13:57                       3
/home/airflow/.local/lib/python3.12/site-packages/airflow/example_dags/plugins/event_listener.py                                                            0           0  0.03s           2025-04-06T04:13:57                       3
================================================================================
[2025-04-06T04:14:52.730+0000] {manager.py:997} INFO - 
================================================================================
DAG File Processing Stats

File Path                                                                                                                            PID  Runtime      # DAGs    # Errors  Last Runtime    Last Run               Last # of DB Queries
---------------------------------------------------------------------------------------------------------------------------------  -----  ---------  --------  ----------  --------------  -------------------  ----------------------
/home/airflow/.local/lib/python3.12/site-packages/airflow/example_dags/example_datasets.py                                                                 10           0  0.59s           2025-04-06T04:14:23                      49
/home/airflow/.local/lib/python3.12/site-packages/airflow/example_dags/example_outlet_event_extra.py                                                        3           0  0.58s           2025-04-06T04:14:49                      19
/home/airflow/.local/lib/python3.12/site-packages/airflow/example_dags/example_inlet_event_extra.py                                                         2           0  0.55s           2025-04-06T04:14:27                      15
/home/airflow/.local/lib/python3.12/site-packages/airflow/example_dags/example_dataset_alias.py                                                             4           0  0.53s           2025-04-06T04:14:27                      27
/home/airflow/.local/lib/python3.12/site-packages/airflow/example_dags/example_dataset_alias_with_no_taskflow.py                                            4           0  0.48s           2025-04-06T04:14:29                      27
/home/airflow/.local/lib/python3.12/site-packages/airflow/example_dags/example_dag_decorator.py                                                             1           0  0.36s           2025-04-06T04:14:44                      32
/home/airflow/.local/lib/python3.12/site-packages/airflow/example_dags/example_subdag_operator.py                                                           3           0  0.15s           2025-04-06T04:14:48                      20
/home/airflow/.local/lib/python3.12/site-packages/airflow/example_dags/tutorial.py                                                                          1           0  0.13s           2025-04-06T04:14:48                      12
/home/airflow/.local/lib/python3.12/site-packages/airflow/example_dags/example_bash_operator.py                                                             1           0  0.13s           2025-04-06T04:14:46                      12
/home/airflow/.local/lib/python3.12/site-packages/airflow/example_dags/example_bash_decorator.py                                    2578  0.01s             1           0  0.13s           2025-04-06T04:14:22                      10
/home/airflow/.local/lib/python3.12/site-packages/airflow/example_dags/example_branch_datetime_operator.py                                                  3           0  0.13s           2025-04-06T04:14:46                      18
/home/airflow/.local/lib/python3.12/site-packages/airflow/example_dags/example_short_circuit_operator.py                            2579  0.00s             1           0  0.12s           2025-04-06T04:14:22                      10
/home/airflow/.local/lib/python3.12/site-packages/airflow/example_dags/example_workday_timetable.py                                                         1           0  0.12s           2025-04-06T04:14:46                      12
/home/airflow/.local/lib/python3.12/site-packages/airflow/example_dags/example_nested_branch_dag.py                                                         1           0  0.11s           2025-04-06T04:14:38                      12
/home/airflow/.local/lib/python3.12/site-packages/airflow/example_dags/example_params_trigger_ui.py                                                         1           0  0.11s           2025-04-06T04:14:48                      10
/home/airflow/.local/lib/python3.12/site-packages/airflow/example_dags/tutorial_taskflow_templates.py                                                       1           0  0.11s           2025-04-06T04:14:39                      12
/home/airflow/.local/lib/python3.12/site-packages/airflow/example_dags/example_branch_python_dop_operator_3.py                                              1           0  0.11s           2025-04-06T04:14:48                      12
/home/airflow/.local/lib/python3.12/site-packages/airflow/example_dags/example_branch_operator.py                                                           1           0  0.11s           2025-04-06T04:14:46                      12
/home/airflow/.local/lib/python3.12/site-packages/airflow/example_dags/example_params_ui_tutorial.py                                                        1           0  0.10s           2025-04-06T04:14:46                      10
/home/airflow/.local/lib/python3.12/site-packages/airflow/example_dags/example_setup_teardown.py                                                            1           0  0.10s           2025-04-06T04:14:40                      10
/home/airflow/.local/lib/python3.12/site-packages/airflow/example_dags/example_passing_params_via_test_command.py                                           1           0  0.10s           2025-04-06T04:14:23                      12
/home/airflow/.local/lib/python3.12/site-packages/airflow/example_dags/example_branch_operator_decorator.py                                                 1           0  0.10s           2025-04-06T04:14:45                      12
/home/airflow/.local/lib/python3.12/site-packages/airflow/example_dags/example_complex.py                                                                   1           0  0.09s           2025-04-06T04:14:39                      10
/home/airflow/.local/lib/python3.12/site-packages/airflow/example_dags/example_short_circuit_decorator.py                                                   1           0  0.09s           2025-04-06T04:14:40                      10
/home/airflow/.local/lib/python3.12/site-packages/airflow/example_dags/example_branch_day_of_week_operator.py                                               1           0  0.09s           2025-04-06T04:14:51                      12
/home/airflow/.local/lib/python3.12/site-packages/airflow/example_dags/example_sensor_decorator.py                                                          1           0  0.09s           2025-04-06T04:14:40                      10
/home/airflow/.local/lib/python3.12/site-packages/airflow/example_dags/example_local_kubernetes_executor.py                                                 1           0  0.09s           2025-04-06T04:14:28                      10
/home/airflow/.local/lib/python3.12/site-packages/airflow/example_dags/example_latest_only.py                                                               1           0  0.09s           2025-04-06T04:14:37                      12
/home/airflow/.local/lib/python3.12/site-packages/airflow/example_dags/example_xcom.py                                                                      1           0  0.09s           2025-04-06T04:14:44                      12
/home/airflow/.local/lib/python3.12/site-packages/airflow/example_dags/example_kubernetes_executor.py                                                       1           0  0.09s           2025-04-06T04:14:44                      10
/home/airflow/.local/lib/python3.12/site-packages/airflow/example_dags/example_python_operator.py                                                           1           0  0.09s           2025-04-06T04:14:28                      10
/home/airflow/.local/lib/python3.12/site-packages/airflow/example_dags/example_branch_labels.py                                                             1           0  0.09s           2025-04-06T04:14:45                      12
/home/airflow/.local/lib/python3.12/site-packages/airflow/example_dags/example_latest_only_with_trigger.py                                                  1           0  0.09s           2025-04-06T04:14:23                      12
/home/airflow/.local/lib/python3.12/site-packages/airflow/example_dags/example_setup_teardown_taskflow.py                                                   1           0  0.08s           2025-04-06T04:14:38                      10
/home/airflow/.local/lib/python3.12/site-packages/airflow/example_dags/example_sensors.py                                                                   1           0  0.08s           2025-04-06T04:14:46                      10
/home/airflow/.local/lib/python3.12/site-packages/airflow/example_dags/example_trigger_controller_dag.py                                                    1           0  0.08s           2025-04-06T04:14:46                      12
/home/airflow/.local/lib/python3.12/site-packages/airflow/example_dags/example_skip_dag.py                                                                  1           0  0.08s           2025-04-06T04:14:44                      12
/home/airflow/.local/lib/python3.12/site-packages/airflow/example_dags/tutorial_taskflow_api_virtualenv.py                                                  1           0  0.08s           2025-04-06T04:14:28                      10
/home/airflow/.local/lib/python3.12/site-packages/airflow/example_dags/tutorial_dag.py                                                                      1           0  0.08s           2025-04-06T04:14:49                      10
/home/airflow/.local/lib/python3.12/site-packages/airflow/example_dags/example_task_group_decorator.py                                                      1           0  0.08s           2025-04-06T04:14:44                      10
/home/airflow/.local/lib/python3.12/site-packages/airflow/example_dags/example_task_group.py                                                                1           0  0.08s           2025-04-06T04:14:44                      10
/home/airflow/.local/lib/python3.12/site-packages/airflow/example_dags/example_external_task_marker_dag.py                                                  2           0  0.08s           2025-04-06T04:14:46                      13
/home/airflow/.local/lib/python3.12/site-packages/airflow/example_dags/example_python_decorator.py                                                          1           0  0.08s           2025-04-06T04:14:45                      10
/home/airflow/.local/lib/python3.12/site-packages/airflow/example_dags/example_trigger_target_dag.py                                                        1           0  0.08s           2025-04-06T04:14:40                      10
/home/airflow/.local/lib/python3.12/site-packages/airflow/example_dags/example_time_delta_sensor_async.py                                                   1           0  0.08s           2025-04-06T04:14:49                      10
/home/airflow/.local/lib/python3.12/site-packages/airflow/example_dags/example_sla_dag.py                                                                   1           0  0.08s           2025-04-06T04:14:39                      12
/home/airflow/.local/lib/python3.12/site-packages/airflow/example_dags/tutorial_objectstorage.py                                                            1           0  0.08s           2025-04-06T04:14:38                      10
/home/airflow/.local/lib/python3.12/site-packages/airflow/example_dags/example_xcomargs.py                                                                  2           0  0.08s           2025-04-06T04:14:27                      13
/home/airflow/.local/lib/python3.12/site-packages/airflow/example_dags/example_dynamic_task_mapping_with_no_taskflow_operators.py                           1           0  0.07s           2025-04-06T04:14:45                      10
/home/airflow/.local/lib/python3.12/site-packages/airflow/example_dags/tutorial_taskflow_api.py                                                             1           0  0.07s           2025-04-06T04:14:46                      10
/home/airflow/.local/lib/python3.12/site-packages/airflow/example_dags/example_dynamic_task_mapping.py                                                      1           0  0.07s           2025-04-06T04:14:45                      10
/home/airflow/.local/lib/python3.12/site-packages/airflow/example_dags/example_display_name.py                                                              1           0  0.07s           2025-04-06T04:14:28                      10
/home/airflow/.local/lib/python3.12/site-packages/airflow/example_dags/plugins/decreasing_priority_weight_strategy.py                                       0           0  0.04s           2025-04-06T04:14:28                       3
/home/airflow/.local/lib/python3.12/site-packages/airflow/example_dags/plugins/event_listener.py                                                            0           0  0.04s           2025-04-06T04:14:28                       3
/home/airflow/.local/lib/python3.12/site-packages/airflow/example_dags/plugins/workday.py                                                                   0           0  0.04s           2025-04-06T04:14:28                       3
/home/airflow/.local/lib/python3.12/site-packages/airflow/example_dags/plugins/listener_plugin.py                                                           0           0  0.03s           2025-04-06T04:14:28                       3
/home/airflow/.local/lib/python3.12/site-packages/airflow/example_dags/subdags/subdag.py                                                                    0           0  0.03s           2025-04-06T04:14:28                       3
================================================================================
[2025-04-06T04:15:24.076+0000] {manager.py:997} INFO - 
================================================================================
DAG File Processing Stats

File Path                                                                                                                            PID  Runtime      # DAGs    # Errors  Last Runtime    Last Run               Last # of DB Queries
---------------------------------------------------------------------------------------------------------------------------------  -----  ---------  --------  ----------  --------------  -------------------  ----------------------
/home/airflow/.local/lib/python3.12/site-packages/airflow/example_dags/example_dataset_alias_with_no_taskflow.py                                            4           0  0.71s           2025-04-06T04:15:00                      27
/home/airflow/.local/lib/python3.12/site-packages/airflow/example_dags/example_dataset_alias.py                                                             4           0  0.64s           2025-04-06T04:14:58                      27
/home/airflow/.local/lib/python3.12/site-packages/airflow/example_dags/example_inlet_event_extra.py                                                         2           0  0.64s           2025-04-06T04:14:58                      15
/home/airflow/.local/lib/python3.12/site-packages/airflow/example_dags/example_outlet_event_extra.py                                                        3           0  0.60s           2025-04-06T04:15:20                      19
/home/airflow/.local/lib/python3.12/site-packages/airflow/example_dags/example_datasets.py                                                                 10           0  0.51s           2025-04-06T04:14:54                      49
/home/airflow/.local/lib/python3.12/site-packages/airflow/example_dags/example_dag_decorator.py                                                             1           0  0.40s           2025-04-06T04:15:15                      32
/home/airflow/.local/lib/python3.12/site-packages/airflow/example_dags/example_nested_branch_dag.py                                                         1           0  0.15s           2025-04-06T04:15:08                      12
/home/airflow/.local/lib/python3.12/site-packages/airflow/example_dags/example_workday_timetable.py                                                         1           0  0.13s           2025-04-06T04:15:16                      12
/home/airflow/.local/lib/python3.12/site-packages/airflow/example_dags/example_passing_params_via_test_command.py                   2643  0.01s             1           0  0.13s           2025-04-06T04:14:53                      12
/home/airflow/.local/lib/python3.12/site-packages/airflow/example_dags/example_branch_operator_decorator.py                                                 1           0  0.12s           2025-04-06T04:15:15                      12
/home/airflow/.local/lib/python3.12/site-packages/airflow/example_dags/example_setup_teardown_taskflow.py                                                   1           0  0.12s           2025-04-06T04:15:08                      10
/home/airflow/.local/lib/python3.12/site-packages/airflow/example_dags/example_subdag_operator.py                                                           3           0  0.12s           2025-04-06T04:15:19                      20
/home/airflow/.local/lib/python3.12/site-packages/airflow/example_dags/example_trigger_controller_dag.py                                                    1           0  0.12s           2025-04-06T04:15:17                      12
/home/airflow/.local/lib/python3.12/site-packages/airflow/example_dags/example_latest_only_with_trigger.py                          2644  0.00s             1           0  0.12s           2025-04-06T04:14:53                      12
/home/airflow/.local/lib/python3.12/site-packages/airflow/example_dags/tutorial_objectstorage.py                                                            1           0  0.11s           2025-04-06T04:15:09                      10
/home/airflow/.local/lib/python3.12/site-packages/airflow/example_dags/example_external_task_marker_dag.py                                                  2           0  0.11s           2025-04-06T04:15:17                      13
/home/airflow/.local/lib/python3.12/site-packages/airflow/example_dags/example_params_ui_tutorial.py                                                        1           0  0.11s           2025-04-06T04:15:16                      10
/home/airflow/.local/lib/python3.12/site-packages/airflow/example_dags/example_branch_datetime_operator.py                                                  3           0  0.10s           2025-04-06T04:15:16                      18
/home/airflow/.local/lib/python3.12/site-packages/airflow/example_dags/example_short_circuit_decorator.py                                                   1           0  0.10s           2025-04-06T04:15:11                      10
/home/airflow/.local/lib/python3.12/site-packages/airflow/example_dags/example_bash_operator.py                                                             1           0  0.10s           2025-04-06T04:15:16                      12
/home/airflow/.local/lib/python3.12/site-packages/airflow/example_dags/example_python_decorator.py                                                          1           0  0.10s           2025-04-06T04:15:15                      10
/home/airflow/.local/lib/python3.12/site-packages/airflow/example_dags/example_branch_operator.py                                                           1           0  0.10s           2025-04-06T04:15:17                      12
/home/airflow/.local/lib/python3.12/site-packages/airflow/example_dags/example_local_kubernetes_executor.py                                                 1           0  0.10s           2025-04-06T04:14:58                      10
/home/airflow/.local/lib/python3.12/site-packages/airflow/example_dags/tutorial.py                                                                          1           0  0.10s           2025-04-06T04:15:19                      12
/home/airflow/.local/lib/python3.12/site-packages/airflow/example_dags/example_complex.py                                                                   1           0  0.10s           2025-04-06T04:15:10                      10
/home/airflow/.local/lib/python3.12/site-packages/airflow/example_dags/example_params_trigger_ui.py                                                         1           0  0.09s           2025-04-06T04:15:19                      10
/home/airflow/.local/lib/python3.12/site-packages/airflow/example_dags/example_branch_labels.py                                                             1           0  0.09s           2025-04-06T04:15:15                      12
/home/airflow/.local/lib/python3.12/site-packages/airflow/example_dags/example_skip_dag.py                                                                  1           0  0.09s           2025-04-06T04:15:14                      12
/home/airflow/.local/lib/python3.12/site-packages/airflow/example_dags/example_setup_teardown.py                                                            1           0  0.09s           2025-04-06T04:15:11                      10
/home/airflow/.local/lib/python3.12/site-packages/airflow/example_dags/example_display_name.py                                                              1           0  0.09s           2025-04-06T04:14:58                      10
/home/airflow/.local/lib/python3.12/site-packages/airflow/example_dags/tutorial_taskflow_api_virtualenv.py                                                  1           0  0.09s           2025-04-06T04:14:58                      10
/home/airflow/.local/lib/python3.12/site-packages/airflow/example_dags/example_python_operator.py                                                           1           0  0.09s           2025-04-06T04:14:58                      10
/home/airflow/.local/lib/python3.12/site-packages/airflow/example_dags/example_sensor_decorator.py                                                          1           0  0.09s           2025-04-06T04:15:11                      10
/home/airflow/.local/lib/python3.12/site-packages/airflow/example_dags/example_xcom.py                                                                      1           0  0.09s           2025-04-06T04:15:15                      12
/home/airflow/.local/lib/python3.12/site-packages/airflow/example_dags/example_task_group_decorator.py                                                      1           0  0.09s           2025-04-06T04:15:15                      10
/home/airflow/.local/lib/python3.12/site-packages/airflow/example_dags/example_short_circuit_operator.py                                                    1           0  0.09s           2025-04-06T04:15:23                      10
/home/airflow/.local/lib/python3.12/site-packages/airflow/example_dags/example_bash_decorator.py                                                            1           0  0.09s           2025-04-06T04:15:23                      10
/home/airflow/.local/lib/python3.12/site-packages/airflow/example_dags/example_branch_day_of_week_operator.py                                               1           0  0.09s           2025-04-06T04:15:22                      12
/home/airflow/.local/lib/python3.12/site-packages/airflow/example_dags/example_sla_dag.py                                                                   1           0  0.09s           2025-04-06T04:15:10                      12
/home/airflow/.local/lib/python3.12/site-packages/airflow/example_dags/tutorial_taskflow_templates.py                                                       1           0  0.09s           2025-04-06T04:15:10                      12
/home/airflow/.local/lib/python3.12/site-packages/airflow/example_dags/example_latest_only.py                                                               1           0  0.09s           2025-04-06T04:15:07                      12
/home/airflow/.local/lib/python3.12/site-packages/airflow/example_dags/tutorial_taskflow_api.py                                                             1           0  0.09s           2025-04-06T04:15:16                      10
/home/airflow/.local/lib/python3.12/site-packages/airflow/example_dags/example_task_group.py                                                                1           0  0.09s           2025-04-06T04:15:15                      10
/home/airflow/.local/lib/python3.12/site-packages/airflow/example_dags/example_trigger_target_dag.py                                                        1           0  0.09s           2025-04-06T04:15:11                      10
/home/airflow/.local/lib/python3.12/site-packages/airflow/example_dags/example_branch_python_dop_operator_3.py                                              1           0  0.09s           2025-04-06T04:15:19                      12
/home/airflow/.local/lib/python3.12/site-packages/airflow/example_dags/example_sensors.py                                                                   1           0  0.08s           2025-04-06T04:15:16                      10
/home/airflow/.local/lib/python3.12/site-packages/airflow/example_dags/tutorial_dag.py                                                                      1           0  0.08s           2025-04-06T04:15:20                      10
/home/airflow/.local/lib/python3.12/site-packages/airflow/example_dags/example_kubernetes_executor.py                                                       1           0  0.08s           2025-04-06T04:15:15                      10
/home/airflow/.local/lib/python3.12/site-packages/airflow/example_dags/example_dynamic_task_mapping_with_no_taskflow_operators.py                           1           0  0.08s           2025-04-06T04:15:15                      10
/home/airflow/.local/lib/python3.12/site-packages/airflow/example_dags/example_time_delta_sensor_async.py                                                   1           0  0.08s           2025-04-06T04:15:20                      10
/home/airflow/.local/lib/python3.12/site-packages/airflow/example_dags/example_dynamic_task_mapping.py                                                      1           0  0.08s           2025-04-06T04:15:15                      10
/home/airflow/.local/lib/python3.12/site-packages/airflow/example_dags/example_xcomargs.py                                                                  2           0  0.08s           2025-04-06T04:14:58                      13
/home/airflow/.local/lib/python3.12/site-packages/airflow/example_dags/plugins/decreasing_priority_weight_strategy.py                                       0           0  0.05s           2025-04-06T04:14:59                       3
/home/airflow/.local/lib/python3.12/site-packages/airflow/example_dags/subdags/subdag.py                                                                    0           0  0.04s           2025-04-06T04:14:59                       3
/home/airflow/.local/lib/python3.12/site-packages/airflow/example_dags/plugins/workday.py                                                                   0           0  0.04s           2025-04-06T04:14:58                       3
/home/airflow/.local/lib/python3.12/site-packages/airflow/example_dags/plugins/event_listener.py                                                            0           0  0.04s           2025-04-06T04:14:58                       3
/home/airflow/.local/lib/python3.12/site-packages/airflow/example_dags/plugins/listener_plugin.py                                                           0           0  0.03s           2025-04-06T04:14:58                       3
================================================================================
[2025-04-06T04:15:54.680+0000] {manager.py:997} INFO - 
================================================================================
DAG File Processing Stats

File Path                                                                                                                            PID  Runtime      # DAGs    # Errors  Last Runtime    Last Run               Last # of DB Queries
---------------------------------------------------------------------------------------------------------------------------------  -----  ---------  --------  ----------  --------------  -------------------  ----------------------
/home/airflow/.local/lib/python3.12/site-packages/airflow/example_dags/example_dataset_alias.py                                                             4           0  1.01s           2025-04-06T04:15:29                      27
/home/airflow/.local/lib/python3.12/site-packages/airflow/example_dags/example_inlet_event_extra.py                                                         2           0  0.98s           2025-04-06T04:15:29                      15
/home/airflow/.local/lib/python3.12/site-packages/airflow/example_dags/example_datasets.py                                                                 10           0  0.59s           2025-04-06T04:15:25                      49
/home/airflow/.local/lib/python3.12/site-packages/airflow/example_dags/example_dataset_alias_with_no_taskflow.py                                            4           0  0.57s           2025-04-06T04:15:31                      27
/home/airflow/.local/lib/python3.12/site-packages/airflow/example_dags/example_outlet_event_extra.py                                                        3           0  0.56s           2025-04-06T04:15:51                      19
/home/airflow/.local/lib/python3.12/site-packages/airflow/example_dags/example_dag_decorator.py                                                             1           0  0.41s           2025-04-06T04:15:45                      32
/home/airflow/.local/lib/python3.12/site-packages/airflow/example_dags/tutorial_taskflow_templates.py                                                       1           0  0.15s           2025-04-06T04:15:40                      12
/home/airflow/.local/lib/python3.12/site-packages/airflow/example_dags/example_workday_timetable.py                                                         1           0  0.14s           2025-04-06T04:15:47                      12
/home/airflow/.local/lib/python3.12/site-packages/airflow/example_dags/example_complex.py                                                                   1           0  0.13s           2025-04-06T04:15:40                      10
/home/airflow/.local/lib/python3.12/site-packages/airflow/example_dags/example_dynamic_task_mapping.py                                                      1           0  0.12s           2025-04-06T04:15:46                      10
/home/airflow/.local/lib/python3.12/site-packages/airflow/example_dags/example_subdag_operator.py                                                           3           0  0.12s           2025-04-06T04:15:49                      20
/home/airflow/.local/lib/python3.12/site-packages/airflow/example_dags/example_branch_labels.py                                                             1           0  0.12s           2025-04-06T04:15:46                      12
/home/airflow/.local/lib/python3.12/site-packages/airflow/example_dags/example_xcomargs.py                                                                  2           0  0.12s           2025-04-06T04:15:29                      13
/home/airflow/.local/lib/python3.12/site-packages/airflow/example_dags/example_python_operator.py                                                           1           0  0.11s           2025-04-06T04:15:30                      10
/home/airflow/.local/lib/python3.12/site-packages/airflow/example_dags/example_branch_datetime_operator.py                                                  3           0  0.11s           2025-04-06T04:15:47                      18
/home/airflow/.local/lib/python3.12/site-packages/airflow/example_dags/example_trigger_controller_dag.py                                                    1           0  0.11s           2025-04-06T04:15:47                      12
/home/airflow/.local/lib/python3.12/site-packages/airflow/example_dags/example_nested_branch_dag.py                                                         1           0  0.11s           2025-04-06T04:15:39                      12
/home/airflow/.local/lib/python3.12/site-packages/airflow/example_dags/example_sla_dag.py                                                                   1           0  0.11s           2025-04-06T04:15:40                      12
/home/airflow/.local/lib/python3.12/site-packages/airflow/example_dags/example_passing_params_via_test_command.py                   2706  0.09s             1           0  0.11s           2025-04-06T04:15:24                      12
/home/airflow/.local/lib/python3.12/site-packages/airflow/example_dags/example_params_trigger_ui.py                                                         1           0  0.11s           2025-04-06T04:15:49                      10
/home/airflow/.local/lib/python3.12/site-packages/airflow/example_dags/example_latest_only.py                                                               1           0  0.11s           2025-04-06T04:15:38                      12
/home/airflow/.local/lib/python3.12/site-packages/airflow/example_dags/tutorial_taskflow_api_virtualenv.py                                                  1           0  0.11s           2025-04-06T04:15:29                      10
/home/airflow/.local/lib/python3.12/site-packages/airflow/example_dags/example_display_name.py                                                              1           0  0.11s           2025-04-06T04:15:30                      10
/home/airflow/.local/lib/python3.12/site-packages/airflow/example_dags/example_params_ui_tutorial.py                                                        1           0  0.11s           2025-04-06T04:15:47                      10
/home/airflow/.local/lib/python3.12/site-packages/airflow/example_dags/example_branch_operator.py                                                           1           0  0.11s           2025-04-06T04:15:47                      12
/home/airflow/.local/lib/python3.12/site-packages/airflow/example_dags/example_bash_operator.py                                                             1           0  0.10s           2025-04-06T04:15:47                      12
/home/airflow/.local/lib/python3.12/site-packages/airflow/example_dags/example_branch_day_of_week_operator.py                                               1           0  0.10s           2025-04-06T04:15:52                      12
/home/airflow/.local/lib/python3.12/site-packages/airflow/example_dags/example_branch_operator_decorator.py                                                 1           0  0.10s           2025-04-06T04:15:45                      12
/home/airflow/.local/lib/python3.12/site-packages/airflow/example_dags/example_skip_dag.py                                                                  1           0  0.10s           2025-04-06T04:15:45                      12
/home/airflow/.local/lib/python3.12/site-packages/airflow/example_dags/example_local_kubernetes_executor.py                                                 1           0  0.10s           2025-04-06T04:15:30                      10
/home/airflow/.local/lib/python3.12/site-packages/airflow/example_dags/example_bash_decorator.py                                                            1           0  0.10s           2025-04-06T04:15:53                      10
/home/airflow/.local/lib/python3.12/site-packages/airflow/example_dags/tutorial.py                                                                          1           0  0.10s           2025-04-06T04:15:49                      12
/home/airflow/.local/lib/python3.12/site-packages/airflow/example_dags/example_short_circuit_decorator.py                                                   1           0  0.09s           2025-04-06T04:15:41                      10
/home/airflow/.local/lib/python3.12/site-packages/airflow/example_dags/example_setup_teardown_taskflow.py                                                   1           0  0.09s           2025-04-06T04:15:39                      10
/home/airflow/.local/lib/python3.12/site-packages/airflow/example_dags/example_latest_only_with_trigger.py                          2707  0.08s             1           0  0.09s           2025-04-06T04:15:24                      12
/home/airflow/.local/lib/python3.12/site-packages/airflow/example_dags/example_external_task_marker_dag.py                                                  2           0  0.09s           2025-04-06T04:15:47                      13
/home/airflow/.local/lib/python3.12/site-packages/airflow/example_dags/example_sensor_decorator.py                                                          1           0  0.09s           2025-04-06T04:15:41                      10
/home/airflow/.local/lib/python3.12/site-packages/airflow/example_dags/example_branch_python_dop_operator_3.py                                              1           0  0.09s           2025-04-06T04:15:49                      12
/home/airflow/.local/lib/python3.12/site-packages/airflow/example_dags/example_sensors.py                                                                   1           0  0.09s           2025-04-06T04:15:47                      10
/home/airflow/.local/lib/python3.12/site-packages/airflow/example_dags/example_task_group_decorator.py                                                      1           0  0.09s           2025-04-06T04:15:45                      10
/home/airflow/.local/lib/python3.12/site-packages/airflow/example_dags/example_task_group.py                                                                1           0  0.09s           2025-04-06T04:15:45                      10
/home/airflow/.local/lib/python3.12/site-packages/airflow/example_dags/example_dynamic_task_mapping_with_no_taskflow_operators.py                           1           0  0.09s           2025-04-06T04:15:46                      10
/home/airflow/.local/lib/python3.12/site-packages/airflow/example_dags/example_python_decorator.py                                                          1           0  0.09s           2025-04-06T04:15:45                      10
/home/airflow/.local/lib/python3.12/site-packages/airflow/example_dags/example_short_circuit_operator.py                                                    1           0  0.09s           2025-04-06T04:15:53                      10
/home/airflow/.local/lib/python3.12/site-packages/airflow/example_dags/example_xcom.py                                                                      1           0  0.08s           2025-04-06T04:15:45                      12
/home/airflow/.local/lib/python3.12/site-packages/airflow/example_dags/example_kubernetes_executor.py                                                       1           0  0.08s           2025-04-06T04:15:45                      10
/home/airflow/.local/lib/python3.12/site-packages/airflow/example_dags/example_time_delta_sensor_async.py                                                   1           0  0.08s           2025-04-06T04:15:50                      10
/home/airflow/.local/lib/python3.12/site-packages/airflow/example_dags/tutorial_dag.py                                                                      1           0  0.08s           2025-04-06T04:15:50                      10
/home/airflow/.local/lib/python3.12/site-packages/airflow/example_dags/tutorial_taskflow_api.py                                                             1           0  0.08s           2025-04-06T04:15:47                      10
/home/airflow/.local/lib/python3.12/site-packages/airflow/example_dags/example_trigger_target_dag.py                                                        1           0  0.08s           2025-04-06T04:15:41                      10
/home/airflow/.local/lib/python3.12/site-packages/airflow/example_dags/example_setup_teardown.py                                                            1           0  0.08s           2025-04-06T04:15:41                      10
/home/airflow/.local/lib/python3.12/site-packages/airflow/example_dags/tutorial_objectstorage.py                                                            1           0  0.08s           2025-04-06T04:15:39                      10
/home/airflow/.local/lib/python3.12/site-packages/airflow/example_dags/subdags/subdag.py                                                                    0           0  0.05s           2025-04-06T04:15:30                       3
/home/airflow/.local/lib/python3.12/site-packages/airflow/example_dags/plugins/workday.py                                                                   0           0  0.04s           2025-04-06T04:15:30                       3
/home/airflow/.local/lib/python3.12/site-packages/airflow/example_dags/plugins/listener_plugin.py                                                           0           0  0.04s           2025-04-06T04:15:30                       3
/home/airflow/.local/lib/python3.12/site-packages/airflow/example_dags/plugins/decreasing_priority_weight_strategy.py                                       0           0  0.04s           2025-04-06T04:15:30                       3
/home/airflow/.local/lib/python3.12/site-packages/airflow/example_dags/plugins/event_listener.py                                                            0           0  0.03s           2025-04-06T04:15:30                       3
================================================================================
[2025-04-06T04:16:25.346+0000] {manager.py:997} INFO - 
================================================================================
DAG File Processing Stats

File Path                                                                                                                            PID  Runtime      # DAGs    # Errors  Last Runtime    Last Run               Last # of DB Queries
---------------------------------------------------------------------------------------------------------------------------------  -----  ---------  --------  ----------  --------------  -------------------  ----------------------
/home/airflow/.local/lib/python3.12/site-packages/airflow/example_dags/example_inlet_event_extra.py                                                         2           0  0.69s           2025-04-06T04:16:01                      15
/home/airflow/.local/lib/python3.12/site-packages/airflow/example_dags/example_datasets.py                                                                 10           0  0.69s           2025-04-06T04:15:57                      49
/home/airflow/.local/lib/python3.12/site-packages/airflow/example_dags/example_dataset_alias_with_no_taskflow.py                                            4           0  0.68s           2025-04-06T04:16:03                      27
/home/airflow/.local/lib/python3.12/site-packages/airflow/example_dags/example_dataset_alias.py                                                             4           0  0.67s           2025-04-06T04:16:01                      27
/home/airflow/.local/lib/python3.12/site-packages/airflow/example_dags/example_outlet_event_extra.py                                                        3           0  0.59s           2025-04-06T04:16:22                      19
/home/airflow/.local/lib/python3.12/site-packages/airflow/example_dags/example_dag_decorator.py                                                             1           0  0.50s           2025-04-06T04:16:16                      32
/home/airflow/.local/lib/python3.12/site-packages/airflow/example_dags/example_task_group_decorator.py                                                      1           0  0.17s           2025-04-06T04:16:16                      10
/home/airflow/.local/lib/python3.12/site-packages/airflow/example_dags/example_sensors.py                                                                   1           0  0.15s           2025-04-06T04:16:18                      10
/home/airflow/.local/lib/python3.12/site-packages/airflow/example_dags/example_subdag_operator.py                                                           3           0  0.14s           2025-04-06T04:16:20                      20
/home/airflow/.local/lib/python3.12/site-packages/airflow/example_dags/example_nested_branch_dag.py                                                         1           0  0.13s           2025-04-06T04:16:09                      12
/home/airflow/.local/lib/python3.12/site-packages/airflow/example_dags/example_workday_timetable.py                                                         1           0  0.13s           2025-04-06T04:16:17                      12
/home/airflow/.local/lib/python3.12/site-packages/airflow/example_dags/example_skip_dag.py                                                                  1           0  0.13s           2025-04-06T04:16:15                      12
/home/airflow/.local/lib/python3.12/site-packages/airflow/example_dags/example_external_task_marker_dag.py                                                  2           0  0.13s           2025-04-06T04:16:18                      13
/home/airflow/.local/lib/python3.12/site-packages/airflow/example_dags/example_branch_datetime_operator.py                                                  3           0  0.13s           2025-04-06T04:16:17                      18
/home/airflow/.local/lib/python3.12/site-packages/airflow/example_dags/example_branch_operator_decorator.py                                                 1           0  0.12s           2025-04-06T04:16:16                      12
/home/airflow/.local/lib/python3.12/site-packages/airflow/example_dags/example_params_ui_tutorial.py                                                        1           0  0.12s           2025-04-06T04:16:17                      10
/home/airflow/.local/lib/python3.12/site-packages/airflow/example_dags/example_xcom.py                                                                      1           0  0.12s           2025-04-06T04:16:16                      12
/home/airflow/.local/lib/python3.12/site-packages/airflow/example_dags/example_branch_day_of_week_operator.py                                               1           0  0.12s           2025-04-06T04:16:23                      12
/home/airflow/.local/lib/python3.12/site-packages/airflow/example_dags/example_bash_operator.py                                                             1           0  0.12s           2025-04-06T04:16:17                      12
/home/airflow/.local/lib/python3.12/site-packages/airflow/example_dags/example_complex.py                                                                   1           0  0.11s           2025-04-06T04:16:10                      10
/home/airflow/.local/lib/python3.12/site-packages/airflow/example_dags/tutorial.py                                                                          1           0  0.11s           2025-04-06T04:16:20                      12
/home/airflow/.local/lib/python3.12/site-packages/airflow/example_dags/example_kubernetes_executor.py                                                       1           0  0.11s           2025-04-06T04:16:15                      10
/home/airflow/.local/lib/python3.12/site-packages/airflow/example_dags/example_branch_operator.py                                                           1           0  0.11s           2025-04-06T04:16:18                      12
/home/airflow/.local/lib/python3.12/site-packages/airflow/example_dags/tutorial_taskflow_templates.py                                                       1           0  0.11s           2025-04-06T04:16:10                      12
/home/airflow/.local/lib/python3.12/site-packages/airflow/example_dags/example_passing_params_via_test_command.py                   2769  0.08s             1           0  0.11s           2025-04-06T04:15:54                      12
/home/airflow/.local/lib/python3.12/site-packages/airflow/example_dags/example_setup_teardown_taskflow.py                                                   1           0  0.11s           2025-04-06T04:16:09                      10
/home/airflow/.local/lib/python3.12/site-packages/airflow/example_dags/example_latest_only_with_trigger.py                          2770  0.08s             1           0  0.11s           2025-04-06T04:15:54                      12
/home/airflow/.local/lib/python3.12/site-packages/airflow/example_dags/tutorial_taskflow_api.py                                                             1           0  0.11s           2025-04-06T04:16:17                      10
/home/airflow/.local/lib/python3.12/site-packages/airflow/example_dags/example_time_delta_sensor_async.py                                                   1           0  0.11s           2025-04-06T04:16:21                      10
/home/airflow/.local/lib/python3.12/site-packages/airflow/example_dags/example_task_group.py                                                                1           0  0.11s           2025-04-06T04:16:15                      10
/home/airflow/.local/lib/python3.12/site-packages/airflow/example_dags/tutorial_dag.py                                                                      1           0  0.11s           2025-04-06T04:16:21                      10
/home/airflow/.local/lib/python3.12/site-packages/airflow/example_dags/example_dynamic_task_mapping_with_no_taskflow_operators.py                           1           0  0.11s           2025-04-06T04:16:16                      10
/home/airflow/.local/lib/python3.12/site-packages/airflow/example_dags/example_sla_dag.py                                                                   1           0  0.10s           2025-04-06T04:16:10                      12
/home/airflow/.local/lib/python3.12/site-packages/airflow/example_dags/example_branch_labels.py                                                             1           0  0.10s           2025-04-06T04:16:16                      12
/home/airflow/.local/lib/python3.12/site-packages/airflow/example_dags/example_short_circuit_decorator.py                                                   1           0  0.10s           2025-04-06T04:16:11                      10
/home/airflow/.local/lib/python3.12/site-packages/airflow/example_dags/example_python_decorator.py                                                          1           0  0.10s           2025-04-06T04:16:16                      10
/home/airflow/.local/lib/python3.12/site-packages/airflow/example_dags/example_trigger_controller_dag.py                                                    1           0  0.10s           2025-04-06T04:16:18                      12
/home/airflow/.local/lib/python3.12/site-packages/airflow/example_dags/example_sensor_decorator.py                                                          1           0  0.10s           2025-04-06T04:16:11                      10
/home/airflow/.local/lib/python3.12/site-packages/airflow/example_dags/example_params_trigger_ui.py                                                         1           0  0.10s           2025-04-06T04:16:20                      10
/home/airflow/.local/lib/python3.12/site-packages/airflow/example_dags/example_latest_only.py                                                               1           0  0.10s           2025-04-06T04:16:08                      12
/home/airflow/.local/lib/python3.12/site-packages/airflow/example_dags/example_bash_decorator.py                                                            1           0  0.10s           2025-04-06T04:16:24                      10
/home/airflow/.local/lib/python3.12/site-packages/airflow/example_dags/example_setup_teardown.py                                                            1           0  0.09s           2025-04-06T04:16:12                      10
/home/airflow/.local/lib/python3.12/site-packages/airflow/example_dags/example_branch_python_dop_operator_3.py                                              1           0  0.09s           2025-04-06T04:16:20                      12
/home/airflow/.local/lib/python3.12/site-packages/airflow/example_dags/example_trigger_target_dag.py                                                        1           0  0.09s           2025-04-06T04:16:12                      10
/home/airflow/.local/lib/python3.12/site-packages/airflow/example_dags/tutorial_taskflow_api_virtualenv.py                                                  1           0  0.09s           2025-04-06T04:16:01                      10
/home/airflow/.local/lib/python3.12/site-packages/airflow/example_dags/example_xcomargs.py                                                                  2           0  0.09s           2025-04-06T04:16:01                      13
/home/airflow/.local/lib/python3.12/site-packages/airflow/example_dags/example_python_operator.py                                                           1           0  0.09s           2025-04-06T04:16:01                      10
/home/airflow/.local/lib/python3.12/site-packages/airflow/example_dags/example_short_circuit_operator.py                                                    1           0  0.08s           2025-04-06T04:16:24                      10
/home/airflow/.local/lib/python3.12/site-packages/airflow/example_dags/tutorial_objectstorage.py                                                            1           0  0.08s           2025-04-06T04:16:09                      10
/home/airflow/.local/lib/python3.12/site-packages/airflow/example_dags/example_local_kubernetes_executor.py                                                 1           0  0.08s           2025-04-06T04:16:01                      10
/home/airflow/.local/lib/python3.12/site-packages/airflow/example_dags/example_display_name.py                                                              1           0  0.08s           2025-04-06T04:16:01                      10
/home/airflow/.local/lib/python3.12/site-packages/airflow/example_dags/example_dynamic_task_mapping.py                                                      1           0  0.08s           2025-04-06T04:16:16                      10
/home/airflow/.local/lib/python3.12/site-packages/airflow/example_dags/plugins/listener_plugin.py                                                           0           0  0.04s           2025-04-06T04:16:01                       3
/home/airflow/.local/lib/python3.12/site-packages/airflow/example_dags/plugins/workday.py                                                                   0           0  0.04s           2025-04-06T04:16:01                       3
/home/airflow/.local/lib/python3.12/site-packages/airflow/example_dags/plugins/decreasing_priority_weight_strategy.py                                       0           0  0.04s           2025-04-06T04:16:01                       3
/home/airflow/.local/lib/python3.12/site-packages/airflow/example_dags/plugins/event_listener.py                                                            0           0  0.03s           2025-04-06T04:16:01                       3
/home/airflow/.local/lib/python3.12/site-packages/airflow/example_dags/subdags/subdag.py                                                                    0           0  0.03s           2025-04-06T04:16:01                       3
================================================================================
[2025-04-06T04:16:55.960+0000] {manager.py:997} INFO - 
================================================================================
DAG File Processing Stats

File Path                                                                                                                            PID  Runtime      # DAGs    # Errors  Last Runtime    Last Run               Last # of DB Queries
---------------------------------------------------------------------------------------------------------------------------------  -----  ---------  --------  ----------  --------------  -------------------  ----------------------
/home/airflow/.local/lib/python3.12/site-packages/airflow/example_dags/example_datasets.py                                                                 10           0  0.64s           2025-04-06T04:16:29                      49
/home/airflow/.local/lib/python3.12/site-packages/airflow/example_dags/example_dataset_alias.py                                                             4           0  0.64s           2025-04-06T04:16:32                      27
/home/airflow/.local/lib/python3.12/site-packages/airflow/example_dags/example_inlet_event_extra.py                                                         2           0  0.64s           2025-04-06T04:16:32                      15
/home/airflow/.local/lib/python3.12/site-packages/airflow/example_dags/example_dataset_alias_with_no_taskflow.py                                            4           0  0.53s           2025-04-06T04:16:33                      27
/home/airflow/.local/lib/python3.12/site-packages/airflow/example_dags/example_outlet_event_extra.py                                                        3           0  0.50s           2025-04-06T04:16:53                      19
/home/airflow/.local/lib/python3.12/site-packages/airflow/example_dags/example_dag_decorator.py                                                             1           0  0.40s           2025-04-06T04:16:47                      32
/home/airflow/.local/lib/python3.12/site-packages/airflow/example_dags/example_workday_timetable.py                                                         1           0  0.32s           2025-04-06T04:16:48                      12
/home/airflow/.local/lib/python3.12/site-packages/airflow/example_dags/example_params_ui_tutorial.py                                                        1           0  0.30s           2025-04-06T04:16:48                      10
/home/airflow/.local/lib/python3.12/site-packages/airflow/example_dags/example_subdag_operator.py                                                           3           0  0.12s           2025-04-06T04:16:50                      20
/home/airflow/.local/lib/python3.12/site-packages/airflow/example_dags/example_skip_dag.py                                                                  1           0  0.12s           2025-04-06T04:16:47                      12
/home/airflow/.local/lib/python3.12/site-packages/airflow/example_dags/example_sla_dag.py                                                                   1           0  0.11s           2025-04-06T04:16:41                      12
/home/airflow/.local/lib/python3.12/site-packages/airflow/example_dags/example_setup_teardown.py                                                            1           0  0.11s           2025-04-06T04:16:42                      10
/home/airflow/.local/lib/python3.12/site-packages/airflow/example_dags/example_latest_only.py                                                               1           0  0.11s           2025-04-06T04:16:39                      12
/home/airflow/.local/lib/python3.12/site-packages/airflow/example_dags/example_branch_operator_decorator.py                                                 1           0  0.10s           2025-04-06T04:16:47                      12
/home/airflow/.local/lib/python3.12/site-packages/airflow/example_dags/example_bash_decorator.py                                                            1           0  0.10s           2025-04-06T04:16:54                      10
/home/airflow/.local/lib/python3.12/site-packages/airflow/example_dags/example_nested_branch_dag.py                                                         1           0  0.10s           2025-04-06T04:16:40                      12
/home/airflow/.local/lib/python3.12/site-packages/airflow/example_dags/example_passing_params_via_test_command.py                   2832  0.02s             1           0  0.10s           2025-04-06T04:16:25                      12
/home/airflow/.local/lib/python3.12/site-packages/airflow/example_dags/example_trigger_target_dag.py                                                        1           0  0.10s           2025-04-06T04:16:42                      10
/home/airflow/.local/lib/python3.12/site-packages/airflow/example_dags/example_branch_datetime_operator.py                                                  3           0  0.10s           2025-04-06T04:16:47                      18
/home/airflow/.local/lib/python3.12/site-packages/airflow/example_dags/example_branch_operator.py                                                           1           0  0.10s           2025-04-06T04:16:48                      12
/home/airflow/.local/lib/python3.12/site-packages/airflow/example_dags/example_params_trigger_ui.py                                                         1           0  0.10s           2025-04-06T04:16:50                      10
/home/airflow/.local/lib/python3.12/site-packages/airflow/example_dags/example_bash_operator.py                                                             1           0  0.10s           2025-04-06T04:16:47                      12
/home/airflow/.local/lib/python3.12/site-packages/airflow/example_dags/example_short_circuit_decorator.py                                                   1           0  0.09s           2025-04-06T04:16:42                      10
/home/airflow/.local/lib/python3.12/site-packages/airflow/example_dags/tutorial.py                                                                          1           0  0.09s           2025-04-06T04:16:50                      12
/home/airflow/.local/lib/python3.12/site-packages/airflow/example_dags/tutorial_taskflow_api.py                                                             1           0  0.09s           2025-04-06T04:16:48                      10
/home/airflow/.local/lib/python3.12/site-packages/airflow/example_dags/example_complex.py                                                                   1           0  0.09s           2025-04-06T04:16:41                      10
/home/airflow/.local/lib/python3.12/site-packages/airflow/example_dags/example_latest_only_with_trigger.py                          2833  0.01s             1           0  0.09s           2025-04-06T04:16:25                      12
/home/airflow/.local/lib/python3.12/site-packages/airflow/example_dags/example_branch_labels.py                                                             1           0  0.09s           2025-04-06T04:16:47                      12
/home/airflow/.local/lib/python3.12/site-packages/airflow/example_dags/tutorial_dag.py                                                                      1           0  0.09s           2025-04-06T04:16:51                      10
/home/airflow/.local/lib/python3.12/site-packages/airflow/example_dags/example_python_decorator.py                                                          1           0  0.09s           2025-04-06T04:16:47                      10
/home/airflow/.local/lib/python3.12/site-packages/airflow/example_dags/example_dynamic_task_mapping.py                                                      1           0  0.09s           2025-04-06T04:16:47                      10
/home/airflow/.local/lib/python3.12/site-packages/airflow/example_dags/example_time_delta_sensor_async.py                                                   1           0  0.09s           2025-04-06T04:16:51                      10
/home/airflow/.local/lib/python3.12/site-packages/airflow/example_dags/example_branch_python_dop_operator_3.py                                              1           0  0.09s           2025-04-06T04:16:50                      12
/home/airflow/.local/lib/python3.12/site-packages/airflow/example_dags/example_branch_day_of_week_operator.py                                               1           0  0.09s           2025-04-06T04:16:53                      12
/home/airflow/.local/lib/python3.12/site-packages/airflow/example_dags/tutorial_taskflow_templates.py                                                       1           0  0.09s           2025-04-06T04:16:41                      12
/home/airflow/.local/lib/python3.12/site-packages/airflow/example_dags/example_short_circuit_operator.py                                                    1           0  0.09s           2025-04-06T04:16:54                      10
/home/airflow/.local/lib/python3.12/site-packages/airflow/example_dags/example_local_kubernetes_executor.py                                                 1           0  0.09s           2025-04-06T04:16:32                      10
/home/airflow/.local/lib/python3.12/site-packages/airflow/example_dags/example_xcomargs.py                                                                  2           0  0.09s           2025-04-06T04:16:32                      13
/home/airflow/.local/lib/python3.12/site-packages/airflow/example_dags/example_python_operator.py                                                           1           0  0.09s           2025-04-06T04:16:32                      10
/home/airflow/.local/lib/python3.12/site-packages/airflow/example_dags/example_setup_teardown_taskflow.py                                                   1           0  0.09s           2025-04-06T04:16:40                      10
/home/airflow/.local/lib/python3.12/site-packages/airflow/example_dags/example_xcom.py                                                                      1           0  0.09s           2025-04-06T04:16:47                      12
/home/airflow/.local/lib/python3.12/site-packages/airflow/example_dags/example_task_group_decorator.py                                                      1           0  0.08s           2025-04-06T04:16:47                      10
/home/airflow/.local/lib/python3.12/site-packages/airflow/example_dags/tutorial_taskflow_api_virtualenv.py                                                  1           0  0.08s           2025-04-06T04:16:32                      10
/home/airflow/.local/lib/python3.12/site-packages/airflow/example_dags/example_external_task_marker_dag.py                                                  2           0  0.08s           2025-04-06T04:16:48                      13
/home/airflow/.local/lib/python3.12/site-packages/airflow/example_dags/example_display_name.py                                                              1           0  0.08s           2025-04-06T04:16:32                      10
/home/airflow/.local/lib/python3.12/site-packages/airflow/example_dags/example_dynamic_task_mapping_with_no_taskflow_operators.py                           1           0  0.08s           2025-04-06T04:16:47                      10
/home/airflow/.local/lib/python3.12/site-packages/airflow/example_dags/example_sensor_decorator.py                                                          1           0  0.08s           2025-04-06T04:16:42                      10
/home/airflow/.local/lib/python3.12/site-packages/airflow/example_dags/example_kubernetes_executor.py                                                       1           0  0.08s           2025-04-06T04:16:47                      10
/home/airflow/.local/lib/python3.12/site-packages/airflow/example_dags/example_sensors.py                                                                   1           0  0.08s           2025-04-06T04:16:48                      10
/home/airflow/.local/lib/python3.12/site-packages/airflow/example_dags/example_trigger_controller_dag.py                                                    1           0  0.08s           2025-04-06T04:16:48                      12
/home/airflow/.local/lib/python3.12/site-packages/airflow/example_dags/example_task_group.py                                                                1           0  0.08s           2025-04-06T04:16:47                      10
/home/airflow/.local/lib/python3.12/site-packages/airflow/example_dags/tutorial_objectstorage.py                                                            1           0  0.07s           2025-04-06T04:16:40                      10
/home/airflow/.local/lib/python3.12/site-packages/airflow/example_dags/plugins/event_listener.py                                                            0           0  0.04s           2025-04-06T04:16:32                       3
/home/airflow/.local/lib/python3.12/site-packages/airflow/example_dags/plugins/listener_plugin.py                                                           0           0  0.04s           2025-04-06T04:16:32                       3
/home/airflow/.local/lib/python3.12/site-packages/airflow/example_dags/plugins/workday.py                                                                   0           0  0.04s           2025-04-06T04:16:32                       3
/home/airflow/.local/lib/python3.12/site-packages/airflow/example_dags/subdags/subdag.py                                                                    0           0  0.04s           2025-04-06T04:16:32                       3
/home/airflow/.local/lib/python3.12/site-packages/airflow/example_dags/plugins/decreasing_priority_weight_strategy.py                                       0           0  0.04s           2025-04-06T04:16:32                       3
================================================================================
[2025-04-06T04:17:26.584+0000] {manager.py:997} INFO - 
================================================================================
DAG File Processing Stats

File Path                                                                                                                            PID  Runtime      # DAGs    # Errors  Last Runtime    Last Run               Last # of DB Queries
---------------------------------------------------------------------------------------------------------------------------------  -----  ---------  --------  ----------  --------------  -------------------  ----------------------
/home/airflow/.local/lib/python3.12/site-packages/airflow/example_dags/example_dataset_alias.py                                                             4           0  0.63s           2025-04-06T04:17:02                      27
/home/airflow/.local/lib/python3.12/site-packages/airflow/example_dags/example_inlet_event_extra.py                                                         2           0  0.62s           2025-04-06T04:17:02                      15
/home/airflow/.local/lib/python3.12/site-packages/airflow/example_dags/example_datasets.py                                                                 10           0  0.58s           2025-04-06T04:16:59                      49
/home/airflow/.local/lib/python3.12/site-packages/airflow/example_dags/example_outlet_event_extra.py                                                        3           0  0.56s           2025-04-06T04:17:24                      19
/home/airflow/.local/lib/python3.12/site-packages/airflow/example_dags/example_dataset_alias_with_no_taskflow.py                                            4           0  0.52s           2025-04-06T04:17:04                      27
/home/airflow/.local/lib/python3.12/site-packages/airflow/example_dags/example_dag_decorator.py                                                             1           0  0.38s           2025-04-06T04:17:17                      32
/home/airflow/.local/lib/python3.12/site-packages/airflow/example_dags/example_passing_params_via_test_command.py                   2895  0.10s             1           0  0.15s           2025-04-06T04:16:56                      12
/home/airflow/.local/lib/python3.12/site-packages/airflow/example_dags/example_subdag_operator.py                                                           3           0  0.12s           2025-04-06T04:17:21                      20
/home/airflow/.local/lib/python3.12/site-packages/airflow/example_dags/example_workday_timetable.py                                                         1           0  0.12s           2025-04-06T04:17:19                      12
/home/airflow/.local/lib/python3.12/site-packages/airflow/example_dags/example_bash_decorator.py                                                            1           0  0.11s           2025-04-06T04:17:25                      10
/home/airflow/.local/lib/python3.12/site-packages/airflow/example_dags/tutorial_dag.py                                                                      1           0  0.11s           2025-04-06T04:17:22                      10
/home/airflow/.local/lib/python3.12/site-packages/airflow/example_dags/example_branch_day_of_week_operator.py                                               1           0  0.11s           2025-04-06T04:17:24                      12
/home/airflow/.local/lib/python3.12/site-packages/airflow/example_dags/example_branch_operator_decorator.py                                                 1           0  0.11s           2025-04-06T04:17:17                      12
/home/airflow/.local/lib/python3.12/site-packages/airflow/example_dags/example_nested_branch_dag.py                                                         1           0  0.10s           2025-04-06T04:17:10                      12
/home/airflow/.local/lib/python3.12/site-packages/airflow/example_dags/example_python_decorator.py                                                          1           0  0.10s           2025-04-06T04:17:17                      10
/home/airflow/.local/lib/python3.12/site-packages/airflow/example_dags/tutorial_taskflow_templates.py                                                       1           0  0.10s           2025-04-06T04:17:11                      12
/home/airflow/.local/lib/python3.12/site-packages/airflow/example_dags/example_complex.py                                                                   1           0  0.10s           2025-04-06T04:17:11                      10
/home/airflow/.local/lib/python3.12/site-packages/airflow/example_dags/example_branch_operator.py                                                           1           0  0.10s           2025-04-06T04:17:19                      12
/home/airflow/.local/lib/python3.12/site-packages/airflow/example_dags/example_params_trigger_ui.py                                                         1           0  0.10s           2025-04-06T04:17:21                      10
/home/airflow/.local/lib/python3.12/site-packages/airflow/example_dags/example_params_ui_tutorial.py                                                        1           0  0.10s           2025-04-06T04:17:19                      10
/home/airflow/.local/lib/python3.12/site-packages/airflow/example_dags/example_branch_datetime_operator.py                                                  3           0  0.10s           2025-04-06T04:17:18                      18
/home/airflow/.local/lib/python3.12/site-packages/airflow/example_dags/example_skip_dag.py                                                                  1           0  0.10s           2025-04-06T04:17:17                      12
/home/airflow/.local/lib/python3.12/site-packages/airflow/example_dags/example_short_circuit_decorator.py                                                   1           0  0.09s           2025-04-06T04:17:12                      10
/home/airflow/.local/lib/python3.12/site-packages/airflow/example_dags/example_sensor_decorator.py                                                          1           0  0.09s           2025-04-06T04:17:12                      10
/home/airflow/.local/lib/python3.12/site-packages/airflow/example_dags/example_bash_operator.py                                                             1           0  0.09s           2025-04-06T04:17:18                      12
/home/airflow/.local/lib/python3.12/site-packages/airflow/example_dags/example_branch_labels.py                                                             1           0  0.09s           2025-04-06T04:17:18                      12
/home/airflow/.local/lib/python3.12/site-packages/airflow/example_dags/example_dynamic_task_mapping_with_no_taskflow_operators.py                           1           0  0.09s           2025-04-06T04:17:17                      10
/home/airflow/.local/lib/python3.12/site-packages/airflow/example_dags/example_branch_python_dop_operator_3.py                                              1           0  0.09s           2025-04-06T04:17:21                      12
/home/airflow/.local/lib/python3.12/site-packages/airflow/example_dags/tutorial.py                                                                          1           0  0.09s           2025-04-06T04:17:21                      12
/home/airflow/.local/lib/python3.12/site-packages/airflow/example_dags/example_kubernetes_executor.py                                                       1           0  0.09s           2025-04-06T04:17:17                      10
/home/airflow/.local/lib/python3.12/site-packages/airflow/example_dags/example_python_operator.py                                                           1           0  0.09s           2025-04-06T04:17:02                      10
/home/airflow/.local/lib/python3.12/site-packages/airflow/example_dags/example_setup_teardown_taskflow.py                                                   1           0  0.09s           2025-04-06T04:17:10                      10
/home/airflow/.local/lib/python3.12/site-packages/airflow/example_dags/example_time_delta_sensor_async.py                                                   1           0  0.09s           2025-04-06T04:17:22                      10
/home/airflow/.local/lib/python3.12/site-packages/airflow/example_dags/example_xcomargs.py                                                                  2           0  0.09s           2025-04-06T04:17:02                      13
/home/airflow/.local/lib/python3.12/site-packages/airflow/example_dags/example_latest_only.py                                                               1           0  0.09s           2025-04-06T04:17:09                      12
/home/airflow/.local/lib/python3.12/site-packages/airflow/example_dags/example_sla_dag.py                                                                   1           0  0.09s           2025-04-06T04:17:11                      12
/home/airflow/.local/lib/python3.12/site-packages/airflow/example_dags/example_task_group_decorator.py                                                      1           0  0.09s           2025-04-06T04:17:17                      10
/home/airflow/.local/lib/python3.12/site-packages/airflow/example_dags/example_latest_only_with_trigger.py                                                  1           0  0.09s           2025-04-06T04:17:26                      12
/home/airflow/.local/lib/python3.12/site-packages/airflow/example_dags/example_xcom.py                                                                      1           0  0.08s           2025-04-06T04:17:17                      12
/home/airflow/.local/lib/python3.12/site-packages/airflow/example_dags/example_sensors.py                                                                   1           0  0.08s           2025-04-06T04:17:19                      10
/home/airflow/.local/lib/python3.12/site-packages/airflow/example_dags/tutorial_objectstorage.py                                                            1           0  0.08s           2025-04-06T04:17:10                      10
/home/airflow/.local/lib/python3.12/site-packages/airflow/example_dags/example_trigger_controller_dag.py                                                    1           0  0.08s           2025-04-06T04:17:19                      12
/home/airflow/.local/lib/python3.12/site-packages/airflow/example_dags/example_task_group.py                                                                1           0  0.08s           2025-04-06T04:17:17                      10
/home/airflow/.local/lib/python3.12/site-packages/airflow/example_dags/example_short_circuit_operator.py                                                    1           0  0.08s           2025-04-06T04:17:25                      10
/home/airflow/.local/lib/python3.12/site-packages/airflow/example_dags/tutorial_taskflow_api_virtualenv.py                                                  1           0  0.08s           2025-04-06T04:17:02                      10
/home/airflow/.local/lib/python3.12/site-packages/airflow/example_dags/example_trigger_target_dag.py                                                        1           0  0.08s           2025-04-06T04:17:12                      10
/home/airflow/.local/lib/python3.12/site-packages/airflow/example_dags/example_external_task_marker_dag.py                                                  2           0  0.08s           2025-04-06T04:17:19                      13
/home/airflow/.local/lib/python3.12/site-packages/airflow/example_dags/example_dynamic_task_mapping.py                                                      1           0  0.08s           2025-04-06T04:17:18                      10
/home/airflow/.local/lib/python3.12/site-packages/airflow/example_dags/tutorial_taskflow_api.py                                                             1           0  0.07s           2025-04-06T04:17:19                      10
/home/airflow/.local/lib/python3.12/site-packages/airflow/example_dags/example_setup_teardown.py                                                            1           0  0.07s           2025-04-06T04:17:12                      10
/home/airflow/.local/lib/python3.12/site-packages/airflow/example_dags/example_local_kubernetes_executor.py                                                 1           0  0.07s           2025-04-06T04:17:02                      10
/home/airflow/.local/lib/python3.12/site-packages/airflow/example_dags/example_display_name.py                                                              1           0  0.07s           2025-04-06T04:17:02                      10
/home/airflow/.local/lib/python3.12/site-packages/airflow/example_dags/plugins/listener_plugin.py                                                           0           0  0.04s           2025-04-06T04:17:03                       3
/home/airflow/.local/lib/python3.12/site-packages/airflow/example_dags/plugins/decreasing_priority_weight_strategy.py                                       0           0  0.03s           2025-04-06T04:17:03                       3
/home/airflow/.local/lib/python3.12/site-packages/airflow/example_dags/subdags/subdag.py                                                                    0           0  0.03s           2025-04-06T04:17:03                       3
/home/airflow/.local/lib/python3.12/site-packages/airflow/example_dags/plugins/workday.py                                                                   0           0  0.03s           2025-04-06T04:17:03                       3
/home/airflow/.local/lib/python3.12/site-packages/airflow/example_dags/plugins/event_listener.py                                                            0           0  0.03s           2025-04-06T04:17:03                       3
================================================================================
[2025-04-06T04:17:57.199+0000] {manager.py:997} INFO - 
================================================================================
DAG File Processing Stats

File Path                                                                                                                          PID    Runtime      # DAGs    # Errors  Last Runtime    Last Run               Last # of DB Queries
---------------------------------------------------------------------------------------------------------------------------------  -----  ---------  --------  ----------  --------------  -------------------  ----------------------
/home/airflow/.local/lib/python3.12/site-packages/airflow/example_dags/example_dataset_alias_with_no_taskflow.py                                            4           0  0.71s           2025-04-06T04:17:35                      27
/home/airflow/.local/lib/python3.12/site-packages/airflow/example_dags/example_inlet_event_extra.py                                                         2           0  0.64s           2025-04-06T04:17:33                      15
/home/airflow/.local/lib/python3.12/site-packages/airflow/example_dags/example_dataset_alias.py                                                             4           0  0.63s           2025-04-06T04:17:33                      27
/home/airflow/.local/lib/python3.12/site-packages/airflow/example_dags/example_datasets.py                                                                 10           0  0.56s           2025-04-06T04:17:31                      49
/home/airflow/.local/lib/python3.12/site-packages/airflow/example_dags/example_outlet_event_extra.py                                                        3           0  0.55s           2025-04-06T04:17:54                      19
/home/airflow/.local/lib/python3.12/site-packages/airflow/example_dags/example_subdag_operator.py                                                           3           0  0.42s           2025-04-06T04:17:52                      20
/home/airflow/.local/lib/python3.12/site-packages/airflow/example_dags/tutorial.py                                                                          1           0  0.38s           2025-04-06T04:17:52                      12
/home/airflow/.local/lib/python3.12/site-packages/airflow/example_dags/example_dag_decorator.py                                                             1           0  0.37s           2025-04-06T04:17:48                      32
/home/airflow/.local/lib/python3.12/site-packages/airflow/example_dags/example_task_group.py                                                                1           0  0.13s           2025-04-06T04:17:47                      10
/home/airflow/.local/lib/python3.12/site-packages/airflow/example_dags/example_bash_decorator.py                                                            1           0  0.13s           2025-04-06T04:17:56                      10
/home/airflow/.local/lib/python3.12/site-packages/airflow/example_dags/example_branch_datetime_operator.py                                                  3           0  0.13s           2025-04-06T04:17:48                      18
/home/airflow/.local/lib/python3.12/site-packages/airflow/example_dags/example_workday_timetable.py                                                         1           0  0.12s           2025-04-06T04:17:49                      12
/home/airflow/.local/lib/python3.12/site-packages/airflow/example_dags/example_sla_dag.py                                                                   1           0  0.12s           2025-04-06T04:17:41                      12
/home/airflow/.local/lib/python3.12/site-packages/airflow/example_dags/example_short_circuit_decorator.py                                                   1           0  0.11s           2025-04-06T04:17:42                      10
/home/airflow/.local/lib/python3.12/site-packages/airflow/example_dags/example_short_circuit_operator.py                                                    1           0  0.11s           2025-04-06T04:17:56                      10
/home/airflow/.local/lib/python3.12/site-packages/airflow/example_dags/example_nested_branch_dag.py                                                         1           0  0.11s           2025-04-06T04:17:40                      12
/home/airflow/.local/lib/python3.12/site-packages/airflow/example_dags/example_bash_operator.py                                                             1           0  0.11s           2025-04-06T04:17:48                      12
/home/airflow/.local/lib/python3.12/site-packages/airflow/example_dags/example_sensor_decorator.py                                                          1           0  0.11s           2025-04-06T04:17:42                      10
/home/airflow/.local/lib/python3.12/site-packages/airflow/example_dags/example_params_ui_tutorial.py                                                        1           0  0.11s           2025-04-06T04:17:49                      10
/home/airflow/.local/lib/python3.12/site-packages/airflow/example_dags/example_skip_dag.py                                                                  1           0  0.11s           2025-04-06T04:17:47                      12
/home/airflow/.local/lib/python3.12/site-packages/airflow/example_dags/example_params_trigger_ui.py                                                         1           0  0.10s           2025-04-06T04:17:52                      10
/home/airflow/.local/lib/python3.12/site-packages/airflow/example_dags/example_branch_operator_decorator.py                                                 1           0  0.10s           2025-04-06T04:17:47                      12
/home/airflow/.local/lib/python3.12/site-packages/airflow/example_dags/example_sensors.py                                                                   1           0  0.10s           2025-04-06T04:17:49                      10
/home/airflow/.local/lib/python3.12/site-packages/airflow/example_dags/example_local_kubernetes_executor.py                                                 1           0  0.10s           2025-04-06T04:17:34                      10
/home/airflow/.local/lib/python3.12/site-packages/airflow/example_dags/tutorial_taskflow_api_virtualenv.py                                                  1           0  0.10s           2025-04-06T04:17:33                      10
/home/airflow/.local/lib/python3.12/site-packages/airflow/example_dags/example_complex.py                                                                   1           0  0.09s           2025-04-06T04:17:41                      10
/home/airflow/.local/lib/python3.12/site-packages/airflow/example_dags/example_passing_params_via_test_command.py                                           1           0  0.09s           2025-04-06T04:17:57                      12
/home/airflow/.local/lib/python3.12/site-packages/airflow/example_dags/tutorial_taskflow_templates.py                                                       1           0  0.09s           2025-04-06T04:17:41                      12
/home/airflow/.local/lib/python3.12/site-packages/airflow/example_dags/example_setup_teardown_taskflow.py                                                   1           0  0.09s           2025-04-06T04:17:40                      10
/home/airflow/.local/lib/python3.12/site-packages/airflow/example_dags/example_external_task_marker_dag.py                                                  2           0  0.09s           2025-04-06T04:17:49                      13
/home/airflow/.local/lib/python3.12/site-packages/airflow/example_dags/example_branch_labels.py                                                             1           0  0.09s           2025-04-06T04:17:48                      12
/home/airflow/.local/lib/python3.12/site-packages/airflow/example_dags/example_branch_day_of_week_operator.py                                               1           0  0.09s           2025-04-06T04:17:55                      12
/home/airflow/.local/lib/python3.12/site-packages/airflow/example_dags/example_xcomargs.py                                                                  2           0  0.09s           2025-04-06T04:17:33                      13
/home/airflow/.local/lib/python3.12/site-packages/airflow/example_dags/example_branch_operator.py                                                           1           0  0.09s           2025-04-06T04:17:49                      12
/home/airflow/.local/lib/python3.12/site-packages/airflow/example_dags/tutorial_dag.py                                                                      1           0  0.09s           2025-04-06T04:17:53                      10
/home/airflow/.local/lib/python3.12/site-packages/airflow/example_dags/example_branch_python_dop_operator_3.py                                              1           0  0.09s           2025-04-06T04:17:52                      12
/home/airflow/.local/lib/python3.12/site-packages/airflow/example_dags/example_display_name.py                                                              1           0  0.09s           2025-04-06T04:17:34                      10
/home/airflow/.local/lib/python3.12/site-packages/airflow/example_dags/example_xcom.py                                                                      1           0  0.09s           2025-04-06T04:17:47                      12
/home/airflow/.local/lib/python3.12/site-packages/airflow/example_dags/example_task_group_decorator.py                                                      1           0  0.09s           2025-04-06T04:17:47                      10
/home/airflow/.local/lib/python3.12/site-packages/airflow/example_dags/example_trigger_controller_dag.py                                                    1           0  0.09s           2025-04-06T04:17:49                      12
/home/airflow/.local/lib/python3.12/site-packages/airflow/example_dags/example_python_decorator.py                                                          1           0  0.09s           2025-04-06T04:17:48                      10
/home/airflow/.local/lib/python3.12/site-packages/airflow/example_dags/example_latest_only.py                                                               1           0  0.09s           2025-04-06T04:17:39                      12
/home/airflow/.local/lib/python3.12/site-packages/airflow/example_dags/example_python_operator.py                                                           1           0  0.09s           2025-04-06T04:17:34                      10
/home/airflow/.local/lib/python3.12/site-packages/airflow/example_dags/example_time_delta_sensor_async.py                                                   1           0  0.08s           2025-04-06T04:17:53                      10
/home/airflow/.local/lib/python3.12/site-packages/airflow/example_dags/example_kubernetes_executor.py                                                       1           0  0.08s           2025-04-06T04:17:47                      10
/home/airflow/.local/lib/python3.12/site-packages/airflow/example_dags/example_latest_only_with_trigger.py                                                  1           0  0.08s           2025-04-06T04:17:57                      12
/home/airflow/.local/lib/python3.12/site-packages/airflow/example_dags/tutorial_taskflow_api.py                                                             1           0  0.08s           2025-04-06T04:17:49                      10
/home/airflow/.local/lib/python3.12/site-packages/airflow/example_dags/example_dynamic_task_mapping.py                                                      1           0  0.08s           2025-04-06T04:17:48                      10
/home/airflow/.local/lib/python3.12/site-packages/airflow/example_dags/example_setup_teardown.py                                                            1           0  0.08s           2025-04-06T04:17:42                      10
/home/airflow/.local/lib/python3.12/site-packages/airflow/example_dags/example_trigger_target_dag.py                                                        1           0  0.08s           2025-04-06T04:17:42                      10
/home/airflow/.local/lib/python3.12/site-packages/airflow/example_dags/tutorial_objectstorage.py                                                            1           0  0.08s           2025-04-06T04:17:40                      10
/home/airflow/.local/lib/python3.12/site-packages/airflow/example_dags/example_dynamic_task_mapping_with_no_taskflow_operators.py                           1           0  0.07s           2025-04-06T04:17:48                      10
/home/airflow/.local/lib/python3.12/site-packages/airflow/example_dags/plugins/listener_plugin.py                                                           0           0  0.04s           2025-04-06T04:17:34                       3
/home/airflow/.local/lib/python3.12/site-packages/airflow/example_dags/plugins/workday.py                                                                   0           0  0.04s           2025-04-06T04:17:34                       3
/home/airflow/.local/lib/python3.12/site-packages/airflow/example_dags/plugins/decreasing_priority_weight_strategy.py                                       0           0  0.04s           2025-04-06T04:17:34                       3
/home/airflow/.local/lib/python3.12/site-packages/airflow/example_dags/plugins/event_listener.py                                                            0           0  0.04s           2025-04-06T04:17:34                       3
/home/airflow/.local/lib/python3.12/site-packages/airflow/example_dags/subdags/subdag.py                                                                    0           0  0.04s           2025-04-06T04:17:34                       3
================================================================================
[2025-04-06T04:18:28.331+0000] {manager.py:997} INFO - 
================================================================================
DAG File Processing Stats

File Path                                                                                                                          PID    Runtime      # DAGs    # Errors  Last Runtime    Last Run               Last # of DB Queries
---------------------------------------------------------------------------------------------------------------------------------  -----  ---------  --------  ----------  --------------  -------------------  ----------------------
/home/airflow/.local/lib/python3.12/site-packages/airflow/example_dags/example_datasets.py                                                                 10           0  0.59s           2025-04-06T04:18:01                      49
/home/airflow/.local/lib/python3.12/site-packages/airflow/example_dags/example_dataset_alias_with_no_taskflow.py                                            4           0  0.57s           2025-04-06T04:18:07                      27
/home/airflow/.local/lib/python3.12/site-packages/airflow/example_dags/example_dataset_alias.py                                                             4           0  0.55s           2025-04-06T04:18:04                      27
/home/airflow/.local/lib/python3.12/site-packages/airflow/example_dags/example_inlet_event_extra.py                                                         2           0  0.55s           2025-04-06T04:18:04                      15
/home/airflow/.local/lib/python3.12/site-packages/airflow/example_dags/example_outlet_event_extra.py                                                        3           0  0.55s           2025-04-06T04:18:25                      19
/home/airflow/.local/lib/python3.12/site-packages/airflow/example_dags/example_dag_decorator.py                                                             1           0  0.42s           2025-04-06T04:18:18                      32
/home/airflow/.local/lib/python3.12/site-packages/airflow/example_dags/example_workday_timetable.py                                                         1           0  0.13s           2025-04-06T04:18:20                      12
/home/airflow/.local/lib/python3.12/site-packages/airflow/example_dags/example_passing_params_via_test_command.py                                           1           0  0.12s           2025-04-06T04:18:27                      12
/home/airflow/.local/lib/python3.12/site-packages/airflow/example_dags/example_complex.py                                                                   1           0  0.12s           2025-04-06T04:18:11                      10
/home/airflow/.local/lib/python3.12/site-packages/airflow/example_dags/tutorial_taskflow_templates.py                                                       1           0  0.11s           2025-04-06T04:18:11                      12
/home/airflow/.local/lib/python3.12/site-packages/airflow/example_dags/example_params_ui_tutorial.py                                                        1           0  0.11s           2025-04-06T04:18:20                      10
/home/airflow/.local/lib/python3.12/site-packages/airflow/example_dags/example_kubernetes_executor.py                                                       1           0  0.11s           2025-04-06T04:18:18                      10
/home/airflow/.local/lib/python3.12/site-packages/airflow/example_dags/example_branch_operator_decorator.py                                                 1           0  0.11s           2025-04-06T04:18:19                      12
/home/airflow/.local/lib/python3.12/site-packages/airflow/example_dags/example_latest_only_with_trigger.py                                                  1           0  0.11s           2025-04-06T04:18:27                      12
/home/airflow/.local/lib/python3.12/site-packages/airflow/example_dags/example_subdag_operator.py                                                           3           0  0.11s           2025-04-06T04:18:22                      20
/home/airflow/.local/lib/python3.12/site-packages/airflow/example_dags/example_python_decorator.py                                                          1           0  0.11s           2025-04-06T04:18:19                      10
/home/airflow/.local/lib/python3.12/site-packages/airflow/example_dags/example_short_circuit_decorator.py                                                   1           0  0.10s           2025-04-06T04:18:12                      10
/home/airflow/.local/lib/python3.12/site-packages/airflow/example_dags/example_nested_branch_dag.py                                                         1           0  0.10s           2025-04-06T04:18:10                      12
/home/airflow/.local/lib/python3.12/site-packages/airflow/example_dags/example_branch_operator.py                                                           1           0  0.10s           2025-04-06T04:18:20                      12
/home/airflow/.local/lib/python3.12/site-packages/airflow/example_dags/example_sensors.py                                                                   1           0  0.10s           2025-04-06T04:18:20                      10
/home/airflow/.local/lib/python3.12/site-packages/airflow/example_dags/example_branch_day_of_week_operator.py                                               1           0  0.10s           2025-04-06T04:18:25                      12
/home/airflow/.local/lib/python3.12/site-packages/airflow/example_dags/example_xcom.py                                                                      1           0  0.10s           2025-04-06T04:18:18                      12
/home/airflow/.local/lib/python3.12/site-packages/airflow/example_dags/example_bash_decorator.py                                                            1           0  0.10s           2025-04-06T04:18:26                      10
/home/airflow/.local/lib/python3.12/site-packages/airflow/example_dags/example_latest_only.py                                                               1           0  0.10s           2025-04-06T04:18:09                      12
/home/airflow/.local/lib/python3.12/site-packages/airflow/example_dags/example_branch_datetime_operator.py                                                  3           0  0.10s           2025-04-06T04:18:19                      18
/home/airflow/.local/lib/python3.12/site-packages/airflow/example_dags/example_task_group_decorator.py                                                      1           0  0.09s           2025-04-06T04:18:19                      10
/home/airflow/.local/lib/python3.12/site-packages/airflow/example_dags/example_local_kubernetes_executor.py                                                 1           0  0.09s           2025-04-06T04:18:04                      10
/home/airflow/.local/lib/python3.12/site-packages/airflow/example_dags/example_bash_operator.py                                                             1           0  0.09s           2025-04-06T04:18:19                      12
/home/airflow/.local/lib/python3.12/site-packages/airflow/example_dags/example_branch_labels.py                                                             1           0  0.09s           2025-04-06T04:18:19                      12
/home/airflow/.local/lib/python3.12/site-packages/airflow/example_dags/example_params_trigger_ui.py                                                         1           0  0.09s           2025-04-06T04:18:22                      10
/home/airflow/.local/lib/python3.12/site-packages/airflow/example_dags/example_dynamic_task_mapping_with_no_taskflow_operators.py                           1           0  0.09s           2025-04-06T04:18:19                      10
/home/airflow/.local/lib/python3.12/site-packages/airflow/example_dags/example_sensor_decorator.py                                                          1           0  0.09s           2025-04-06T04:18:12                      10
/home/airflow/.local/lib/python3.12/site-packages/airflow/example_dags/example_skip_dag.py                                                                  1           0  0.09s           2025-04-06T04:18:18                      12
/home/airflow/.local/lib/python3.12/site-packages/airflow/example_dags/tutorial_dag.py                                                                      1           0  0.09s           2025-04-06T04:18:24                      10
/home/airflow/.local/lib/python3.12/site-packages/airflow/example_dags/example_time_delta_sensor_async.py                                                   1           0  0.09s           2025-04-06T04:18:24                      10
/home/airflow/.local/lib/python3.12/site-packages/airflow/example_dags/example_setup_teardown_taskflow.py                                                   1           0  0.09s           2025-04-06T04:18:10                      10
/home/airflow/.local/lib/python3.12/site-packages/airflow/example_dags/example_external_task_marker_dag.py                                                  2           0  0.09s           2025-04-06T04:18:20                      13
/home/airflow/.local/lib/python3.12/site-packages/airflow/example_dags/example_trigger_controller_dag.py                                                    1           0  0.09s           2025-04-06T04:18:20                      12
/home/airflow/.local/lib/python3.12/site-packages/airflow/example_dags/example_sla_dag.py                                                                   1           0  0.09s           2025-04-06T04:18:11                      12
/home/airflow/.local/lib/python3.12/site-packages/airflow/example_dags/example_dynamic_task_mapping.py                                                      1           0  0.09s           2025-04-06T04:18:19                      10
/home/airflow/.local/lib/python3.12/site-packages/airflow/example_dags/example_short_circuit_operator.py                                                    1           0  0.09s           2025-04-06T04:18:26                      10
/home/airflow/.local/lib/python3.12/site-packages/airflow/example_dags/example_python_operator.py                                                           1           0  0.09s           2025-04-06T04:18:04                      10
/home/airflow/.local/lib/python3.12/site-packages/airflow/example_dags/tutorial.py                                                                          1           0  0.08s           2025-04-06T04:18:22                      12
/home/airflow/.local/lib/python3.12/site-packages/airflow/example_dags/example_xcomargs.py                                                                  2           0  0.08s           2025-04-06T04:18:04                      13
/home/airflow/.local/lib/python3.12/site-packages/airflow/example_dags/example_branch_python_dop_operator_3.py                                              1           0  0.08s           2025-04-06T04:18:22                      12
/home/airflow/.local/lib/python3.12/site-packages/airflow/example_dags/tutorial_taskflow_api_virtualenv.py                                                  1           0  0.08s           2025-04-06T04:18:04                      10
/home/airflow/.local/lib/python3.12/site-packages/airflow/example_dags/example_setup_teardown.py                                                            1           0  0.08s           2025-04-06T04:18:12                      10
/home/airflow/.local/lib/python3.12/site-packages/airflow/example_dags/example_task_group.py                                                                1           0  0.08s           2025-04-06T04:18:18                      10
/home/airflow/.local/lib/python3.12/site-packages/airflow/example_dags/example_trigger_target_dag.py                                                        1           0  0.08s           2025-04-06T04:18:12                      10
/home/airflow/.local/lib/python3.12/site-packages/airflow/example_dags/tutorial_taskflow_api.py                                                             1           0  0.08s           2025-04-06T04:18:20                      10
/home/airflow/.local/lib/python3.12/site-packages/airflow/example_dags/example_display_name.py                                                              1           0  0.08s           2025-04-06T04:18:04                      10
/home/airflow/.local/lib/python3.12/site-packages/airflow/example_dags/tutorial_objectstorage.py                                                            1           0  0.07s           2025-04-06T04:18:10                      10
/home/airflow/.local/lib/python3.12/site-packages/airflow/example_dags/subdags/subdag.py                                                                    0           0  0.04s           2025-04-06T04:18:04                       3
/home/airflow/.local/lib/python3.12/site-packages/airflow/example_dags/plugins/decreasing_priority_weight_strategy.py                                       0           0  0.04s           2025-04-06T04:18:04                       3
/home/airflow/.local/lib/python3.12/site-packages/airflow/example_dags/plugins/workday.py                                                                   0           0  0.04s           2025-04-06T04:18:04                       3
/home/airflow/.local/lib/python3.12/site-packages/airflow/example_dags/plugins/event_listener.py                                                            0           0  0.04s           2025-04-06T04:18:04                       3
/home/airflow/.local/lib/python3.12/site-packages/airflow/example_dags/plugins/listener_plugin.py                                                           0           0  0.04s           2025-04-06T04:18:04                       3
================================================================================
[2025-04-06T04:18:59.622+0000] {manager.py:997} INFO - 
================================================================================
DAG File Processing Stats

File Path                                                                                                                          PID    Runtime      # DAGs    # Errors  Last Runtime    Last Run               Last # of DB Queries
---------------------------------------------------------------------------------------------------------------------------------  -----  ---------  --------  ----------  --------------  -------------------  ----------------------
/home/airflow/.local/lib/python3.12/site-packages/airflow/example_dags/example_dataset_alias_with_no_taskflow.py                                            4           0  0.65s           2025-04-06T04:18:38                      27
/home/airflow/.local/lib/python3.12/site-packages/airflow/example_dags/example_datasets.py                                                                 10           0  0.62s           2025-04-06T04:18:32                      49
/home/airflow/.local/lib/python3.12/site-packages/airflow/example_dags/example_dataset_alias.py                                                             4           0  0.60s           2025-04-06T04:18:35                      27
/home/airflow/.local/lib/python3.12/site-packages/airflow/example_dags/example_inlet_event_extra.py                                                         2           0  0.60s           2025-04-06T04:18:35                      15
/home/airflow/.local/lib/python3.12/site-packages/airflow/example_dags/example_outlet_event_extra.py                                                        3           0  0.51s           2025-04-06T04:18:57                      19
/home/airflow/.local/lib/python3.12/site-packages/airflow/example_dags/example_dag_decorator.py                                                             1           0  0.36s           2025-04-06T04:18:49                      32
/home/airflow/.local/lib/python3.12/site-packages/airflow/example_dags/example_subdag_operator.py                                                           3           0  0.16s           2025-04-06T04:18:53                      20
/home/airflow/.local/lib/python3.12/site-packages/airflow/example_dags/example_python_operator.py                                                           1           0  0.15s           2025-04-06T04:18:35                      10
/home/airflow/.local/lib/python3.12/site-packages/airflow/example_dags/tutorial_taskflow_api_virtualenv.py                                                  1           0  0.14s           2025-04-06T04:18:35                      10
/home/airflow/.local/lib/python3.12/site-packages/airflow/example_dags/example_nested_branch_dag.py                                                         1           0  0.14s           2025-04-06T04:18:40                      12
/home/airflow/.local/lib/python3.12/site-packages/airflow/example_dags/example_skip_dag.py                                                                  1           0  0.13s           2025-04-06T04:18:49                      12
/home/airflow/.local/lib/python3.12/site-packages/airflow/example_dags/tutorial.py                                                                          1           0  0.13s           2025-04-06T04:18:53                      12
/home/airflow/.local/lib/python3.12/site-packages/airflow/example_dags/tutorial_taskflow_templates.py                                                       1           0  0.12s           2025-04-06T04:18:41                      12
/home/airflow/.local/lib/python3.12/site-packages/airflow/example_dags/example_workday_timetable.py                                                         1           0  0.12s           2025-04-06T04:18:50                      12
/home/airflow/.local/lib/python3.12/site-packages/airflow/example_dags/example_branch_operator.py                                                           1           0  0.12s           2025-04-06T04:18:51                      12
/home/airflow/.local/lib/python3.12/site-packages/airflow/example_dags/example_bash_decorator.py                                                            1           0  0.11s           2025-04-06T04:18:56                      10
/home/airflow/.local/lib/python3.12/site-packages/airflow/example_dags/example_passing_params_via_test_command.py                                           1           0  0.11s           2025-04-06T04:18:57                      12
/home/airflow/.local/lib/python3.12/site-packages/airflow/example_dags/example_sla_dag.py                                                                   1           0  0.11s           2025-04-06T04:18:42                      12
/home/airflow/.local/lib/python3.12/site-packages/airflow/example_dags/example_branch_operator_decorator.py                                                 1           0  0.11s           2025-04-06T04:18:49                      12
/home/airflow/.local/lib/python3.12/site-packages/airflow/example_dags/example_task_group.py                                                                1           0  0.11s           2025-04-06T04:18:48                      10
/home/airflow/.local/lib/python3.12/site-packages/airflow/example_dags/example_setup_teardown_taskflow.py                                                   1           0  0.11s           2025-04-06T04:18:40                      10
/home/airflow/.local/lib/python3.12/site-packages/airflow/example_dags/example_complex.py                                                                   1           0  0.10s           2025-04-06T04:18:41                      10
/home/airflow/.local/lib/python3.12/site-packages/airflow/example_dags/example_short_circuit_decorator.py                                                   1           0  0.10s           2025-04-06T04:18:43                      10
/home/airflow/.local/lib/python3.12/site-packages/airflow/example_dags/example_params_ui_tutorial.py                                                        1           0  0.10s           2025-04-06T04:18:50                      10
/home/airflow/.local/lib/python3.12/site-packages/airflow/example_dags/example_branch_datetime_operator.py                                                  3           0  0.10s           2025-04-06T04:18:49                      18
/home/airflow/.local/lib/python3.12/site-packages/airflow/example_dags/example_params_trigger_ui.py                                                         1           0  0.10s           2025-04-06T04:18:53                      10
/home/airflow/.local/lib/python3.12/site-packages/airflow/example_dags/example_xcom.py                                                                      1           0  0.10s           2025-04-06T04:18:49                      12
/home/airflow/.local/lib/python3.12/site-packages/airflow/example_dags/tutorial_dag.py                                                                      1           0  0.10s           2025-04-06T04:18:54                      10
/home/airflow/.local/lib/python3.12/site-packages/airflow/example_dags/example_bash_operator.py                                                             1           0  0.10s           2025-04-06T04:18:49                      12
/home/airflow/.local/lib/python3.12/site-packages/airflow/example_dags/example_sensor_decorator.py                                                          1           0  0.10s           2025-04-06T04:18:43                      10
/home/airflow/.local/lib/python3.12/site-packages/airflow/example_dags/example_latest_only_with_trigger.py                                                  1           0  0.10s           2025-04-06T04:18:57                      12
/home/airflow/.local/lib/python3.12/site-packages/airflow/example_dags/example_branch_labels.py                                                             1           0  0.09s           2025-04-06T04:18:49                      12
/home/airflow/.local/lib/python3.12/site-packages/airflow/example_dags/example_kubernetes_executor.py                                                       1           0  0.09s           2025-04-06T04:18:49                      10
/home/airflow/.local/lib/python3.12/site-packages/airflow/example_dags/example_short_circuit_operator.py                                                    1           0  0.09s           2025-04-06T04:18:56                      10
/home/airflow/.local/lib/python3.12/site-packages/airflow/example_dags/example_branch_python_dop_operator_3.py                                              1           0  0.09s           2025-04-06T04:18:53                      12
/home/airflow/.local/lib/python3.12/site-packages/airflow/example_dags/example_xcomargs.py                                                                  2           0  0.09s           2025-04-06T04:18:35                      13
/home/airflow/.local/lib/python3.12/site-packages/airflow/example_dags/example_sensors.py                                                                   1           0  0.09s           2025-04-06T04:18:50                      10
/home/airflow/.local/lib/python3.12/site-packages/airflow/example_dags/example_time_delta_sensor_async.py                                                   1           0  0.09s           2025-04-06T04:18:54                      10
/home/airflow/.local/lib/python3.12/site-packages/airflow/example_dags/example_trigger_controller_dag.py                                                    1           0  0.09s           2025-04-06T04:18:51                      12
/home/airflow/.local/lib/python3.12/site-packages/airflow/example_dags/example_latest_only.py                                                               1           0  0.09s           2025-04-06T04:18:39                      12
/home/airflow/.local/lib/python3.12/site-packages/airflow/example_dags/example_branch_day_of_week_operator.py                                               1           0  0.08s           2025-04-06T04:18:55                      12
/home/airflow/.local/lib/python3.12/site-packages/airflow/example_dags/example_external_task_marker_dag.py                                                  2           0  0.08s           2025-04-06T04:18:51                      13
/home/airflow/.local/lib/python3.12/site-packages/airflow/example_dags/example_python_decorator.py                                                          1           0  0.08s           2025-04-06T04:18:49                      10
/home/airflow/.local/lib/python3.12/site-packages/airflow/example_dags/example_setup_teardown.py                                                            1           0  0.08s           2025-04-06T04:18:43                      10
/home/airflow/.local/lib/python3.12/site-packages/airflow/example_dags/tutorial_objectstorage.py                                                            1           0  0.08s           2025-04-06T04:18:40                      10
/home/airflow/.local/lib/python3.12/site-packages/airflow/example_dags/tutorial_taskflow_api.py                                                             1           0  0.08s           2025-04-06T04:18:50                      10
/home/airflow/.local/lib/python3.12/site-packages/airflow/example_dags/example_task_group_decorator.py                                                      1           0  0.08s           2025-04-06T04:18:49                      10
/home/airflow/.local/lib/python3.12/site-packages/airflow/example_dags/example_dynamic_task_mapping.py                                                      1           0  0.08s           2025-04-06T04:18:49                      10
/home/airflow/.local/lib/python3.12/site-packages/airflow/example_dags/example_local_kubernetes_executor.py                                                 1           0  0.08s           2025-04-06T04:18:35                      10
/home/airflow/.local/lib/python3.12/site-packages/airflow/example_dags/example_dynamic_task_mapping_with_no_taskflow_operators.py                           1           0  0.08s           2025-04-06T04:18:49                      10
/home/airflow/.local/lib/python3.12/site-packages/airflow/example_dags/example_trigger_target_dag.py                                                        1           0  0.07s           2025-04-06T04:18:43                      10
/home/airflow/.local/lib/python3.12/site-packages/airflow/example_dags/example_display_name.py                                                              1           0  0.07s           2025-04-06T04:18:35                      10
/home/airflow/.local/lib/python3.12/site-packages/airflow/example_dags/plugins/workday.py                                                                   0           0  0.03s           2025-04-06T04:18:35                       3
/home/airflow/.local/lib/python3.12/site-packages/airflow/example_dags/plugins/decreasing_priority_weight_strategy.py                                       0           0  0.03s           2025-04-06T04:18:36                       3
/home/airflow/.local/lib/python3.12/site-packages/airflow/example_dags/plugins/listener_plugin.py                                                           0           0  0.03s           2025-04-06T04:18:35                       3
/home/airflow/.local/lib/python3.12/site-packages/airflow/example_dags/plugins/event_listener.py                                                            0           0  0.03s           2025-04-06T04:18:36                       3
/home/airflow/.local/lib/python3.12/site-packages/airflow/example_dags/subdags/subdag.py                                                                    0           0  0.03s           2025-04-06T04:18:36                       3
================================================================================
[2025-04-06T04:19:03.645+0000] {manager.py:821} INFO - Searching for files in /opt/airflow/dags
[2025-04-06T04:19:03.655+0000] {manager.py:824} INFO - There are 57 files in /opt/airflow/dags
[2025-04-06T04:19:30.454+0000] {manager.py:997} INFO - 
================================================================================
DAG File Processing Stats

File Path                                                                                                                          PID    Runtime      # DAGs    # Errors  Last Runtime    Last Run               Last # of DB Queries
---------------------------------------------------------------------------------------------------------------------------------  -----  ---------  --------  ----------  --------------  -------------------  ----------------------
/home/airflow/.local/lib/python3.12/site-packages/airflow/example_dags/example_dataset_alias.py                                                             4           0  0.65s           2025-04-06T04:19:06                      27
/home/airflow/.local/lib/python3.12/site-packages/airflow/example_dags/example_inlet_event_extra.py                                                         2           0  0.65s           2025-04-06T04:19:06                      15
/home/airflow/.local/lib/python3.12/site-packages/airflow/example_dags/example_datasets.py                                                                 10           0  0.63s           2025-04-06T04:19:04                      49
/home/airflow/.local/lib/python3.12/site-packages/airflow/example_dags/example_dataset_alias_with_no_taskflow.py                                            4           0  0.50s           2025-04-06T04:19:09                      27
/home/airflow/.local/lib/python3.12/site-packages/airflow/example_dags/example_outlet_event_extra.py                                                        3           0  0.50s           2025-04-06T04:19:28                      19
/home/airflow/.local/lib/python3.12/site-packages/airflow/example_dags/example_dag_decorator.py                                                             1           0  0.35s           2025-04-06T04:19:20                      32
/home/airflow/.local/lib/python3.12/site-packages/airflow/example_dags/example_subdag_operator.py                                                           3           0  0.13s           2025-04-06T04:19:23                      20
/home/airflow/.local/lib/python3.12/site-packages/airflow/example_dags/example_bash_decorator.py                                                            1           0  0.12s           2025-04-06T04:19:26                      10
/home/airflow/.local/lib/python3.12/site-packages/airflow/example_dags/example_passing_params_via_test_command.py                                           1           0  0.12s           2025-04-06T04:19:27                      12
/home/airflow/.local/lib/python3.12/site-packages/airflow/example_dags/example_branch_operator.py                                                           1           0  0.11s           2025-04-06T04:19:21                      12
/home/airflow/.local/lib/python3.12/site-packages/airflow/example_dags/example_params_trigger_ui.py                                                         1           0  0.11s           2025-04-06T04:19:23                      10
/home/airflow/.local/lib/python3.12/site-packages/airflow/example_dags/example_short_circuit_operator.py                                                    1           0  0.11s           2025-04-06T04:19:26                      10
/home/airflow/.local/lib/python3.12/site-packages/airflow/example_dags/example_branch_labels.py                                                             1           0  0.11s           2025-04-06T04:19:20                      12
/home/airflow/.local/lib/python3.12/site-packages/airflow/example_dags/example_complex.py                                                                   1           0  0.11s           2025-04-06T04:19:12                      10
/home/airflow/.local/lib/python3.12/site-packages/airflow/example_dags/example_workday_timetable.py                                                         1           0  0.11s           2025-04-06T04:19:21                      12
/home/airflow/.local/lib/python3.12/site-packages/airflow/example_dags/example_branch_day_of_week_operator.py                                               1           0  0.11s           2025-04-06T04:19:25                      12
/home/airflow/.local/lib/python3.12/site-packages/airflow/example_dags/tutorial_taskflow_templates.py                                                       1           0  0.10s           2025-04-06T04:19:12                      12
/home/airflow/.local/lib/python3.12/site-packages/airflow/example_dags/tutorial_dag.py                                                                      1           0  0.10s           2025-04-06T04:19:24                      10
/home/airflow/.local/lib/python3.12/site-packages/airflow/example_dags/example_nested_branch_dag.py                                                         1           0  0.10s           2025-04-06T04:19:10                      12
/home/airflow/.local/lib/python3.12/site-packages/airflow/example_dags/example_branch_datetime_operator.py                                                  3           0  0.10s           2025-04-06T04:19:20                      18
/home/airflow/.local/lib/python3.12/site-packages/airflow/example_dags/tutorial.py                                                                          1           0  0.10s           2025-04-06T04:19:23                      12
/home/airflow/.local/lib/python3.12/site-packages/airflow/example_dags/example_latest_only_with_trigger.py                                                  1           0  0.10s           2025-04-06T04:19:27                      12
/home/airflow/.local/lib/python3.12/site-packages/airflow/example_dags/example_branch_operator_decorator.py                                                 1           0  0.10s           2025-04-06T04:19:20                      12
/home/airflow/.local/lib/python3.12/site-packages/airflow/example_dags/example_bash_operator.py                                                             1           0  0.10s           2025-04-06T04:19:20                      12
/home/airflow/.local/lib/python3.12/site-packages/airflow/example_dags/example_branch_python_dop_operator_3.py                                              1           0  0.09s           2025-04-06T04:19:23                      12
/home/airflow/.local/lib/python3.12/site-packages/airflow/example_dags/example_latest_only.py                                                               1           0  0.09s           2025-04-06T04:19:09                      12
/home/airflow/.local/lib/python3.12/site-packages/airflow/example_dags/example_params_ui_tutorial.py                                                        1           0  0.09s           2025-04-06T04:19:21                      10
/home/airflow/.local/lib/python3.12/site-packages/airflow/example_dags/example_xcomargs.py                                                                  2           0  0.09s           2025-04-06T04:19:06                      13
/home/airflow/.local/lib/python3.12/site-packages/airflow/example_dags/example_sla_dag.py                                                                   1           0  0.09s           2025-04-06T04:19:12                      12
/home/airflow/.local/lib/python3.12/site-packages/airflow/example_dags/example_skip_dag.py                                                                  1           0  0.09s           2025-04-06T04:19:20                      12
/home/airflow/.local/lib/python3.12/site-packages/airflow/example_dags/example_python_decorator.py                                                          1           0  0.09s           2025-04-06T04:19:20                      10
/home/airflow/.local/lib/python3.12/site-packages/airflow/example_dags/example_sensor_decorator.py                                                          1           0  0.09s           2025-04-06T04:19:13                      10
/home/airflow/.local/lib/python3.12/site-packages/airflow/example_dags/tutorial_taskflow_api_virtualenv.py                                                  1           0  0.09s           2025-04-06T04:19:06                      10
/home/airflow/.local/lib/python3.12/site-packages/airflow/example_dags/example_short_circuit_decorator.py                                                   1           0  0.09s           2025-04-06T04:19:13                      10
/home/airflow/.local/lib/python3.12/site-packages/airflow/example_dags/example_xcom.py                                                                      1           0  0.09s           2025-04-06T04:19:20                      12
/home/airflow/.local/lib/python3.12/site-packages/airflow/example_dags/example_dynamic_task_mapping.py                                                      1           0  0.09s           2025-04-06T04:19:20                      10
/home/airflow/.local/lib/python3.12/site-packages/airflow/example_dags/example_python_operator.py                                                           1           0  0.09s           2025-04-06T04:19:06                      10
/home/airflow/.local/lib/python3.12/site-packages/airflow/example_dags/example_kubernetes_executor.py                                                       1           0  0.09s           2025-04-06T04:19:20                      10
/home/airflow/.local/lib/python3.12/site-packages/airflow/example_dags/example_external_task_marker_dag.py                                                  2           0  0.09s           2025-04-06T04:19:21                      13
/home/airflow/.local/lib/python3.12/site-packages/airflow/example_dags/example_local_kubernetes_executor.py                                                 1           0  0.09s           2025-04-06T04:19:06                      10
/home/airflow/.local/lib/python3.12/site-packages/airflow/example_dags/example_setup_teardown_taskflow.py                                                   1           0  0.09s           2025-04-06T04:19:10                      10
/home/airflow/.local/lib/python3.12/site-packages/airflow/example_dags/example_task_group.py                                                                1           0  0.08s           2025-04-06T04:19:20                      10
/home/airflow/.local/lib/python3.12/site-packages/airflow/example_dags/example_trigger_controller_dag.py                                                    1           0  0.08s           2025-04-06T04:19:21                      12
/home/airflow/.local/lib/python3.12/site-packages/airflow/example_dags/example_time_delta_sensor_async.py                                                   1           0  0.08s           2025-04-06T04:19:24                      10
/home/airflow/.local/lib/python3.12/site-packages/airflow/example_dags/example_task_group_decorator.py                                                      1           0  0.08s           2025-04-06T04:19:20                      10
/home/airflow/.local/lib/python3.12/site-packages/airflow/example_dags/example_sensors.py                                                                   1           0  0.08s           2025-04-06T04:19:21                      10
/home/airflow/.local/lib/python3.12/site-packages/airflow/example_dags/example_display_name.py                                                              1           0  0.08s           2025-04-06T04:19:06                      10
/home/airflow/.local/lib/python3.12/site-packages/airflow/example_dags/example_dynamic_task_mapping_with_no_taskflow_operators.py                           1           0  0.08s           2025-04-06T04:19:20                      10
/home/airflow/.local/lib/python3.12/site-packages/airflow/example_dags/tutorial_objectstorage.py                                                            1           0  0.08s           2025-04-06T04:19:11                      10
/home/airflow/.local/lib/python3.12/site-packages/airflow/example_dags/example_setup_teardown.py                                                            1           0  0.07s           2025-04-06T04:19:13                      10
/home/airflow/.local/lib/python3.12/site-packages/airflow/example_dags/tutorial_taskflow_api.py                                                             1           0  0.07s           2025-04-06T04:19:21                      10
/home/airflow/.local/lib/python3.12/site-packages/airflow/example_dags/example_trigger_target_dag.py                                                        1           0  0.07s           2025-04-06T04:19:13                      10
/home/airflow/.local/lib/python3.12/site-packages/airflow/example_dags/plugins/listener_plugin.py                                                           0           0  0.04s           2025-04-06T04:19:06                       3
/home/airflow/.local/lib/python3.12/site-packages/airflow/example_dags/plugins/decreasing_priority_weight_strategy.py                                       0           0  0.04s           2025-04-06T04:19:06                       3
/home/airflow/.local/lib/python3.12/site-packages/airflow/example_dags/subdags/subdag.py                                                                    0           0  0.04s           2025-04-06T04:19:06                       3
/home/airflow/.local/lib/python3.12/site-packages/airflow/example_dags/plugins/event_listener.py                                                            0           0  0.04s           2025-04-06T04:19:06                       3
/home/airflow/.local/lib/python3.12/site-packages/airflow/example_dags/plugins/workday.py                                                                   0           0  0.04s           2025-04-06T04:19:06                       3
================================================================================
[2025-04-06T04:20:01.155+0000] {manager.py:997} INFO - 
================================================================================
DAG File Processing Stats

File Path                                                                                                                          PID    Runtime      # DAGs    # Errors  Last Runtime    Last Run               Last # of DB Queries
---------------------------------------------------------------------------------------------------------------------------------  -----  ---------  --------  ----------  --------------  -------------------  ----------------------
/home/airflow/.local/lib/python3.12/site-packages/airflow/example_dags/example_inlet_event_extra.py                                                         2           0  0.61s           2025-04-06T04:19:37                      15
/home/airflow/.local/lib/python3.12/site-packages/airflow/example_dags/example_dataset_alias_with_no_taskflow.py                                            4           0  0.60s           2025-04-06T04:19:40                      27
/home/airflow/.local/lib/python3.12/site-packages/airflow/example_dags/example_dataset_alias.py                                                             4           0  0.59s           2025-04-06T04:19:37                      27
/home/airflow/.local/lib/python3.12/site-packages/airflow/example_dags/example_outlet_event_extra.py                                                        3           0  0.52s           2025-04-06T04:19:59                      19
/home/airflow/.local/lib/python3.12/site-packages/airflow/example_dags/example_datasets.py                                                                 10           0  0.51s           2025-04-06T04:19:35                      49
/home/airflow/.local/lib/python3.12/site-packages/airflow/example_dags/example_dag_decorator.py                                                             1           0  0.36s           2025-04-06T04:19:50                      32
/home/airflow/.local/lib/python3.12/site-packages/airflow/example_dags/example_complex.py                                                                   1           0  0.13s           2025-04-06T04:19:42                      10
/home/airflow/.local/lib/python3.12/site-packages/airflow/example_dags/example_subdag_operator.py                                                           3           0  0.13s           2025-04-06T04:19:53                      20
/home/airflow/.local/lib/python3.12/site-packages/airflow/example_dags/example_branch_operator_decorator.py                                                 1           0  0.12s           2025-04-06T04:19:50                      12
/home/airflow/.local/lib/python3.12/site-packages/airflow/example_dags/example_latest_only.py                                                               1           0  0.12s           2025-04-06T04:19:40                      12
/home/airflow/.local/lib/python3.12/site-packages/airflow/example_dags/tutorial_taskflow_templates.py                                                       1           0  0.12s           2025-04-06T04:19:42                      12
/home/airflow/.local/lib/python3.12/site-packages/airflow/example_dags/example_skip_dag.py                                                                  1           0  0.12s           2025-04-06T04:19:50                      12
/home/airflow/.local/lib/python3.12/site-packages/airflow/example_dags/example_passing_params_via_test_command.py                                           1           0  0.11s           2025-04-06T04:19:58                      12
/home/airflow/.local/lib/python3.12/site-packages/airflow/example_dags/example_workday_timetable.py                                                         1           0  0.11s           2025-04-06T04:19:51                      12
/home/airflow/.local/lib/python3.12/site-packages/airflow/example_dags/example_nested_branch_dag.py                                                         1           0  0.11s           2025-04-06T04:19:41                      12
/home/airflow/.local/lib/python3.12/site-packages/airflow/example_dags/tutorial_dag.py                                                                      1           0  0.11s           2025-04-06T04:19:54                      10
/home/airflow/.local/lib/python3.12/site-packages/airflow/example_dags/example_python_decorator.py                                                          1           0  0.10s           2025-04-06T04:19:51                      10
/home/airflow/.local/lib/python3.12/site-packages/airflow/example_dags/example_branch_datetime_operator.py                                                  3           0  0.10s           2025-04-06T04:19:51                      18
/home/airflow/.local/lib/python3.12/site-packages/airflow/example_dags/example_latest_only_with_trigger.py                                                  1           0  0.10s           2025-04-06T04:19:58                      12
/home/airflow/.local/lib/python3.12/site-packages/airflow/example_dags/example_params_ui_tutorial.py                                                        1           0  0.10s           2025-04-06T04:19:51                      10
/home/airflow/.local/lib/python3.12/site-packages/airflow/example_dags/example_time_delta_sensor_async.py                                                   1           0  0.10s           2025-04-06T04:19:54                      10
/home/airflow/.local/lib/python3.12/site-packages/airflow/example_dags/example_trigger_target_dag.py                                                        1           0  0.10s           2025-04-06T04:19:43                      10
/home/airflow/.local/lib/python3.12/site-packages/airflow/example_dags/example_branch_day_of_week_operator.py                                               1           0  0.10s           2025-04-06T04:19:55                      12
/home/airflow/.local/lib/python3.12/site-packages/airflow/example_dags/example_branch_operator.py                                                           1           0  0.10s           2025-04-06T04:19:51                      12
/home/airflow/.local/lib/python3.12/site-packages/airflow/example_dags/tutorial.py                                                                          1           0  0.10s           2025-04-06T04:19:53                      12
/home/airflow/.local/lib/python3.12/site-packages/airflow/example_dags/example_short_circuit_decorator.py                                                   1           0  0.09s           2025-04-06T04:19:43                      10
/home/airflow/.local/lib/python3.12/site-packages/airflow/example_dags/example_short_circuit_operator.py                                                    1           0  0.09s           2025-04-06T04:19:57                      10
/home/airflow/.local/lib/python3.12/site-packages/airflow/example_dags/example_bash_decorator.py                                                            1           0  0.09s           2025-04-06T04:19:56                      10
/home/airflow/.local/lib/python3.12/site-packages/airflow/example_dags/example_bash_operator.py                                                             1           0  0.09s           2025-04-06T04:19:51                      12
/home/airflow/.local/lib/python3.12/site-packages/airflow/example_dags/example_branch_labels.py                                                             1           0  0.09s           2025-04-06T04:19:51                      12
/home/airflow/.local/lib/python3.12/site-packages/airflow/example_dags/example_sla_dag.py                                                                   1           0  0.09s           2025-04-06T04:19:42                      12
/home/airflow/.local/lib/python3.12/site-packages/airflow/example_dags/example_params_trigger_ui.py                                                         1           0  0.09s           2025-04-06T04:19:53                      10
/home/airflow/.local/lib/python3.12/site-packages/airflow/example_dags/example_sensor_decorator.py                                                          1           0  0.09s           2025-04-06T04:19:43                      10
/home/airflow/.local/lib/python3.12/site-packages/airflow/example_dags/example_setup_teardown_taskflow.py                                                   1           0  0.09s           2025-04-06T04:19:41                      10
/home/airflow/.local/lib/python3.12/site-packages/airflow/example_dags/example_xcom.py                                                                      1           0  0.09s           2025-04-06T04:19:50                      12
/home/airflow/.local/lib/python3.12/site-packages/airflow/example_dags/example_task_group_decorator.py                                                      1           0  0.09s           2025-04-06T04:19:50                      10
/home/airflow/.local/lib/python3.12/site-packages/airflow/example_dags/example_kubernetes_executor.py                                                       1           0  0.09s           2025-04-06T04:19:50                      10
/home/airflow/.local/lib/python3.12/site-packages/airflow/example_dags/example_python_operator.py                                                           1           0  0.09s           2025-04-06T04:19:37                      10
/home/airflow/.local/lib/python3.12/site-packages/airflow/example_dags/example_sensors.py                                                                   1           0  0.09s           2025-04-06T04:19:51                      10
/home/airflow/.local/lib/python3.12/site-packages/airflow/example_dags/example_branch_python_dop_operator_3.py                                              1           0  0.09s           2025-04-06T04:19:53                      12
/home/airflow/.local/lib/python3.12/site-packages/airflow/example_dags/tutorial_taskflow_api_virtualenv.py                                                  1           0  0.09s           2025-04-06T04:19:37                      10
/home/airflow/.local/lib/python3.12/site-packages/airflow/example_dags/tutorial_objectstorage.py                                                            1           0  0.08s           2025-04-06T04:19:41                      10
/home/airflow/.local/lib/python3.12/site-packages/airflow/example_dags/example_trigger_controller_dag.py                                                    1           0  0.08s           2025-04-06T04:19:51                      12
/home/airflow/.local/lib/python3.12/site-packages/airflow/example_dags/example_external_task_marker_dag.py                                                  2           0  0.08s           2025-04-06T04:19:51                      13
/home/airflow/.local/lib/python3.12/site-packages/airflow/example_dags/example_dynamic_task_mapping.py                                                      1           0  0.08s           2025-04-06T04:19:51                      10
/home/airflow/.local/lib/python3.12/site-packages/airflow/example_dags/example_setup_teardown.py                                                            1           0  0.08s           2025-04-06T04:19:43                      10
/home/airflow/.local/lib/python3.12/site-packages/airflow/example_dags/example_xcomargs.py                                                                  2           0  0.08s           2025-04-06T04:19:37                      13
/home/airflow/.local/lib/python3.12/site-packages/airflow/example_dags/example_dynamic_task_mapping_with_no_taskflow_operators.py                           1           0  0.08s           2025-04-06T04:19:51                      10
/home/airflow/.local/lib/python3.12/site-packages/airflow/example_dags/tutorial_taskflow_api.py                                                             1           0  0.08s           2025-04-06T04:19:51                      10
/home/airflow/.local/lib/python3.12/site-packages/airflow/example_dags/example_local_kubernetes_executor.py                                                 1           0  0.08s           2025-04-06T04:19:37                      10
/home/airflow/.local/lib/python3.12/site-packages/airflow/example_dags/example_task_group.py                                                                1           0  0.08s           2025-04-06T04:19:50                      10
/home/airflow/.local/lib/python3.12/site-packages/airflow/example_dags/example_display_name.py                                                              1           0  0.07s           2025-04-06T04:19:37                      10
/home/airflow/.local/lib/python3.12/site-packages/airflow/example_dags/subdags/subdag.py                                                                    0           0  0.04s           2025-04-06T04:19:37                       3
/home/airflow/.local/lib/python3.12/site-packages/airflow/example_dags/plugins/decreasing_priority_weight_strategy.py                                       0           0  0.04s           2025-04-06T04:19:37                       3
/home/airflow/.local/lib/python3.12/site-packages/airflow/example_dags/plugins/event_listener.py                                                            0           0  0.04s           2025-04-06T04:19:37                       3
/home/airflow/.local/lib/python3.12/site-packages/airflow/example_dags/plugins/listener_plugin.py                                                           0           0  0.04s           2025-04-06T04:19:37                       3
/home/airflow/.local/lib/python3.12/site-packages/airflow/example_dags/plugins/workday.py                                                                   0           0  0.04s           2025-04-06T04:19:37                       3
================================================================================
[2025-04-06T04:20:32.103+0000] {manager.py:997} INFO - 
================================================================================
DAG File Processing Stats

File Path                                                                                                                          PID    Runtime      # DAGs    # Errors  Last Runtime    Last Run               Last # of DB Queries
---------------------------------------------------------------------------------------------------------------------------------  -----  ---------  --------  ----------  --------------  -------------------  ----------------------
/home/airflow/.local/lib/python3.12/site-packages/airflow/example_dags/example_outlet_event_extra.py                                                        3           0  1.30s           2025-04-06T04:20:31                      19
/home/airflow/.local/lib/python3.12/site-packages/airflow/example_dags/example_dag_decorator.py                                                             1           0  0.67s           2025-04-06T04:20:21                      32
/home/airflow/.local/lib/python3.12/site-packages/airflow/example_dags/example_datasets.py                                                                 10           0  0.59s           2025-04-06T04:20:05                      49
/home/airflow/.local/lib/python3.12/site-packages/airflow/example_dags/example_dataset_alias.py                                                             4           0  0.57s           2025-04-06T04:20:08                      27
/home/airflow/.local/lib/python3.12/site-packages/airflow/example_dags/example_inlet_event_extra.py                                                         2           0  0.56s           2025-04-06T04:20:08                      15
/home/airflow/.local/lib/python3.12/site-packages/airflow/example_dags/example_dataset_alias_with_no_taskflow.py                                            4           0  0.52s           2025-04-06T04:20:11                      27
/home/airflow/.local/lib/python3.12/site-packages/airflow/example_dags/example_params_trigger_ui.py                                                         1           0  0.39s           2025-04-06T04:20:24                      10
/home/airflow/.local/lib/python3.12/site-packages/airflow/example_dags/tutorial.py                                                                          1           0  0.30s           2025-04-06T04:20:24                      12
/home/airflow/.local/lib/python3.12/site-packages/airflow/example_dags/example_subdag_operator.py                                                           3           0  0.28s           2025-04-06T04:20:24                      20
/home/airflow/.local/lib/python3.12/site-packages/airflow/example_dags/example_passing_params_via_test_command.py                                           1           0  0.27s           2025-04-06T04:20:28                      12
/home/airflow/.local/lib/python3.12/site-packages/airflow/example_dags/example_branch_python_dop_operator_3.py                                              1           0  0.25s           2025-04-06T04:20:25                      12
/home/airflow/.local/lib/python3.12/site-packages/airflow/example_dags/tutorial_dag.py                                                                      1           0  0.22s           2025-04-06T04:20:25                      10
/home/airflow/.local/lib/python3.12/site-packages/airflow/example_dags/example_latest_only_with_trigger.py                                                  1           0  0.21s           2025-04-06T04:20:28                      12
/home/airflow/.local/lib/python3.12/site-packages/airflow/example_dags/example_bash_decorator.py                                                            1           0  0.21s           2025-04-06T04:20:27                      10
/home/airflow/.local/lib/python3.12/site-packages/airflow/example_dags/example_time_delta_sensor_async.py                                                   1           0  0.21s           2025-04-06T04:20:25                      10
/home/airflow/.local/lib/python3.12/site-packages/airflow/example_dags/example_skip_dag.py                                                                  1           0  0.21s           2025-04-06T04:20:21                      12
/home/airflow/.local/lib/python3.12/site-packages/airflow/example_dags/example_workday_timetable.py                                                         1           0  0.20s           2025-04-06T04:20:22                      12
/home/airflow/.local/lib/python3.12/site-packages/airflow/example_dags/example_task_group_decorator.py                                                      1           0  0.19s           2025-04-06T04:20:21                      10
/home/airflow/.local/lib/python3.12/site-packages/airflow/example_dags/example_params_ui_tutorial.py                                                        1           0  0.18s           2025-04-06T04:20:22                      10
/home/airflow/.local/lib/python3.12/site-packages/airflow/example_dags/example_branch_datetime_operator.py                                                  3           0  0.18s           2025-04-06T04:20:22                      18
/home/airflow/.local/lib/python3.12/site-packages/airflow/example_dags/example_short_circuit_operator.py                                                    1           0  0.18s           2025-04-06T04:20:27                      10
/home/airflow/.local/lib/python3.12/site-packages/airflow/example_dags/example_branch_operator.py                                                           1           0  0.17s           2025-04-06T04:20:23                      12
/home/airflow/.local/lib/python3.12/site-packages/airflow/example_dags/example_branch_day_of_week_operator.py                                               1           0  0.17s           2025-04-06T04:20:26                      12
/home/airflow/.local/lib/python3.12/site-packages/airflow/example_dags/example_branch_operator_decorator.py                                                 1           0  0.15s           2025-04-06T04:20:22                      12
/home/airflow/.local/lib/python3.12/site-packages/airflow/example_dags/example_trigger_controller_dag.py                                                    1           0  0.15s           2025-04-06T04:20:23                      12
/home/airflow/.local/lib/python3.12/site-packages/airflow/example_dags/example_kubernetes_executor.py                                                       1           0  0.15s           2025-04-06T04:20:21                      10
/home/airflow/.local/lib/python3.12/site-packages/airflow/example_dags/example_branch_labels.py                                                             1           0  0.15s           2025-04-06T04:20:22                      12
/home/airflow/.local/lib/python3.12/site-packages/airflow/example_dags/example_sensors.py                                                                   1           0  0.14s           2025-04-06T04:20:22                      10
/home/airflow/.local/lib/python3.12/site-packages/airflow/example_dags/example_external_task_marker_dag.py                                                  2           0  0.14s           2025-04-06T04:20:23                      13
/home/airflow/.local/lib/python3.12/site-packages/airflow/example_dags/example_dynamic_task_mapping.py                                                      1           0  0.14s           2025-04-06T04:20:22                      10
/home/airflow/.local/lib/python3.12/site-packages/airflow/example_dags/example_task_group.py                                                                1           0  0.14s           2025-04-06T04:20:21                      10
/home/airflow/.local/lib/python3.12/site-packages/airflow/example_dags/tutorial_taskflow_api.py                                                             1           0  0.14s           2025-04-06T04:20:22                      10
/home/airflow/.local/lib/python3.12/site-packages/airflow/example_dags/example_short_circuit_decorator.py                                                   1           0  0.13s           2025-04-06T04:20:14                      10
/home/airflow/.local/lib/python3.12/site-packages/airflow/example_dags/example_bash_operator.py                                                             1           0  0.13s           2025-04-06T04:20:22                      12
/home/airflow/.local/lib/python3.12/site-packages/airflow/example_dags/example_sensor_decorator.py                                                          1           0  0.13s           2025-04-06T04:20:14                      10
/home/airflow/.local/lib/python3.12/site-packages/airflow/example_dags/example_python_decorator.py                                                          1           0  0.13s           2025-04-06T04:20:22                      10
/home/airflow/.local/lib/python3.12/site-packages/airflow/example_dags/example_xcom.py                                                                      1           0  0.12s           2025-04-06T04:20:21                      12
/home/airflow/.local/lib/python3.12/site-packages/airflow/example_dags/example_complex.py                                                                   1           0  0.11s           2025-04-06T04:20:13                      10
/home/airflow/.local/lib/python3.12/site-packages/airflow/example_dags/tutorial_taskflow_templates.py                                                       1           0  0.11s           2025-04-06T04:20:12                      12
/home/airflow/.local/lib/python3.12/site-packages/airflow/example_dags/example_nested_branch_dag.py                                                         1           0  0.11s           2025-04-06T04:20:11                      12
/home/airflow/.local/lib/python3.12/site-packages/airflow/example_dags/example_dynamic_task_mapping_with_no_taskflow_operators.py                           1           0  0.10s           2025-04-06T04:20:22                      10
/home/airflow/.local/lib/python3.12/site-packages/airflow/example_dags/example_latest_only.py                                                               1           0  0.09s           2025-04-06T04:20:10                      12
/home/airflow/.local/lib/python3.12/site-packages/airflow/example_dags/example_local_kubernetes_executor.py                                                 1           0  0.09s           2025-04-06T04:20:08                      10
/home/airflow/.local/lib/python3.12/site-packages/airflow/example_dags/example_setup_teardown_taskflow.py                                                   1           0  0.09s           2025-04-06T04:20:11                      10
/home/airflow/.local/lib/python3.12/site-packages/airflow/example_dags/example_sla_dag.py                                                                   1           0  0.09s           2025-04-06T04:20:13                      12
/home/airflow/.local/lib/python3.12/site-packages/airflow/example_dags/example_setup_teardown.py                                                            1           0  0.09s           2025-04-06T04:20:14                      10
/home/airflow/.local/lib/python3.12/site-packages/airflow/example_dags/example_trigger_target_dag.py                                                        1           0  0.09s           2025-04-06T04:20:14                      10
/home/airflow/.local/lib/python3.12/site-packages/airflow/example_dags/example_python_operator.py                                                           1           0  0.09s           2025-04-06T04:20:08                      10
/home/airflow/.local/lib/python3.12/site-packages/airflow/example_dags/tutorial_taskflow_api_virtualenv.py                                                  1           0  0.08s           2025-04-06T04:20:08                      10
/home/airflow/.local/lib/python3.12/site-packages/airflow/example_dags/example_xcomargs.py                                                                  2           0  0.08s           2025-04-06T04:20:08                      13
/home/airflow/.local/lib/python3.12/site-packages/airflow/example_dags/example_display_name.py                                                              1           0  0.08s           2025-04-06T04:20:08                      10
/home/airflow/.local/lib/python3.12/site-packages/airflow/example_dags/tutorial_objectstorage.py                                                            1           0  0.08s           2025-04-06T04:20:11                      10
/home/airflow/.local/lib/python3.12/site-packages/airflow/example_dags/plugins/event_listener.py                                                            0           0  0.05s           2025-04-06T04:20:08                       3
/home/airflow/.local/lib/python3.12/site-packages/airflow/example_dags/plugins/decreasing_priority_weight_strategy.py                                       0           0  0.04s           2025-04-06T04:20:08                       3
/home/airflow/.local/lib/python3.12/site-packages/airflow/example_dags/plugins/workday.py                                                                   0           0  0.04s           2025-04-06T04:20:08                       3
/home/airflow/.local/lib/python3.12/site-packages/airflow/example_dags/subdags/subdag.py                                                                    0           0  0.04s           2025-04-06T04:20:08                       3
/home/airflow/.local/lib/python3.12/site-packages/airflow/example_dags/plugins/listener_plugin.py                                                           0           0  0.03s           2025-04-06T04:20:08                       3
================================================================================
[2025-04-06T04:21:03.122+0000] {manager.py:997} INFO - 
================================================================================
DAG File Processing Stats

File Path                                                                                                                          PID    Runtime      # DAGs    # Errors  Last Runtime    Last Run               Last # of DB Queries
---------------------------------------------------------------------------------------------------------------------------------  -----  ---------  --------  ----------  --------------  -------------------  ----------------------
/home/airflow/.local/lib/python3.12/site-packages/airflow/example_dags/example_dataset_alias_with_no_taskflow.py                                            4           0  0.75s           2025-04-06T04:20:42                      27
/home/airflow/.local/lib/python3.12/site-packages/airflow/example_dags/example_datasets.py                                                                 10           0  0.71s           2025-04-06T04:20:36                      49
/home/airflow/.local/lib/python3.12/site-packages/airflow/example_dags/example_dataset_alias.py                                                             4           0  0.65s           2025-04-06T04:20:39                      27
/home/airflow/.local/lib/python3.12/site-packages/airflow/example_dags/example_inlet_event_extra.py                                                         2           0  0.64s           2025-04-06T04:20:39                      15
/home/airflow/.local/lib/python3.12/site-packages/airflow/example_dags/example_outlet_event_extra.py                                                        3           0  0.60s           2025-04-06T04:21:02                      19
/home/airflow/.local/lib/python3.12/site-packages/airflow/example_dags/example_dag_decorator.py                                                             1           0  0.40s           2025-04-06T04:20:52                      32
/home/airflow/.local/lib/python3.12/site-packages/airflow/example_dags/example_subdag_operator.py                                                           3           0  0.17s           2025-04-06T04:20:55                      20
/home/airflow/.local/lib/python3.12/site-packages/airflow/example_dags/tutorial.py                                                                          1           0  0.14s           2025-04-06T04:20:54                      12
/home/airflow/.local/lib/python3.12/site-packages/airflow/example_dags/example_params_trigger_ui.py                                                         1           0  0.12s           2025-04-06T04:20:55                      10
/home/airflow/.local/lib/python3.12/site-packages/airflow/example_dags/example_complex.py                                                                   1           0  0.12s           2025-04-06T04:20:43                      10
/home/airflow/.local/lib/python3.12/site-packages/airflow/example_dags/tutorial_taskflow_templates.py                                                       1           0  0.12s           2025-04-06T04:20:43                      12
/home/airflow/.local/lib/python3.12/site-packages/airflow/example_dags/example_workday_timetable.py                                                         1           0  0.12s           2025-04-06T04:20:53                      12
/home/airflow/.local/lib/python3.12/site-packages/airflow/example_dags/example_branch_operator_decorator.py                                                 1           0  0.12s           2025-04-06T04:20:52                      12
/home/airflow/.local/lib/python3.12/site-packages/airflow/example_dags/example_passing_params_via_test_command.py                                           1           0  0.12s           2025-04-06T04:20:59                      12
/home/airflow/.local/lib/python3.12/site-packages/airflow/example_dags/example_branch_operator.py                                                           1           0  0.12s           2025-04-06T04:20:53                      12
/home/airflow/.local/lib/python3.12/site-packages/airflow/example_dags/example_skip_dag.py                                                                  1           0  0.11s           2025-04-06T04:20:51                      12
/home/airflow/.local/lib/python3.12/site-packages/airflow/example_dags/example_xcom.py                                                                      1           0  0.11s           2025-04-06T04:20:51                      12
/home/airflow/.local/lib/python3.12/site-packages/airflow/example_dags/example_bash_decorator.py                                                            1           0  0.11s           2025-04-06T04:20:58                      10
/home/airflow/.local/lib/python3.12/site-packages/airflow/example_dags/example_nested_branch_dag.py                                                         1           0  0.11s           2025-04-06T04:20:42                      12
/home/airflow/.local/lib/python3.12/site-packages/airflow/example_dags/example_time_delta_sensor_async.py                                                   1           0  0.11s           2025-04-06T04:20:56                      10
/home/airflow/.local/lib/python3.12/site-packages/airflow/example_dags/example_branch_datetime_operator.py                                                  3           0  0.11s           2025-04-06T04:20:53                      18
/home/airflow/.local/lib/python3.12/site-packages/airflow/example_dags/tutorial_dag.py                                                                      1           0  0.11s           2025-04-06T04:20:56                      10
/home/airflow/.local/lib/python3.12/site-packages/airflow/example_dags/example_params_ui_tutorial.py                                                        1           0  0.11s           2025-04-06T04:20:53                      10
/home/airflow/.local/lib/python3.12/site-packages/airflow/example_dags/example_short_circuit_decorator.py                                                   1           0  0.10s           2025-04-06T04:20:44                      10
/home/airflow/.local/lib/python3.12/site-packages/airflow/example_dags/example_latest_only_with_trigger.py                                                  1           0  0.10s           2025-04-06T04:20:59                      12
/home/airflow/.local/lib/python3.12/site-packages/airflow/example_dags/example_sensor_decorator.py                                                          1           0  0.10s           2025-04-06T04:20:44                      10
/home/airflow/.local/lib/python3.12/site-packages/airflow/example_dags/example_short_circuit_operator.py                                                    1           0  0.10s           2025-04-06T04:20:58                      10
/home/airflow/.local/lib/python3.12/site-packages/airflow/example_dags/example_branch_day_of_week_operator.py                                               1           0  0.10s           2025-04-06T04:20:57                      12
/home/airflow/.local/lib/python3.12/site-packages/airflow/example_dags/example_latest_only.py                                                               1           0  0.10s           2025-04-06T04:20:41                      12
/home/airflow/.local/lib/python3.12/site-packages/airflow/example_dags/example_branch_python_dop_operator_3.py                                              1           0  0.10s           2025-04-06T04:20:55                      12
/home/airflow/.local/lib/python3.12/site-packages/airflow/example_dags/example_sla_dag.py                                                                   1           0  0.10s           2025-04-06T04:20:43                      12
/home/airflow/.local/lib/python3.12/site-packages/airflow/example_dags/example_bash_operator.py                                                             1           0  0.10s           2025-04-06T04:20:52                      12
/home/airflow/.local/lib/python3.12/site-packages/airflow/example_dags/example_task_group_decorator.py                                                      1           0  0.10s           2025-04-06T04:20:52                      10
/home/airflow/.local/lib/python3.12/site-packages/airflow/example_dags/example_trigger_controller_dag.py                                                    1           0  0.09s           2025-04-06T04:20:53                      12
/home/airflow/.local/lib/python3.12/site-packages/airflow/example_dags/example_task_group.py                                                                1           0  0.09s           2025-04-06T04:20:51                      10
/home/airflow/.local/lib/python3.12/site-packages/airflow/example_dags/example_setup_teardown_taskflow.py                                                   1           0  0.09s           2025-04-06T04:20:42                      10
/home/airflow/.local/lib/python3.12/site-packages/airflow/example_dags/example_branch_labels.py                                                             1           0  0.09s           2025-04-06T04:20:52                      12
/home/airflow/.local/lib/python3.12/site-packages/airflow/example_dags/example_python_decorator.py                                                          1           0  0.09s           2025-04-06T04:20:52                      10
/home/airflow/.local/lib/python3.12/site-packages/airflow/example_dags/example_kubernetes_executor.py                                                       1           0  0.09s           2025-04-06T04:20:51                      10
/home/airflow/.local/lib/python3.12/site-packages/airflow/example_dags/example_setup_teardown.py                                                            1           0  0.09s           2025-04-06T04:20:44                      10
/home/airflow/.local/lib/python3.12/site-packages/airflow/example_dags/example_sensors.py                                                                   1           0  0.09s           2025-04-06T04:20:53                      10
/home/airflow/.local/lib/python3.12/site-packages/airflow/example_dags/example_python_operator.py                                                           1           0  0.09s           2025-04-06T04:20:39                      10
/home/airflow/.local/lib/python3.12/site-packages/airflow/example_dags/example_external_task_marker_dag.py                                                  2           0  0.09s           2025-04-06T04:20:53                      13
/home/airflow/.local/lib/python3.12/site-packages/airflow/example_dags/example_trigger_target_dag.py                                                        1           0  0.08s           2025-04-06T04:20:44                      10
/home/airflow/.local/lib/python3.12/site-packages/airflow/example_dags/example_local_kubernetes_executor.py                                                 1           0  0.08s           2025-04-06T04:20:39                      10
/home/airflow/.local/lib/python3.12/site-packages/airflow/example_dags/tutorial_objectstorage.py                                                            1           0  0.08s           2025-04-06T04:20:42                      10
/home/airflow/.local/lib/python3.12/site-packages/airflow/example_dags/example_display_name.py                                                              1           0  0.08s           2025-04-06T04:20:39                      10
/home/airflow/.local/lib/python3.12/site-packages/airflow/example_dags/example_dynamic_task_mapping.py                                                      1           0  0.08s           2025-04-06T04:20:52                      10
/home/airflow/.local/lib/python3.12/site-packages/airflow/example_dags/example_xcomargs.py                                                                  2           0  0.08s           2025-04-06T04:20:39                      13
/home/airflow/.local/lib/python3.12/site-packages/airflow/example_dags/tutorial_taskflow_api_virtualenv.py                                                  1           0  0.08s           2025-04-06T04:20:39                      10
/home/airflow/.local/lib/python3.12/site-packages/airflow/example_dags/tutorial_taskflow_api.py                                                             1           0  0.08s           2025-04-06T04:20:53                      10
/home/airflow/.local/lib/python3.12/site-packages/airflow/example_dags/example_dynamic_task_mapping_with_no_taskflow_operators.py                           1           0  0.07s           2025-04-06T04:20:52                      10
/home/airflow/.local/lib/python3.12/site-packages/airflow/example_dags/plugins/event_listener.py                                                            0           0  0.04s           2025-04-06T04:20:39                       3
/home/airflow/.local/lib/python3.12/site-packages/airflow/example_dags/plugins/listener_plugin.py                                                           0           0  0.04s           2025-04-06T04:20:39                       3
/home/airflow/.local/lib/python3.12/site-packages/airflow/example_dags/subdags/subdag.py                                                                    0           0  0.04s           2025-04-06T04:20:39                       3
/home/airflow/.local/lib/python3.12/site-packages/airflow/example_dags/plugins/decreasing_priority_weight_strategy.py                                       0           0  0.04s           2025-04-06T04:20:39                       3
/home/airflow/.local/lib/python3.12/site-packages/airflow/example_dags/plugins/workday.py                                                                   0           0  0.03s           2025-04-06T04:20:39                       3
================================================================================
[2025-04-06T04:21:34.326+0000] {manager.py:997} INFO - 
================================================================================
DAG File Processing Stats

File Path                                                                                                                          PID    Runtime      # DAGs    # Errors  Last Runtime    Last Run               Last # of DB Queries
---------------------------------------------------------------------------------------------------------------------------------  -----  ---------  --------  ----------  --------------  -------------------  ----------------------
/home/airflow/.local/lib/python3.12/site-packages/airflow/example_dags/example_dataset_alias.py                                                             4           0  0.62s           2025-04-06T04:21:10                      27
/home/airflow/.local/lib/python3.12/site-packages/airflow/example_dags/example_datasets.py                                                                 10           0  0.62s           2025-04-06T04:21:07                      49
/home/airflow/.local/lib/python3.12/site-packages/airflow/example_dags/example_inlet_event_extra.py                                                         2           0  0.61s           2025-04-06T04:21:10                      15
/home/airflow/.local/lib/python3.12/site-packages/airflow/example_dags/example_outlet_event_extra.py                                                        3           0  0.58s           2025-04-06T04:21:33                      19
/home/airflow/.local/lib/python3.12/site-packages/airflow/example_dags/example_dataset_alias_with_no_taskflow.py                                            4           0  0.53s           2025-04-06T04:21:13                      27
/home/airflow/.local/lib/python3.12/site-packages/airflow/example_dags/example_dag_decorator.py                                                             1           0  0.35s           2025-04-06T04:21:23                      32
/home/airflow/.local/lib/python3.12/site-packages/airflow/example_dags/tutorial_dag.py                                                                      1           0  0.17s           2025-04-06T04:21:26                      10
/home/airflow/.local/lib/python3.12/site-packages/airflow/example_dags/example_time_delta_sensor_async.py                                                   1           0  0.16s           2025-04-06T04:21:26                      10
/home/airflow/.local/lib/python3.12/site-packages/airflow/example_dags/example_branch_operator_decorator.py                                                 1           0  0.14s           2025-04-06T04:21:23                      12
/home/airflow/.local/lib/python3.12/site-packages/airflow/example_dags/example_subdag_operator.py                                                           3           0  0.13s           2025-04-06T04:21:25                      20
/home/airflow/.local/lib/python3.12/site-packages/airflow/example_dags/example_passing_params_via_test_command.py                                           1           0  0.12s           2025-04-06T04:21:29                      12
/home/airflow/.local/lib/python3.12/site-packages/airflow/example_dags/example_workday_timetable.py                                                         1           0  0.12s           2025-04-06T04:21:23                      12
/home/airflow/.local/lib/python3.12/site-packages/airflow/example_dags/example_python_decorator.py                                                          1           0  0.11s           2025-04-06T04:21:23                      10
/home/airflow/.local/lib/python3.12/site-packages/airflow/example_dags/example_branch_day_of_week_operator.py                                               1           0  0.11s           2025-04-06T04:21:27                      12
/home/airflow/.local/lib/python3.12/site-packages/airflow/example_dags/example_branch_operator.py                                                           1           0  0.10s           2025-04-06T04:21:24                      12
/home/airflow/.local/lib/python3.12/site-packages/airflow/example_dags/example_nested_branch_dag.py                                                         1           0  0.10s           2025-04-06T04:21:12                      12
/home/airflow/.local/lib/python3.12/site-packages/airflow/example_dags/example_bash_decorator.py                                                            1           0  0.10s           2025-04-06T04:21:28                      10
/home/airflow/.local/lib/python3.12/site-packages/airflow/example_dags/example_branch_datetime_operator.py                                                  3           0  0.10s           2025-04-06T04:21:23                      18
/home/airflow/.local/lib/python3.12/site-packages/airflow/example_dags/example_params_trigger_ui.py                                                         1           0  0.10s           2025-04-06T04:21:25                      10
/home/airflow/.local/lib/python3.12/site-packages/airflow/example_dags/example_short_circuit_decorator.py                                                   1           0  0.10s           2025-04-06T04:21:15                      10
/home/airflow/.local/lib/python3.12/site-packages/airflow/example_dags/example_params_ui_tutorial.py                                                        1           0  0.10s           2025-04-06T04:21:23                      10
/home/airflow/.local/lib/python3.12/site-packages/airflow/example_dags/example_latest_only_with_trigger.py                                                  1           0  0.10s           2025-04-06T04:21:29                      12
/home/airflow/.local/lib/python3.12/site-packages/airflow/example_dags/example_complex.py                                                                   1           0  0.10s           2025-04-06T04:21:13                      10
/home/airflow/.local/lib/python3.12/site-packages/airflow/example_dags/tutorial_taskflow_templates.py                                                       1           0  0.10s           2025-04-06T04:21:13                      12
/home/airflow/.local/lib/python3.12/site-packages/airflow/example_dags/example_sensor_decorator.py                                                          1           0  0.10s           2025-04-06T04:21:15                      10
/home/airflow/.local/lib/python3.12/site-packages/airflow/example_dags/example_bash_operator.py                                                             1           0  0.09s           2025-04-06T04:21:23                      12
/home/airflow/.local/lib/python3.12/site-packages/airflow/example_dags/example_branch_python_dop_operator_3.py                                              1           0  0.09s           2025-04-06T04:21:25                      12
/home/airflow/.local/lib/python3.12/site-packages/airflow/example_dags/example_short_circuit_operator.py                                                    1           0  0.09s           2025-04-06T04:21:28                      10
/home/airflow/.local/lib/python3.12/site-packages/airflow/example_dags/tutorial.py                                                                          1           0  0.09s           2025-04-06T04:21:25                      12
/home/airflow/.local/lib/python3.12/site-packages/airflow/example_dags/example_latest_only.py                                                               1           0  0.09s           2025-04-06T04:21:12                      12
/home/airflow/.local/lib/python3.12/site-packages/airflow/example_dags/example_skip_dag.py                                                                  1           0  0.09s           2025-04-06T04:21:22                      12
/home/airflow/.local/lib/python3.12/site-packages/airflow/example_dags/example_xcom.py                                                                      1           0  0.09s           2025-04-06T04:21:23                      12
/home/airflow/.local/lib/python3.12/site-packages/airflow/example_dags/example_setup_teardown_taskflow.py                                                   1           0  0.09s           2025-04-06T04:21:12                      10
/home/airflow/.local/lib/python3.12/site-packages/airflow/example_dags/example_xcomargs.py                                                                  2           0  0.09s           2025-04-06T04:21:10                      13
/home/airflow/.local/lib/python3.12/site-packages/airflow/example_dags/example_branch_labels.py                                                             1           0  0.09s           2025-04-06T04:21:23                      12
/home/airflow/.local/lib/python3.12/site-packages/airflow/example_dags/example_setup_teardown.py                                                            1           0  0.09s           2025-04-06T04:21:15                      10
/home/airflow/.local/lib/python3.12/site-packages/airflow/example_dags/example_task_group_decorator.py                                                      1           0  0.09s           2025-04-06T04:21:23                      10
/home/airflow/.local/lib/python3.12/site-packages/airflow/example_dags/tutorial_objectstorage.py                                                            1           0  0.09s           2025-04-06T04:21:12                      10
/home/airflow/.local/lib/python3.12/site-packages/airflow/example_dags/example_trigger_controller_dag.py                                                    1           0  0.08s           2025-04-06T04:21:23                      12
/home/airflow/.local/lib/python3.12/site-packages/airflow/example_dags/tutorial_taskflow_api_virtualenv.py                                                  1           0  0.08s           2025-04-06T04:21:10                      10
/home/airflow/.local/lib/python3.12/site-packages/airflow/example_dags/example_kubernetes_executor.py                                                       1           0  0.08s           2025-04-06T04:21:23                      10
/home/airflow/.local/lib/python3.12/site-packages/airflow/example_dags/example_trigger_target_dag.py                                                        1           0  0.08s           2025-04-06T04:21:15                      10
/home/airflow/.local/lib/python3.12/site-packages/airflow/example_dags/example_sensors.py                                                                   1           0  0.08s           2025-04-06T04:21:23                      10
/home/airflow/.local/lib/python3.12/site-packages/airflow/example_dags/example_python_operator.py                                                           1           0  0.08s           2025-04-06T04:21:10                      10
/home/airflow/.local/lib/python3.12/site-packages/airflow/example_dags/example_sla_dag.py                                                                   1           0  0.08s           2025-04-06T04:21:13                      12
/home/airflow/.local/lib/python3.12/site-packages/airflow/example_dags/example_external_task_marker_dag.py                                                  2           0  0.08s           2025-04-06T04:21:23                      13
/home/airflow/.local/lib/python3.12/site-packages/airflow/example_dags/example_task_group.py                                                                1           0  0.08s           2025-04-06T04:21:23                      10
/home/airflow/.local/lib/python3.12/site-packages/airflow/example_dags/example_dynamic_task_mapping.py                                                      1           0  0.08s           2025-04-06T04:21:23                      10
/home/airflow/.local/lib/python3.12/site-packages/airflow/example_dags/tutorial_taskflow_api.py                                                             1           0  0.08s           2025-04-06T04:21:23                      10
/home/airflow/.local/lib/python3.12/site-packages/airflow/example_dags/example_display_name.py                                                              1           0  0.07s           2025-04-06T04:21:10                      10
/home/airflow/.local/lib/python3.12/site-packages/airflow/example_dags/example_dynamic_task_mapping_with_no_taskflow_operators.py                           1           0  0.07s           2025-04-06T04:21:23                      10
/home/airflow/.local/lib/python3.12/site-packages/airflow/example_dags/example_local_kubernetes_executor.py                                                 1           0  0.07s           2025-04-06T04:21:10                      10
/home/airflow/.local/lib/python3.12/site-packages/airflow/example_dags/plugins/listener_plugin.py                                                           0           0  0.04s           2025-04-06T04:21:10                       3
/home/airflow/.local/lib/python3.12/site-packages/airflow/example_dags/plugins/decreasing_priority_weight_strategy.py                                       0           0  0.04s           2025-04-06T04:21:10                       3
/home/airflow/.local/lib/python3.12/site-packages/airflow/example_dags/subdags/subdag.py                                                                    0           0  0.04s           2025-04-06T04:21:10                       3
/home/airflow/.local/lib/python3.12/site-packages/airflow/example_dags/plugins/workday.py                                                                   0           0  0.04s           2025-04-06T04:21:10                       3
/home/airflow/.local/lib/python3.12/site-packages/airflow/example_dags/plugins/event_listener.py                                                            0           0  0.03s           2025-04-06T04:21:10                       3
================================================================================
[2025-04-06T04:22:05.570+0000] {manager.py:997} INFO - 
================================================================================
DAG File Processing Stats

File Path                                                                                                                          PID    Runtime      # DAGs    # Errors  Last Runtime    Last Run               Last # of DB Queries
---------------------------------------------------------------------------------------------------------------------------------  -----  ---------  --------  ----------  --------------  -------------------  ----------------------
/home/airflow/.local/lib/python3.12/site-packages/airflow/example_dags/example_dataset_alias.py                                                             4           0  0.61s           2025-04-06T04:21:41                      27
/home/airflow/.local/lib/python3.12/site-packages/airflow/example_dags/example_inlet_event_extra.py                                                         2           0  0.60s           2025-04-06T04:21:41                      15
/home/airflow/.local/lib/python3.12/site-packages/airflow/example_dags/example_datasets.py                                                                 10           0  0.59s           2025-04-06T04:21:38                      49
/home/airflow/.local/lib/python3.12/site-packages/airflow/example_dags/example_outlet_event_extra.py                                                        3           0  0.58s           2025-04-06T04:22:04                      19
/home/airflow/.local/lib/python3.12/site-packages/airflow/example_dags/example_dataset_alias_with_no_taskflow.py                                            4           0  0.57s           2025-04-06T04:21:44                      27
/home/airflow/.local/lib/python3.12/site-packages/airflow/example_dags/example_dag_decorator.py                                                             1           0  0.36s           2025-04-06T04:21:53                      32
/home/airflow/.local/lib/python3.12/site-packages/airflow/example_dags/example_subdag_operator.py                                                           3           0  0.13s           2025-04-06T04:21:55                      20
/home/airflow/.local/lib/python3.12/site-packages/airflow/example_dags/example_branch_operator.py                                                           1           0  0.12s           2025-04-06T04:21:54                      12
/home/airflow/.local/lib/python3.12/site-packages/airflow/example_dags/tutorial_taskflow_templates.py                                                       1           0  0.12s           2025-04-06T04:21:44                      12
/home/airflow/.local/lib/python3.12/site-packages/airflow/example_dags/example_workday_timetable.py                                                         1           0  0.11s           2025-04-06T04:21:54                      12
/home/airflow/.local/lib/python3.12/site-packages/airflow/example_dags/example_complex.py                                                                   1           0  0.11s           2025-04-06T04:21:44                      10
/home/airflow/.local/lib/python3.12/site-packages/airflow/example_dags/example_short_circuit_decorator.py                                                   1           0  0.11s           2025-04-06T04:21:45                      10
/home/airflow/.local/lib/python3.12/site-packages/airflow/example_dags/example_sensor_decorator.py                                                          1           0  0.10s           2025-04-06T04:21:45                      10
/home/airflow/.local/lib/python3.12/site-packages/airflow/example_dags/example_branch_datetime_operator.py                                                  3           0  0.10s           2025-04-06T04:21:54                      18
/home/airflow/.local/lib/python3.12/site-packages/airflow/example_dags/tutorial.py                                                                          1           0  0.10s           2025-04-06T04:21:55                      12
/home/airflow/.local/lib/python3.12/site-packages/airflow/example_dags/example_params_trigger_ui.py                                                         1           0  0.10s           2025-04-06T04:21:55                      10
/home/airflow/.local/lib/python3.12/site-packages/airflow/example_dags/example_branch_day_of_week_operator.py                                               1           0  0.10s           2025-04-06T04:21:57                      12
/home/airflow/.local/lib/python3.12/site-packages/airflow/example_dags/example_branch_operator_decorator.py                                                 1           0  0.10s           2025-04-06T04:21:53                      12
/home/airflow/.local/lib/python3.12/site-packages/airflow/example_dags/example_passing_params_via_test_command.py                                           1           0  0.10s           2025-04-06T04:22:00                      12
/home/airflow/.local/lib/python3.12/site-packages/airflow/example_dags/tutorial_objectstorage.py                                                            1           0  0.10s           2025-04-06T04:21:43                      10
/home/airflow/.local/lib/python3.12/site-packages/airflow/example_dags/example_latest_only_with_trigger.py                                                  1           0  0.10s           2025-04-06T04:22:00                      12
/home/airflow/.local/lib/python3.12/site-packages/airflow/example_dags/example_nested_branch_dag.py                                                         1           0  0.10s           2025-04-06T04:21:42                      12
/home/airflow/.local/lib/python3.12/site-packages/airflow/example_dags/example_xcom.py                                                                      1           0  0.10s           2025-04-06T04:21:53                      12
/home/airflow/.local/lib/python3.12/site-packages/airflow/example_dags/example_params_ui_tutorial.py                                                        1           0  0.09s           2025-04-06T04:21:54                      10
/home/airflow/.local/lib/python3.12/site-packages/airflow/example_dags/example_branch_python_dop_operator_3.py                                              1           0  0.09s           2025-04-06T04:21:55                      12
/home/airflow/.local/lib/python3.12/site-packages/airflow/example_dags/example_bash_decorator.py                                                            1           0  0.09s           2025-04-06T04:21:58                      10
/home/airflow/.local/lib/python3.12/site-packages/airflow/example_dags/example_bash_operator.py                                                             1           0  0.09s           2025-04-06T04:21:54                      12
/home/airflow/.local/lib/python3.12/site-packages/airflow/example_dags/example_kubernetes_executor.py                                                       1           0  0.09s           2025-04-06T04:21:53                      10
/home/airflow/.local/lib/python3.12/site-packages/airflow/example_dags/example_trigger_controller_dag.py                                                    1           0  0.09s           2025-04-06T04:21:54                      12
/home/airflow/.local/lib/python3.12/site-packages/airflow/example_dags/example_xcomargs.py                                                                  2           0  0.09s           2025-04-06T04:21:41                      13
/home/airflow/.local/lib/python3.12/site-packages/airflow/example_dags/example_short_circuit_operator.py                                                    1           0  0.09s           2025-04-06T04:21:58                      10
/home/airflow/.local/lib/python3.12/site-packages/airflow/example_dags/example_skip_dag.py                                                                  1           0  0.09s           2025-04-06T04:21:53                      12
/home/airflow/.local/lib/python3.12/site-packages/airflow/example_dags/example_task_group.py                                                                1           0  0.09s           2025-04-06T04:21:53                      10
/home/airflow/.local/lib/python3.12/site-packages/airflow/example_dags/example_branch_labels.py                                                             1           0  0.09s           2025-04-06T04:21:54                      12
/home/airflow/.local/lib/python3.12/site-packages/airflow/example_dags/example_latest_only.py                                                               1           0  0.09s           2025-04-06T04:21:42                      12
/home/airflow/.local/lib/python3.12/site-packages/airflow/example_dags/example_sensors.py                                                                   1           0  0.09s           2025-04-06T04:21:54                      10
/home/airflow/.local/lib/python3.12/site-packages/airflow/example_dags/tutorial_taskflow_api_virtualenv.py                                                  1           0  0.09s           2025-04-06T04:21:41                      10
/home/airflow/.local/lib/python3.12/site-packages/airflow/example_dags/example_sla_dag.py                                                                   1           0  0.09s           2025-04-06T04:21:44                      12
/home/airflow/.local/lib/python3.12/site-packages/airflow/example_dags/example_local_kubernetes_executor.py                                                 1           0  0.09s           2025-04-06T04:21:41                      10
/home/airflow/.local/lib/python3.12/site-packages/airflow/example_dags/example_python_decorator.py                                                          1           0  0.08s           2025-04-06T04:21:53                      10
/home/airflow/.local/lib/python3.12/site-packages/airflow/example_dags/example_setup_teardown_taskflow.py                                                   1           0  0.08s           2025-04-06T04:21:42                      10
/home/airflow/.local/lib/python3.12/site-packages/airflow/example_dags/example_python_operator.py                                                           1           0  0.08s           2025-04-06T04:21:41                      10
/home/airflow/.local/lib/python3.12/site-packages/airflow/example_dags/example_setup_teardown.py                                                            1           0  0.08s           2025-04-06T04:21:45                      10
/home/airflow/.local/lib/python3.12/site-packages/airflow/example_dags/tutorial_dag.py                                                                      1           0  0.08s           2025-04-06T04:21:56                      10
/home/airflow/.local/lib/python3.12/site-packages/airflow/example_dags/example_task_group_decorator.py                                                      1           0  0.08s           2025-04-06T04:21:53                      10
/home/airflow/.local/lib/python3.12/site-packages/airflow/example_dags/example_time_delta_sensor_async.py                                                   1           0  0.08s           2025-04-06T04:21:56                      10
/home/airflow/.local/lib/python3.12/site-packages/airflow/example_dags/example_external_task_marker_dag.py                                                  2           0  0.08s           2025-04-06T04:21:54                      13
/home/airflow/.local/lib/python3.12/site-packages/airflow/example_dags/example_display_name.py                                                              1           0  0.08s           2025-04-06T04:21:41                      10
/home/airflow/.local/lib/python3.12/site-packages/airflow/example_dags/example_trigger_target_dag.py                                                        1           0  0.08s           2025-04-06T04:21:45                      10
/home/airflow/.local/lib/python3.12/site-packages/airflow/example_dags/tutorial_taskflow_api.py                                                             1           0  0.08s           2025-04-06T04:21:54                      10
/home/airflow/.local/lib/python3.12/site-packages/airflow/example_dags/example_dynamic_task_mapping_with_no_taskflow_operators.py                           1           0  0.08s           2025-04-06T04:21:53                      10
/home/airflow/.local/lib/python3.12/site-packages/airflow/example_dags/example_dynamic_task_mapping.py                                                      1           0  0.07s           2025-04-06T04:21:54                      10
/home/airflow/.local/lib/python3.12/site-packages/airflow/example_dags/plugins/event_listener.py                                                            0           0  0.04s           2025-04-06T04:21:41                       3
/home/airflow/.local/lib/python3.12/site-packages/airflow/example_dags/plugins/listener_plugin.py                                                           0           0  0.04s           2025-04-06T04:21:41                       3
/home/airflow/.local/lib/python3.12/site-packages/airflow/example_dags/plugins/decreasing_priority_weight_strategy.py                                       0           0  0.04s           2025-04-06T04:21:41                       3
/home/airflow/.local/lib/python3.12/site-packages/airflow/example_dags/subdags/subdag.py                                                                    0           0  0.04s           2025-04-06T04:21:41                       3
/home/airflow/.local/lib/python3.12/site-packages/airflow/example_dags/plugins/workday.py                                                                   0           0  0.03s           2025-04-06T04:21:41                       3
================================================================================
[2025-04-06T04:22:36.226+0000] {manager.py:997} INFO - 
================================================================================
DAG File Processing Stats

File Path                                                                                                                          PID    Runtime      # DAGs    # Errors  Last Runtime    Last Run               Last # of DB Queries
---------------------------------------------------------------------------------------------------------------------------------  -----  ---------  --------  ----------  --------------  -------------------  ----------------------
/home/airflow/.local/lib/python3.12/site-packages/airflow/example_dags/example_dataset_alias_with_no_taskflow.py                                            4           0  0.62s           2025-04-06T04:22:16                      27
/home/airflow/.local/lib/python3.12/site-packages/airflow/example_dags/example_inlet_event_extra.py                                                         2           0  0.60s           2025-04-06T04:22:12                      15
/home/airflow/.local/lib/python3.12/site-packages/airflow/example_dags/example_dataset_alias.py                                                             4           0  0.59s           2025-04-06T04:22:12                      27
/home/airflow/.local/lib/python3.12/site-packages/airflow/example_dags/example_outlet_event_extra.py                                                        3           0  0.57s           2025-04-06T04:22:35                      19
/home/airflow/.local/lib/python3.12/site-packages/airflow/example_dags/example_datasets.py                                                                 10           0  0.55s           2025-04-06T04:22:09                      49
/home/airflow/.local/lib/python3.12/site-packages/airflow/example_dags/example_dag_decorator.py                                                             1           0  0.39s           2025-04-06T04:22:24                      32
/home/airflow/.local/lib/python3.12/site-packages/airflow/example_dags/example_nested_branch_dag.py                                                         1           0  0.29s           2025-04-06T04:22:13                      12
/home/airflow/.local/lib/python3.12/site-packages/airflow/example_dags/example_latest_only.py                                                               1           0  0.27s           2025-04-06T04:22:13                      12
/home/airflow/.local/lib/python3.12/site-packages/airflow/example_dags/tutorial_taskflow_templates.py                                                       1           0  0.25s           2025-04-06T04:22:14                      12
/home/airflow/.local/lib/python3.12/site-packages/airflow/example_dags/tutorial_objectstorage.py                                                            1           0  0.24s           2025-04-06T04:22:14                      10
/home/airflow/.local/lib/python3.12/site-packages/airflow/example_dags/example_setup_teardown_taskflow.py                                                   1           0  0.24s           2025-04-06T04:22:14                      10
/home/airflow/.local/lib/python3.12/site-packages/airflow/example_dags/example_params_trigger_ui.py                                                         1           0  0.13s           2025-04-06T04:22:25                      10
/home/airflow/.local/lib/python3.12/site-packages/airflow/example_dags/example_skip_dag.py                                                                  1           0  0.13s           2025-04-06T04:22:24                      12
/home/airflow/.local/lib/python3.12/site-packages/airflow/example_dags/example_branch_python_dop_operator_3.py                                              1           0  0.13s           2025-04-06T04:22:25                      12
/home/airflow/.local/lib/python3.12/site-packages/airflow/example_dags/example_passing_params_via_test_command.py                                           1           0  0.12s           2025-04-06T04:22:30                      12
/home/airflow/.local/lib/python3.12/site-packages/airflow/example_dags/example_sensor_decorator.py                                                          1           0  0.12s           2025-04-06T04:22:15                      10
/home/airflow/.local/lib/python3.12/site-packages/airflow/example_dags/example_workday_timetable.py                                                         1           0  0.11s           2025-04-06T04:22:25                      12
/home/airflow/.local/lib/python3.12/site-packages/airflow/example_dags/example_latest_only_with_trigger.py                                                  1           0  0.11s           2025-04-06T04:22:30                      12
/home/airflow/.local/lib/python3.12/site-packages/airflow/example_dags/example_short_circuit_decorator.py                                                   1           0  0.11s           2025-04-06T04:22:15                      10
/home/airflow/.local/lib/python3.12/site-packages/airflow/example_dags/example_complex.py                                                                   1           0  0.11s           2025-04-06T04:22:14                      10
/home/airflow/.local/lib/python3.12/site-packages/airflow/example_dags/example_bash_decorator.py                                                            1           0  0.11s           2025-04-06T04:22:29                      10
/home/airflow/.local/lib/python3.12/site-packages/airflow/example_dags/example_xcomargs.py                                                                  2           0  0.11s           2025-04-06T04:22:12                      13
/home/airflow/.local/lib/python3.12/site-packages/airflow/example_dags/example_branch_day_of_week_operator.py                                               1           0  0.11s           2025-04-06T04:22:28                      12
/home/airflow/.local/lib/python3.12/site-packages/airflow/example_dags/tutorial_taskflow_api_virtualenv.py                                                  1           0  0.11s           2025-04-06T04:22:12                      10
/home/airflow/.local/lib/python3.12/site-packages/airflow/example_dags/example_sla_dag.py                                                                   1           0  0.10s           2025-04-06T04:22:14                      12
/home/airflow/.local/lib/python3.12/site-packages/airflow/example_dags/example_branch_operator.py                                                           1           0  0.10s           2025-04-06T04:22:25                      12
/home/airflow/.local/lib/python3.12/site-packages/airflow/example_dags/example_local_kubernetes_executor.py                                                 1           0  0.10s           2025-04-06T04:22:12                      10
/home/airflow/.local/lib/python3.12/site-packages/airflow/example_dags/example_display_name.py                                                              1           0  0.10s           2025-04-06T04:22:12                      10
/home/airflow/.local/lib/python3.12/site-packages/airflow/example_dags/example_params_ui_tutorial.py                                                        1           0  0.10s           2025-04-06T04:22:25                      10
/home/airflow/.local/lib/python3.12/site-packages/airflow/example_dags/example_branch_operator_decorator.py                                                 1           0  0.10s           2025-04-06T04:22:24                      12
/home/airflow/.local/lib/python3.12/site-packages/airflow/example_dags/example_short_circuit_operator.py                                                    1           0  0.10s           2025-04-06T04:22:29                      10
/home/airflow/.local/lib/python3.12/site-packages/airflow/example_dags/tutorial_dag.py                                                                      1           0  0.10s           2025-04-06T04:22:27                      10
/home/airflow/.local/lib/python3.12/site-packages/airflow/example_dags/example_branch_datetime_operator.py                                                  3           0  0.10s           2025-04-06T04:22:25                      18
/home/airflow/.local/lib/python3.12/site-packages/airflow/example_dags/example_subdag_operator.py                                                           3           0  0.09s           2025-04-06T04:22:25                      20
/home/airflow/.local/lib/python3.12/site-packages/airflow/example_dags/example_trigger_controller_dag.py                                                    1           0  0.09s           2025-04-06T04:22:25                      12
/home/airflow/.local/lib/python3.12/site-packages/airflow/example_dags/example_setup_teardown.py                                                            1           0  0.09s           2025-04-06T04:22:16                      10
/home/airflow/.local/lib/python3.12/site-packages/airflow/example_dags/example_bash_operator.py                                                             1           0  0.09s           2025-04-06T04:22:25                      12
/home/airflow/.local/lib/python3.12/site-packages/airflow/example_dags/example_kubernetes_executor.py                                                       1           0  0.09s           2025-04-06T04:22:24                      10
/home/airflow/.local/lib/python3.12/site-packages/airflow/example_dags/example_external_task_marker_dag.py                                                  2           0  0.09s           2025-04-06T04:22:25                      13
/home/airflow/.local/lib/python3.12/site-packages/airflow/example_dags/example_task_group.py                                                                1           0  0.09s           2025-04-06T04:22:24                      10
/home/airflow/.local/lib/python3.12/site-packages/airflow/example_dags/example_time_delta_sensor_async.py                                                   1           0  0.09s           2025-04-06T04:22:27                      10
/home/airflow/.local/lib/python3.12/site-packages/airflow/example_dags/example_python_operator.py                                                           1           0  0.09s           2025-04-06T04:22:12                      10
/home/airflow/.local/lib/python3.12/site-packages/airflow/example_dags/example_trigger_target_dag.py                                                        1           0  0.09s           2025-04-06T04:22:16                      10
/home/airflow/.local/lib/python3.12/site-packages/airflow/example_dags/example_task_group_decorator.py                                                      1           0  0.09s           2025-04-06T04:22:24                      10
/home/airflow/.local/lib/python3.12/site-packages/airflow/example_dags/example_branch_labels.py                                                             1           0  0.08s           2025-04-06T04:22:25                      12
/home/airflow/.local/lib/python3.12/site-packages/airflow/example_dags/example_xcom.py                                                                      1           0  0.08s           2025-04-06T04:22:24                      12
/home/airflow/.local/lib/python3.12/site-packages/airflow/example_dags/example_sensors.py                                                                   1           0  0.08s           2025-04-06T04:22:25                      10
/home/airflow/.local/lib/python3.12/site-packages/airflow/example_dags/example_python_decorator.py                                                          1           0  0.08s           2025-04-06T04:22:24                      10
/home/airflow/.local/lib/python3.12/site-packages/airflow/example_dags/tutorial.py                                                                          1           0  0.08s           2025-04-06T04:22:25                      12
/home/airflow/.local/lib/python3.12/site-packages/airflow/example_dags/example_dynamic_task_mapping.py                                                      1           0  0.07s           2025-04-06T04:22:25                      10
/home/airflow/.local/lib/python3.12/site-packages/airflow/example_dags/example_dynamic_task_mapping_with_no_taskflow_operators.py                           1           0  0.07s           2025-04-06T04:22:25                      10
/home/airflow/.local/lib/python3.12/site-packages/airflow/example_dags/tutorial_taskflow_api.py                                                             1           0  0.07s           2025-04-06T04:22:25                      10
/home/airflow/.local/lib/python3.12/site-packages/airflow/example_dags/plugins/event_listener.py                                                            0           0  0.05s           2025-04-06T04:22:12                       3
/home/airflow/.local/lib/python3.12/site-packages/airflow/example_dags/plugins/listener_plugin.py                                                           0           0  0.04s           2025-04-06T04:22:12                       3
/home/airflow/.local/lib/python3.12/site-packages/airflow/example_dags/plugins/decreasing_priority_weight_strategy.py                                       0           0  0.04s           2025-04-06T04:22:12                       3
/home/airflow/.local/lib/python3.12/site-packages/airflow/example_dags/subdags/subdag.py                                                                    0           0  0.04s           2025-04-06T04:22:12                       3
/home/airflow/.local/lib/python3.12/site-packages/airflow/example_dags/plugins/workday.py                                                                   0           0  0.04s           2025-04-06T04:22:12                       3
================================================================================
[2025-04-06T04:23:07.834+0000] {manager.py:997} INFO - 
================================================================================
DAG File Processing Stats

File Path                                                                                                                          PID    Runtime      # DAGs    # Errors  Last Runtime    Last Run               Last # of DB Queries
---------------------------------------------------------------------------------------------------------------------------------  -----  ---------  --------  ----------  --------------  -------------------  ----------------------
/home/airflow/.local/lib/python3.12/site-packages/airflow/example_dags/example_dataset_alias.py                                                             4           0  0.69s           2025-04-06T04:22:43                      27
/home/airflow/.local/lib/python3.12/site-packages/airflow/example_dags/example_inlet_event_extra.py                                                         2           0  0.66s           2025-04-06T04:22:42                      15
/home/airflow/.local/lib/python3.12/site-packages/airflow/example_dags/example_datasets.py                                                                 10           0  0.64s           2025-04-06T04:22:40                      49
/home/airflow/.local/lib/python3.12/site-packages/airflow/example_dags/example_outlet_event_extra.py                                                        3           0  0.63s           2025-04-06T04:23:06                      19
/home/airflow/.local/lib/python3.12/site-packages/airflow/example_dags/example_dataset_alias_with_no_taskflow.py                                            4           0  0.60s           2025-04-06T04:22:46                      27
/home/airflow/.local/lib/python3.12/site-packages/airflow/example_dags/example_dag_decorator.py                                                             1           0  0.34s           2025-04-06T04:22:55                      32
/home/airflow/.local/lib/python3.12/site-packages/airflow/example_dags/tutorial_taskflow_templates.py                                                       1           0  0.26s           2025-04-06T04:22:45                      12
/home/airflow/.local/lib/python3.12/site-packages/airflow/example_dags/example_sla_dag.py                                                                   1           0  0.26s           2025-04-06T04:22:45                      12
/home/airflow/.local/lib/python3.12/site-packages/airflow/example_dags/example_xcom.py                                                                      1           0  0.25s           2025-04-06T04:22:55                      12
/home/airflow/.local/lib/python3.12/site-packages/airflow/example_dags/example_task_group_decorator.py                                                      1           0  0.25s           2025-04-06T04:22:55                      10
/home/airflow/.local/lib/python3.12/site-packages/airflow/example_dags/example_kubernetes_executor.py                                                       1           0  0.23s           2025-04-06T04:22:55                      10
/home/airflow/.local/lib/python3.12/site-packages/airflow/example_dags/example_skip_dag.py                                                                  1           0  0.23s           2025-04-06T04:22:55                      12
/home/airflow/.local/lib/python3.12/site-packages/airflow/example_dags/example_task_group.py                                                                1           0  0.21s           2025-04-06T04:22:55                      10
/home/airflow/.local/lib/python3.12/site-packages/airflow/example_dags/example_dynamic_task_mapping_with_no_taskflow_operators.py                           1           0  0.21s           2025-04-06T04:22:56                      10
/home/airflow/.local/lib/python3.12/site-packages/airflow/example_dags/example_branch_day_of_week_operator.py                                               1           0  0.15s           2025-04-06T04:22:59                      12
/home/airflow/.local/lib/python3.12/site-packages/airflow/example_dags/example_python_operator.py                                                           1           0  0.13s           2025-04-06T04:22:43                      10
/home/airflow/.local/lib/python3.12/site-packages/airflow/example_dags/example_display_name.py                                                              1           0  0.12s           2025-04-06T04:22:43                      10
/home/airflow/.local/lib/python3.12/site-packages/airflow/example_dags/example_workday_timetable.py                                                         1           0  0.12s           2025-04-06T04:22:56                      12
/home/airflow/.local/lib/python3.12/site-packages/airflow/example_dags/example_xcomargs.py                                                                  2           0  0.12s           2025-04-06T04:22:43                      13
/home/airflow/.local/lib/python3.12/site-packages/airflow/example_dags/tutorial_taskflow_api_virtualenv.py                                                  1           0  0.11s           2025-04-06T04:22:43                      10
/home/airflow/.local/lib/python3.12/site-packages/airflow/example_dags/example_params_ui_tutorial.py                                                        1           0  0.11s           2025-04-06T04:22:56                      10
/home/airflow/.local/lib/python3.12/site-packages/airflow/example_dags/example_sensors.py                                                                   1           0  0.11s           2025-04-06T04:22:56                      10
/home/airflow/.local/lib/python3.12/site-packages/airflow/example_dags/example_subdag_operator.py                                                           3           0  0.11s           2025-04-06T04:22:56                      20
/home/airflow/.local/lib/python3.12/site-packages/airflow/example_dags/example_bash_decorator.py                                                            1           0  0.11s           2025-04-06T04:23:00                      10
/home/airflow/.local/lib/python3.12/site-packages/airflow/example_dags/example_local_kubernetes_executor.py                                                 1           0  0.11s           2025-04-06T04:22:43                      10
/home/airflow/.local/lib/python3.12/site-packages/airflow/example_dags/example_nested_branch_dag.py                                                         1           0  0.11s           2025-04-06T04:22:44                      12
/home/airflow/.local/lib/python3.12/site-packages/airflow/example_dags/tutorial_taskflow_api.py                                                             1           0  0.11s           2025-04-06T04:22:56                      10
/home/airflow/.local/lib/python3.12/site-packages/airflow/example_dags/example_latest_only.py                                                               1           0  0.11s           2025-04-06T04:22:44                      12
/home/airflow/.local/lib/python3.12/site-packages/airflow/example_dags/example_short_circuit_decorator.py                                                   1           0  0.11s           2025-04-06T04:22:46                      10
/home/airflow/.local/lib/python3.12/site-packages/airflow/example_dags/example_params_trigger_ui.py                                                         1           0  0.10s           2025-04-06T04:22:56                      10
/home/airflow/.local/lib/python3.12/site-packages/airflow/example_dags/example_passing_params_via_test_command.py                                           1           0  0.10s           2025-04-06T04:23:01                      12
/home/airflow/.local/lib/python3.12/site-packages/airflow/example_dags/example_branch_operator_decorator.py                                                 1           0  0.10s           2025-04-06T04:22:55                      12
/home/airflow/.local/lib/python3.12/site-packages/airflow/example_dags/example_branch_python_dop_operator_3.py                                              1           0  0.10s           2025-04-06T04:22:56                      12
/home/airflow/.local/lib/python3.12/site-packages/airflow/example_dags/example_branch_datetime_operator.py                                                  3           0  0.10s           2025-04-06T04:22:56                      18
/home/airflow/.local/lib/python3.12/site-packages/airflow/example_dags/example_sensor_decorator.py                                                          1           0  0.10s           2025-04-06T04:22:46                      10
/home/airflow/.local/lib/python3.12/site-packages/airflow/example_dags/tutorial_dag.py                                                                      1           0  0.10s           2025-04-06T04:22:57                      10
/home/airflow/.local/lib/python3.12/site-packages/airflow/example_dags/example_branch_operator.py                                                           1           0  0.10s           2025-04-06T04:22:56                      12
/home/airflow/.local/lib/python3.12/site-packages/airflow/example_dags/example_short_circuit_operator.py                                                    1           0  0.10s           2025-04-06T04:23:00                      10
/home/airflow/.local/lib/python3.12/site-packages/airflow/example_dags/example_setup_teardown_taskflow.py                                                   1           0  0.09s           2025-04-06T04:22:44                      10
/home/airflow/.local/lib/python3.12/site-packages/airflow/example_dags/example_bash_operator.py                                                             1           0  0.09s           2025-04-06T04:22:56                      12
/home/airflow/.local/lib/python3.12/site-packages/airflow/example_dags/example_complex.py                                                                   1           0  0.09s           2025-04-06T04:22:44                      10
/home/airflow/.local/lib/python3.12/site-packages/airflow/example_dags/example_latest_only_with_trigger.py                                                  1           0  0.09s           2025-04-06T04:23:01                      12
/home/airflow/.local/lib/python3.12/site-packages/airflow/example_dags/example_time_delta_sensor_async.py                                                   1           0  0.09s           2025-04-06T04:22:57                      10
/home/airflow/.local/lib/python3.12/site-packages/airflow/example_dags/example_branch_labels.py                                                             1           0  0.09s           2025-04-06T04:22:56                      12
/home/airflow/.local/lib/python3.12/site-packages/airflow/example_dags/example_trigger_controller_dag.py                                                    1           0  0.08s           2025-04-06T04:22:56                      12
/home/airflow/.local/lib/python3.12/site-packages/airflow/example_dags/tutorial.py                                                                          1           0  0.08s           2025-04-06T04:22:56                      12
/home/airflow/.local/lib/python3.12/site-packages/airflow/example_dags/example_external_task_marker_dag.py                                                  2           0  0.08s           2025-04-06T04:22:56                      13
/home/airflow/.local/lib/python3.12/site-packages/airflow/example_dags/example_python_decorator.py                                                          1           0  0.08s           2025-04-06T04:22:56                      10
/home/airflow/.local/lib/python3.12/site-packages/airflow/example_dags/example_setup_teardown.py                                                            1           0  0.08s           2025-04-06T04:22:46                      10
/home/airflow/.local/lib/python3.12/site-packages/airflow/example_dags/example_trigger_target_dag.py                                                        1           0  0.08s           2025-04-06T04:22:46                      10
/home/airflow/.local/lib/python3.12/site-packages/airflow/example_dags/tutorial_objectstorage.py                                                            1           0  0.08s           2025-04-06T04:22:44                      10
/home/airflow/.local/lib/python3.12/site-packages/airflow/example_dags/example_dynamic_task_mapping.py                                                      1           0  0.07s           2025-04-06T04:22:56                      10
/home/airflow/.local/lib/python3.12/site-packages/airflow/example_dags/plugins/listener_plugin.py                                                           0           0  0.06s           2025-04-06T04:22:43                       3
/home/airflow/.local/lib/python3.12/site-packages/airflow/example_dags/plugins/decreasing_priority_weight_strategy.py                                       0           0  0.05s           2025-04-06T04:22:43                       3
/home/airflow/.local/lib/python3.12/site-packages/airflow/example_dags/plugins/workday.py                                                                   0           0  0.05s           2025-04-06T04:22:43                       3
/home/airflow/.local/lib/python3.12/site-packages/airflow/example_dags/plugins/event_listener.py                                                            0           0  0.04s           2025-04-06T04:22:43                       3
/home/airflow/.local/lib/python3.12/site-packages/airflow/example_dags/subdags/subdag.py                                                                    0           0  0.04s           2025-04-06T04:22:43                       3
================================================================================
[2025-04-06T04:23:38.703+0000] {manager.py:997} INFO - 
================================================================================
DAG File Processing Stats

File Path                                                                                                                          PID    Runtime      # DAGs    # Errors  Last Runtime    Last Run               Last # of DB Queries
---------------------------------------------------------------------------------------------------------------------------------  -----  ---------  --------  ----------  --------------  -------------------  ----------------------
/home/airflow/.local/lib/python3.12/site-packages/airflow/example_dags/example_outlet_event_extra.py                                                        3           0  0.64s           2025-04-06T04:23:37                      19
/home/airflow/.local/lib/python3.12/site-packages/airflow/example_dags/example_datasets.py                                                                 10           0  0.61s           2025-04-06T04:23:11                      49
/home/airflow/.local/lib/python3.12/site-packages/airflow/example_dags/example_dataset_alias.py                                                             4           0  0.58s           2025-04-06T04:23:13                      27
/home/airflow/.local/lib/python3.12/site-packages/airflow/example_dags/example_inlet_event_extra.py                                                         2           0  0.57s           2025-04-06T04:23:13                      15
/home/airflow/.local/lib/python3.12/site-packages/airflow/example_dags/example_dataset_alias_with_no_taskflow.py                                            4           0  0.50s           2025-04-06T04:23:17                      27
/home/airflow/.local/lib/python3.12/site-packages/airflow/example_dags/example_dag_decorator.py                                                             1           0  0.44s           2025-04-06T04:23:26                      32
/home/airflow/.local/lib/python3.12/site-packages/airflow/example_dags/example_branch_operator_decorator.py                                                 1           0  0.33s           2025-04-06T04:23:26                      12
/home/airflow/.local/lib/python3.12/site-packages/airflow/example_dags/example_bash_decorator.py                                                            1           0  0.32s           2025-04-06T04:23:30                      10
/home/airflow/.local/lib/python3.12/site-packages/airflow/example_dags/example_branch_python_dop_operator_3.py                                              1           0  0.31s           2025-04-06T04:23:29                      12
/home/airflow/.local/lib/python3.12/site-packages/airflow/example_dags/example_short_circuit_operator.py                                                    1           0  0.31s           2025-04-06T04:23:30                      10
/home/airflow/.local/lib/python3.12/site-packages/airflow/example_dags/example_python_decorator.py                                                          1           0  0.29s           2025-04-06T04:23:26                      10
/home/airflow/.local/lib/python3.12/site-packages/airflow/example_dags/example_params_trigger_ui.py                                                         1           0  0.29s           2025-04-06T04:23:28                      10
/home/airflow/.local/lib/python3.12/site-packages/airflow/example_dags/example_workday_timetable.py                                                         1           0  0.29s           2025-04-06T04:23:27                      12
/home/airflow/.local/lib/python3.12/site-packages/airflow/example_dags/example_branch_datetime_operator.py                                                  3           0  0.28s           2025-04-06T04:23:27                      18
/home/airflow/.local/lib/python3.12/site-packages/airflow/example_dags/example_passing_params_via_test_command.py                                           1           0  0.28s           2025-04-06T04:23:32                      12
/home/airflow/.local/lib/python3.12/site-packages/airflow/example_dags/example_subdag_operator.py                                                           3           0  0.28s           2025-04-06T04:23:28                      20
/home/airflow/.local/lib/python3.12/site-packages/airflow/example_dags/example_branch_labels.py                                                             1           0  0.27s           2025-04-06T04:23:27                      12
/home/airflow/.local/lib/python3.12/site-packages/airflow/example_dags/example_params_ui_tutorial.py                                                        1           0  0.27s           2025-04-06T04:23:27                      10
/home/airflow/.local/lib/python3.12/site-packages/airflow/example_dags/example_dynamic_task_mapping.py                                                      1           0  0.26s           2025-04-06T04:23:27                      10
/home/airflow/.local/lib/python3.12/site-packages/airflow/example_dags/example_branch_operator.py                                                           1           0  0.26s           2025-04-06T04:23:28                      12
/home/airflow/.local/lib/python3.12/site-packages/airflow/example_dags/example_bash_operator.py                                                             1           0  0.26s           2025-04-06T04:23:27                      12
/home/airflow/.local/lib/python3.12/site-packages/airflow/example_dags/example_latest_only_with_trigger.py                                                  1           0  0.26s           2025-04-06T04:23:31                      12
/home/airflow/.local/lib/python3.12/site-packages/airflow/example_dags/tutorial.py                                                                          1           0  0.26s           2025-04-06T04:23:28                      12
/home/airflow/.local/lib/python3.12/site-packages/airflow/example_dags/example_trigger_controller_dag.py                                                    1           0  0.25s           2025-04-06T04:23:28                      12
/home/airflow/.local/lib/python3.12/site-packages/airflow/example_dags/example_dynamic_task_mapping_with_no_taskflow_operators.py                           1           0  0.25s           2025-04-06T04:23:26                      10
/home/airflow/.local/lib/python3.12/site-packages/airflow/example_dags/example_xcom.py                                                                      1           0  0.25s           2025-04-06T04:23:26                      12
/home/airflow/.local/lib/python3.12/site-packages/airflow/example_dags/example_branch_day_of_week_operator.py                                               1           0  0.25s           2025-04-06T04:23:29                      12
/home/airflow/.local/lib/python3.12/site-packages/airflow/example_dags/example_time_delta_sensor_async.py                                                   1           0  0.24s           2025-04-06T04:23:29                      10
/home/airflow/.local/lib/python3.12/site-packages/airflow/example_dags/example_sensors.py                                                                   1           0  0.24s           2025-04-06T04:23:28                      10
/home/airflow/.local/lib/python3.12/site-packages/airflow/example_dags/example_external_task_marker_dag.py                                                  2           0  0.24s           2025-04-06T04:23:28                      13
/home/airflow/.local/lib/python3.12/site-packages/airflow/example_dags/tutorial_taskflow_api.py                                                             1           0  0.23s           2025-04-06T04:23:27                      10
/home/airflow/.local/lib/python3.12/site-packages/airflow/example_dags/tutorial_dag.py                                                                      1           0  0.23s           2025-04-06T04:23:29                      10
/home/airflow/.local/lib/python3.12/site-packages/airflow/example_dags/example_kubernetes_executor.py                                                       1           0  0.14s           2025-04-06T04:23:26                      10
/home/airflow/.local/lib/python3.12/site-packages/airflow/example_dags/example_setup_teardown_taskflow.py                                                   1           0  0.11s           2025-04-06T04:23:15                      10
/home/airflow/.local/lib/python3.12/site-packages/airflow/example_dags/example_nested_branch_dag.py                                                         1           0  0.11s           2025-04-06T04:23:15                      12
/home/airflow/.local/lib/python3.12/site-packages/airflow/example_dags/example_latest_only.py                                                               1           0  0.11s           2025-04-06T04:23:15                      12
/home/airflow/.local/lib/python3.12/site-packages/airflow/example_dags/example_skip_dag.py                                                                  1           0  0.10s           2025-04-06T04:23:25                      12
/home/airflow/.local/lib/python3.12/site-packages/airflow/example_dags/tutorial_taskflow_templates.py                                                       1           0  0.10s           2025-04-06T04:23:15                      12
/home/airflow/.local/lib/python3.12/site-packages/airflow/example_dags/example_task_group_decorator.py                                                      1           0  0.10s           2025-04-06T04:23:26                      10
/home/airflow/.local/lib/python3.12/site-packages/airflow/example_dags/example_task_group.py                                                                1           0  0.09s           2025-04-06T04:23:26                      10
/home/airflow/.local/lib/python3.12/site-packages/airflow/example_dags/example_sla_dag.py                                                                   1           0  0.09s           2025-04-06T04:23:15                      12
/home/airflow/.local/lib/python3.12/site-packages/airflow/example_dags/tutorial_objectstorage.py                                                            1           0  0.09s           2025-04-06T04:23:15                      10
/home/airflow/.local/lib/python3.12/site-packages/airflow/example_dags/example_complex.py                                                                   1           0  0.09s           2025-04-06T04:23:15                      10
/home/airflow/.local/lib/python3.12/site-packages/airflow/example_dags/example_python_operator.py                                                           1           0  0.09s           2025-04-06T04:23:14                      10
/home/airflow/.local/lib/python3.12/site-packages/airflow/example_dags/tutorial_taskflow_api_virtualenv.py                                                  1           0  0.09s           2025-04-06T04:23:14                      10
/home/airflow/.local/lib/python3.12/site-packages/airflow/example_dags/example_short_circuit_decorator.py                                                   1           0  0.09s           2025-04-06T04:23:16                      10
/home/airflow/.local/lib/python3.12/site-packages/airflow/example_dags/example_sensor_decorator.py                                                          1           0  0.08s           2025-04-06T04:23:16                      10
/home/airflow/.local/lib/python3.12/site-packages/airflow/example_dags/example_xcomargs.py                                                                  2           0  0.08s           2025-04-06T04:23:13                      13
/home/airflow/.local/lib/python3.12/site-packages/airflow/example_dags/example_setup_teardown.py                                                            1           0  0.08s           2025-04-06T04:23:16                      10
/home/airflow/.local/lib/python3.12/site-packages/airflow/example_dags/example_local_kubernetes_executor.py                                                 1           0  0.08s           2025-04-06T04:23:14                      10
/home/airflow/.local/lib/python3.12/site-packages/airflow/example_dags/example_trigger_target_dag.py                                                        1           0  0.08s           2025-04-06T04:23:17                      10
/home/airflow/.local/lib/python3.12/site-packages/airflow/example_dags/example_display_name.py                                                              1           0  0.07s           2025-04-06T04:23:14                      10
/home/airflow/.local/lib/python3.12/site-packages/airflow/example_dags/subdags/subdag.py                                                                    0           0  0.06s           2025-04-06T04:23:14                       3
/home/airflow/.local/lib/python3.12/site-packages/airflow/example_dags/plugins/decreasing_priority_weight_strategy.py                                       0           0  0.05s           2025-04-06T04:23:14                       3
/home/airflow/.local/lib/python3.12/site-packages/airflow/example_dags/plugins/listener_plugin.py                                                           0           0  0.04s           2025-04-06T04:23:14                       3
/home/airflow/.local/lib/python3.12/site-packages/airflow/example_dags/plugins/event_listener.py                                                            0           0  0.04s           2025-04-06T04:23:14                       3
/home/airflow/.local/lib/python3.12/site-packages/airflow/example_dags/plugins/workday.py                                                                   0           0  0.04s           2025-04-06T04:23:14                       3
================================================================================
[2025-04-06T04:24:04.163+0000] {manager.py:821} INFO - Searching for files in /opt/airflow/dags
[2025-04-06T04:24:04.177+0000] {manager.py:824} INFO - There are 57 files in /opt/airflow/dags
[2025-04-06T04:24:09.759+0000] {manager.py:997} INFO - 
================================================================================
DAG File Processing Stats

File Path                                                                                                                          PID    Runtime      # DAGs    # Errors  Last Runtime    Last Run               Last # of DB Queries
---------------------------------------------------------------------------------------------------------------------------------  -----  ---------  --------  ----------  --------------  -------------------  ----------------------
/home/airflow/.local/lib/python3.12/site-packages/airflow/example_dags/example_datasets.py                                                                 10           0  0.72s           2025-04-06T04:23:42                      49
/home/airflow/.local/lib/python3.12/site-packages/airflow/example_dags/example_dataset_alias_with_no_taskflow.py                                            4           0  0.64s           2025-04-06T04:23:48                      27
/home/airflow/.local/lib/python3.12/site-packages/airflow/example_dags/example_dataset_alias.py                                                             4           0  0.61s           2025-04-06T04:23:44                      27
/home/airflow/.local/lib/python3.12/site-packages/airflow/example_dags/example_inlet_event_extra.py                                                         2           0  0.60s           2025-04-06T04:23:44                      15
/home/airflow/.local/lib/python3.12/site-packages/airflow/example_dags/example_outlet_event_extra.py                                                        3           0  0.50s           2025-04-06T04:24:08                      19
/home/airflow/.local/lib/python3.12/site-packages/airflow/example_dags/example_dag_decorator.py                                                             1           0  0.43s           2025-04-06T04:23:56                      32
/home/airflow/.local/lib/python3.12/site-packages/airflow/example_dags/example_branch_operator_decorator.py                                                 1           0  0.35s           2025-04-06T04:23:57                      12
/home/airflow/.local/lib/python3.12/site-packages/airflow/example_dags/example_params_trigger_ui.py                                                         1           0  0.30s           2025-04-06T04:23:59                      10
/home/airflow/.local/lib/python3.12/site-packages/airflow/example_dags/tutorial.py                                                                          1           0  0.30s           2025-04-06T04:23:59                      12
/home/airflow/.local/lib/python3.12/site-packages/airflow/example_dags/example_trigger_controller_dag.py                                                    1           0  0.26s           2025-04-06T04:23:58                      12
/home/airflow/.local/lib/python3.12/site-packages/airflow/example_dags/example_branch_operator.py                                                           1           0  0.26s           2025-04-06T04:23:58                      12
/home/airflow/.local/lib/python3.12/site-packages/airflow/example_dags/example_subdag_operator.py                                                           3           0  0.26s           2025-04-06T04:23:59                      20
/home/airflow/.local/lib/python3.12/site-packages/airflow/example_dags/example_sensors.py                                                                   1           0  0.25s           2025-04-06T04:23:58                      10
/home/airflow/.local/lib/python3.12/site-packages/airflow/example_dags/example_short_circuit_operator.py                                                    1           0  0.25s           2025-04-06T04:24:01                      10
/home/airflow/.local/lib/python3.12/site-packages/airflow/example_dags/example_branch_python_dop_operator_3.py                                              1           0  0.25s           2025-04-06T04:23:59                      12
/home/airflow/.local/lib/python3.12/site-packages/airflow/example_dags/example_passing_params_via_test_command.py                                           1           0  0.25s           2025-04-06T04:24:02                      12
/home/airflow/.local/lib/python3.12/site-packages/airflow/example_dags/example_bash_decorator.py                                                            1           0  0.25s           2025-04-06T04:24:01                      10
/home/airflow/.local/lib/python3.12/site-packages/airflow/example_dags/example_latest_only_with_trigger.py                                                  1           0  0.24s           2025-04-06T04:24:02                      12
/home/airflow/.local/lib/python3.12/site-packages/airflow/example_dags/example_nested_branch_dag.py                                                         1           0  0.24s           2025-04-06T04:23:46                      12
/home/airflow/.local/lib/python3.12/site-packages/airflow/example_dags/example_branch_day_of_week_operator.py                                               1           0  0.23s           2025-04-06T04:23:59                      12
/home/airflow/.local/lib/python3.12/site-packages/airflow/example_dags/example_latest_only.py                                                               1           0  0.22s           2025-04-06T04:23:46                      12
/home/airflow/.local/lib/python3.12/site-packages/airflow/example_dags/example_xcom.py                                                                      1           0  0.13s           2025-04-06T04:23:56                      12
/home/airflow/.local/lib/python3.12/site-packages/airflow/example_dags/example_kubernetes_executor.py                                                       1           0  0.12s           2025-04-06T04:23:56                      10
/home/airflow/.local/lib/python3.12/site-packages/airflow/example_dags/example_workday_timetable.py                                                         1           0  0.12s           2025-04-06T04:23:58                      12
/home/airflow/.local/lib/python3.12/site-packages/airflow/example_dags/tutorial_objectstorage.py                                                            1           0  0.11s           2025-04-06T04:23:46                      10
/home/airflow/.local/lib/python3.12/site-packages/airflow/example_dags/tutorial_taskflow_templates.py                                                       1           0  0.11s           2025-04-06T04:23:46                      12
/home/airflow/.local/lib/python3.12/site-packages/airflow/example_dags/example_complex.py                                                                   1           0  0.11s           2025-04-06T04:23:46                      10
/home/airflow/.local/lib/python3.12/site-packages/airflow/example_dags/example_branch_datetime_operator.py                                                  3           0  0.11s           2025-04-06T04:23:58                      18
/home/airflow/.local/lib/python3.12/site-packages/airflow/example_dags/example_bash_operator.py                                                             1           0  0.11s           2025-04-06T04:23:58                      12
/home/airflow/.local/lib/python3.12/site-packages/airflow/example_dags/example_external_task_marker_dag.py                                                  2           0  0.10s           2025-04-06T04:23:58                      13
/home/airflow/.local/lib/python3.12/site-packages/airflow/example_dags/example_sla_dag.py                                                                   1           0  0.10s           2025-04-06T04:23:46                      12
/home/airflow/.local/lib/python3.12/site-packages/airflow/example_dags/example_setup_teardown_taskflow.py                                                   1           0  0.10s           2025-04-06T04:23:46                      10
/home/airflow/.local/lib/python3.12/site-packages/airflow/example_dags/example_params_ui_tutorial.py                                                        1           0  0.10s           2025-04-06T04:23:58                      10
/home/airflow/.local/lib/python3.12/site-packages/airflow/example_dags/example_dynamic_task_mapping_with_no_taskflow_operators.py                           1           0  0.09s           2025-04-06T04:23:57                      10
/home/airflow/.local/lib/python3.12/site-packages/airflow/example_dags/example_python_operator.py                                                           1           0  0.09s           2025-04-06T04:23:44                      10
/home/airflow/.local/lib/python3.12/site-packages/airflow/example_dags/example_task_group.py                                                                1           0  0.09s           2025-04-06T04:23:56                      10
/home/airflow/.local/lib/python3.12/site-packages/airflow/example_dags/example_skip_dag.py                                                                  1           0  0.09s           2025-04-06T04:23:56                      12
/home/airflow/.local/lib/python3.12/site-packages/airflow/example_dags/example_task_group_decorator.py                                                      1           0  0.09s           2025-04-06T04:23:56                      10
/home/airflow/.local/lib/python3.12/site-packages/airflow/example_dags/example_python_decorator.py                                                          1           0  0.09s           2025-04-06T04:23:57                      10
/home/airflow/.local/lib/python3.12/site-packages/airflow/example_dags/example_xcomargs.py                                                                  2           0  0.09s           2025-04-06T04:23:44                      13
/home/airflow/.local/lib/python3.12/site-packages/airflow/example_dags/tutorial_taskflow_api_virtualenv.py                                                  1           0  0.09s           2025-04-06T04:23:44                      10
/home/airflow/.local/lib/python3.12/site-packages/airflow/example_dags/example_branch_labels.py                                                             1           0  0.09s           2025-04-06T04:23:57                      12
/home/airflow/.local/lib/python3.12/site-packages/airflow/example_dags/example_dynamic_task_mapping.py                                                      1           0  0.09s           2025-04-06T04:23:58                      10
/home/airflow/.local/lib/python3.12/site-packages/airflow/example_dags/example_short_circuit_decorator.py                                                   1           0  0.08s           2025-04-06T04:23:47                      10
/home/airflow/.local/lib/python3.12/site-packages/airflow/example_dags/example_display_name.py                                                              1           0  0.08s           2025-04-06T04:23:44                      10
/home/airflow/.local/lib/python3.12/site-packages/airflow/example_dags/example_local_kubernetes_executor.py                                                 1           0  0.08s           2025-04-06T04:23:45                      10
/home/airflow/.local/lib/python3.12/site-packages/airflow/example_dags/example_sensor_decorator.py                                                          1           0  0.08s           2025-04-06T04:23:47                      10
/home/airflow/.local/lib/python3.12/site-packages/airflow/example_dags/example_setup_teardown.py                                                            1           0  0.08s           2025-04-06T04:23:47                      10
/home/airflow/.local/lib/python3.12/site-packages/airflow/example_dags/example_time_delta_sensor_async.py                                                   1           0  0.08s           2025-04-06T04:23:59                      10
/home/airflow/.local/lib/python3.12/site-packages/airflow/example_dags/example_trigger_target_dag.py                                                        1           0  0.08s           2025-04-06T04:23:47                      10
/home/airflow/.local/lib/python3.12/site-packages/airflow/example_dags/tutorial_taskflow_api.py                                                             1           0  0.07s           2025-04-06T04:23:58                      10
/home/airflow/.local/lib/python3.12/site-packages/airflow/example_dags/tutorial_dag.py                                                                      1           0  0.07s           2025-04-06T04:23:59                      10
/home/airflow/.local/lib/python3.12/site-packages/airflow/example_dags/plugins/listener_plugin.py                                                           0           0  0.04s           2025-04-06T04:23:45                       3
/home/airflow/.local/lib/python3.12/site-packages/airflow/example_dags/subdags/subdag.py                                                                    0           0  0.04s           2025-04-06T04:23:45                       3
/home/airflow/.local/lib/python3.12/site-packages/airflow/example_dags/plugins/workday.py                                                                   0           0  0.04s           2025-04-06T04:23:45                       3
/home/airflow/.local/lib/python3.12/site-packages/airflow/example_dags/plugins/decreasing_priority_weight_strategy.py                                       0           0  0.03s           2025-04-06T04:23:45                       3
/home/airflow/.local/lib/python3.12/site-packages/airflow/example_dags/plugins/event_listener.py                                                            0           0  0.03s           2025-04-06T04:23:45                       3
================================================================================
[2025-04-06T04:24:40.621+0000] {manager.py:997} INFO - 
================================================================================
DAG File Processing Stats

File Path                                                                                                                          PID    Runtime      # DAGs    # Errors  Last Runtime    Last Run               Last # of DB Queries
---------------------------------------------------------------------------------------------------------------------------------  -----  ---------  --------  ----------  --------------  -------------------  ----------------------
/home/airflow/.local/lib/python3.12/site-packages/airflow/example_dags/example_datasets.py                                                                 10           0  0.68s           2025-04-06T04:24:13                      49
/home/airflow/.local/lib/python3.12/site-packages/airflow/example_dags/example_dataset_alias.py                                                             4           0  0.67s           2025-04-06T04:24:16                      27
/home/airflow/.local/lib/python3.12/site-packages/airflow/example_dags/example_inlet_event_extra.py                                                         2           0  0.65s           2025-04-06T04:24:16                      15
/home/airflow/.local/lib/python3.12/site-packages/airflow/example_dags/example_dataset_alias_with_no_taskflow.py                                            4           0  0.56s           2025-04-06T04:24:19                      27
/home/airflow/.local/lib/python3.12/site-packages/airflow/example_dags/example_outlet_event_extra.py                                                        3           0  0.45s           2025-04-06T04:24:39                      19
/home/airflow/.local/lib/python3.12/site-packages/airflow/example_dags/example_short_circuit_decorator.py                                                   1           0  0.27s           2025-04-06T04:24:18                      10
/home/airflow/.local/lib/python3.12/site-packages/airflow/example_dags/example_sensor_decorator.py                                                          1           0  0.26s           2025-04-06T04:24:18                      10
/home/airflow/.local/lib/python3.12/site-packages/airflow/example_dags/example_xcomargs.py                                                                  2           0  0.24s           2025-04-06T04:24:16                      13
/home/airflow/.local/lib/python3.12/site-packages/airflow/example_dags/example_trigger_target_dag.py                                                        1           0  0.24s           2025-04-06T04:24:18                      10
/home/airflow/.local/lib/python3.12/site-packages/airflow/example_dags/example_setup_teardown.py                                                            1           0  0.24s           2025-04-06T04:24:18                      10
/home/airflow/.local/lib/python3.12/site-packages/airflow/example_dags/example_local_kubernetes_executor.py                                                 1           0  0.23s           2025-04-06T04:24:16                      10
/home/airflow/.local/lib/python3.12/site-packages/airflow/example_dags/tutorial_taskflow_api_virtualenv.py                                                  1           0  0.23s           2025-04-06T04:24:16                      10
/home/airflow/.local/lib/python3.12/site-packages/airflow/example_dags/example_complex.py                                                                   1           0  0.23s           2025-04-06T04:24:17                      10
/home/airflow/.local/lib/python3.12/site-packages/airflow/example_dags/example_display_name.py                                                              1           0  0.23s           2025-04-06T04:24:16                      10
/home/airflow/.local/lib/python3.12/site-packages/airflow/example_dags/example_dag_decorator.py                                                             1           0  0.22s           2025-04-06T04:24:27                      32
/home/airflow/.local/lib/python3.12/site-packages/airflow/example_dags/example_python_operator.py                                                           1           0  0.22s           2025-04-06T04:24:16                      10
/home/airflow/.local/lib/python3.12/site-packages/airflow/example_dags/example_sla_dag.py                                                                   1           0  0.21s           2025-04-06T04:24:17                      12
/home/airflow/.local/lib/python3.12/site-packages/airflow/example_dags/example_workday_timetable.py                                                         1           0  0.16s           2025-04-06T04:24:29                      12
/home/airflow/.local/lib/python3.12/site-packages/airflow/example_dags/example_params_ui_tutorial.py                                                        1           0  0.13s           2025-04-06T04:24:29                      10
/home/airflow/.local/lib/python3.12/site-packages/airflow/example_dags/example_passing_params_via_test_command.py                                           1           0  0.12s           2025-04-06T04:24:33                      12
/home/airflow/.local/lib/python3.12/site-packages/airflow/example_dags/example_bash_operator.py                                                             1           0  0.12s           2025-04-06T04:24:29                      12
/home/airflow/.local/lib/python3.12/site-packages/airflow/example_dags/example_subdag_operator.py                                                           3           0  0.11s           2025-04-06T04:24:29                      20
/home/airflow/.local/lib/python3.12/site-packages/airflow/example_dags/example_nested_branch_dag.py                                                         1           0  0.11s           2025-04-06T04:24:17                      12
/home/airflow/.local/lib/python3.12/site-packages/airflow/example_dags/example_branch_datetime_operator.py                                                  3           0  0.11s           2025-04-06T04:24:29                      18
/home/airflow/.local/lib/python3.12/site-packages/airflow/example_dags/example_branch_labels.py                                                             1           0  0.11s           2025-04-06T04:24:28                      12
/home/airflow/.local/lib/python3.12/site-packages/airflow/example_dags/example_branch_operator.py                                                           1           0  0.10s           2025-04-06T04:24:29                      12
/home/airflow/.local/lib/python3.12/site-packages/airflow/example_dags/example_branch_operator_decorator.py                                                 1           0  0.10s           2025-04-06T04:24:27                      12
/home/airflow/.local/lib/python3.12/site-packages/airflow/example_dags/example_latest_only.py                                                               1           0  0.10s           2025-04-06T04:24:17                      12
/home/airflow/.local/lib/python3.12/site-packages/airflow/example_dags/example_latest_only_with_trigger.py                                                  1           0  0.10s           2025-04-06T04:24:33                      12
/home/airflow/.local/lib/python3.12/site-packages/airflow/example_dags/example_params_trigger_ui.py                                                         1           0  0.10s           2025-04-06T04:24:29                      10
/home/airflow/.local/lib/python3.12/site-packages/airflow/example_dags/example_dynamic_task_mapping.py                                                      1           0  0.10s           2025-04-06T04:24:29                      10
/home/airflow/.local/lib/python3.12/site-packages/airflow/example_dags/example_xcom.py                                                                      1           0  0.09s           2025-04-06T04:24:27                      12
/home/airflow/.local/lib/python3.12/site-packages/airflow/example_dags/example_bash_decorator.py                                                            1           0  0.09s           2025-04-06T04:24:32                      10
/home/airflow/.local/lib/python3.12/site-packages/airflow/example_dags/example_skip_dag.py                                                                  1           0  0.09s           2025-04-06T04:24:27                      12
/home/airflow/.local/lib/python3.12/site-packages/airflow/example_dags/example_task_group_decorator.py                                                      1           0  0.09s           2025-04-06T04:24:27                      10
/home/airflow/.local/lib/python3.12/site-packages/airflow/example_dags/example_external_task_marker_dag.py                                                  2           0  0.09s           2025-04-06T04:24:29                      13
/home/airflow/.local/lib/python3.12/site-packages/airflow/example_dags/example_branch_python_dop_operator_3.py                                              1           0  0.09s           2025-04-06T04:24:29                      12
/home/airflow/.local/lib/python3.12/site-packages/airflow/example_dags/example_branch_day_of_week_operator.py                                               1           0  0.09s           2025-04-06T04:24:29                      12
/home/airflow/.local/lib/python3.12/site-packages/airflow/example_dags/example_kubernetes_executor.py                                                       1           0  0.09s           2025-04-06T04:24:27                      10
/home/airflow/.local/lib/python3.12/site-packages/airflow/example_dags/example_trigger_controller_dag.py                                                    1           0  0.09s           2025-04-06T04:24:29                      12
/home/airflow/.local/lib/python3.12/site-packages/airflow/example_dags/example_short_circuit_operator.py                                                    1           0  0.09s           2025-04-06T04:24:32                      10
/home/airflow/.local/lib/python3.12/site-packages/airflow/example_dags/example_python_decorator.py                                                          1           0  0.09s           2025-04-06T04:24:27                      10
/home/airflow/.local/lib/python3.12/site-packages/airflow/example_dags/tutorial.py                                                                          1           0  0.09s           2025-04-06T04:24:29                      12
/home/airflow/.local/lib/python3.12/site-packages/airflow/example_dags/tutorial_taskflow_templates.py                                                       1           0  0.08s           2025-04-06T04:24:17                      12
/home/airflow/.local/lib/python3.12/site-packages/airflow/example_dags/example_dynamic_task_mapping_with_no_taskflow_operators.py                           1           0  0.08s           2025-04-06T04:24:28                      10
/home/airflow/.local/lib/python3.12/site-packages/airflow/example_dags/tutorial_dag.py                                                                      1           0  0.08s           2025-04-06T04:24:29                      10
/home/airflow/.local/lib/python3.12/site-packages/airflow/example_dags/example_sensors.py                                                                   1           0  0.08s           2025-04-06T04:24:29                      10
/home/airflow/.local/lib/python3.12/site-packages/airflow/example_dags/tutorial_taskflow_api.py                                                             1           0  0.08s           2025-04-06T04:24:29                      10
/home/airflow/.local/lib/python3.12/site-packages/airflow/example_dags/example_task_group.py                                                                1           0  0.08s           2025-04-06T04:24:27                      10
/home/airflow/.local/lib/python3.12/site-packages/airflow/example_dags/example_setup_teardown_taskflow.py                                                   1           0  0.07s           2025-04-06T04:24:17                      10
/home/airflow/.local/lib/python3.12/site-packages/airflow/example_dags/tutorial_objectstorage.py                                                            1           0  0.07s           2025-04-06T04:24:17                      10
/home/airflow/.local/lib/python3.12/site-packages/airflow/example_dags/example_time_delta_sensor_async.py                                                   1           0  0.07s           2025-04-06T04:24:29                      10
/home/airflow/.local/lib/python3.12/site-packages/airflow/example_dags/plugins/event_listener.py                                                            0           0  0.04s           2025-04-06T04:24:16                       3
/home/airflow/.local/lib/python3.12/site-packages/airflow/example_dags/plugins/listener_plugin.py                                                           0           0  0.04s           2025-04-06T04:24:16                       3
/home/airflow/.local/lib/python3.12/site-packages/airflow/example_dags/plugins/decreasing_priority_weight_strategy.py                                       0           0  0.03s           2025-04-06T04:24:16                       3
/home/airflow/.local/lib/python3.12/site-packages/airflow/example_dags/subdags/subdag.py                                                                    0           0  0.03s           2025-04-06T04:24:16                       3
/home/airflow/.local/lib/python3.12/site-packages/airflow/example_dags/plugins/workday.py                                                                   0           0  0.03s           2025-04-06T04:24:16                       3
================================================================================
[2025-04-06T04:25:11.772+0000] {manager.py:997} INFO - 
================================================================================
DAG File Processing Stats

File Path                                                                                                                          PID    Runtime      # DAGs    # Errors  Last Runtime    Last Run               Last # of DB Queries
---------------------------------------------------------------------------------------------------------------------------------  -----  ---------  --------  ----------  --------------  -------------------  ----------------------
/home/airflow/.local/lib/python3.12/site-packages/airflow/example_dags/example_dataset_alias_with_no_taskflow.py                                            4           0  0.50s           2025-04-06T04:24:50                      27
/home/airflow/.local/lib/python3.12/site-packages/airflow/example_dags/example_datasets.py                                                                 10           0  0.44s           2025-04-06T04:24:44                      49
/home/airflow/.local/lib/python3.12/site-packages/airflow/example_dags/example_dataset_alias.py                                                             4           0  0.43s           2025-04-06T04:24:47                      27
/home/airflow/.local/lib/python3.12/site-packages/airflow/example_dags/example_outlet_event_extra.py                                                        3           0  0.41s           2025-04-06T04:25:10                      19
/home/airflow/.local/lib/python3.12/site-packages/airflow/example_dags/example_inlet_event_extra.py                                                         2           0  0.41s           2025-04-06T04:24:47                      15
/home/airflow/.local/lib/python3.12/site-packages/airflow/example_dags/example_dag_decorator.py                                                             1           0  0.28s           2025-04-06T04:24:58                      32
/home/airflow/.local/lib/python3.12/site-packages/airflow/example_dags/example_workday_timetable.py                                                         1           0  0.13s           2025-04-06T04:24:59                      12
/home/airflow/.local/lib/python3.12/site-packages/airflow/example_dags/example_params_trigger_ui.py                                                         1           0  0.13s           2025-04-06T04:25:00                      10
/home/airflow/.local/lib/python3.12/site-packages/airflow/example_dags/example_short_circuit_decorator.py                                                   1           0  0.13s           2025-04-06T04:24:48                      10
/home/airflow/.local/lib/python3.12/site-packages/airflow/example_dags/example_bash_decorator.py                                                            1           0  0.13s           2025-04-06T04:25:02                      10
/home/airflow/.local/lib/python3.12/site-packages/airflow/example_dags/example_subdag_operator.py                                                           3           0  0.12s           2025-04-06T04:25:00                      20
/home/airflow/.local/lib/python3.12/site-packages/airflow/example_dags/example_skip_dag.py                                                                  1           0  0.12s           2025-04-06T04:24:57                      12
/home/airflow/.local/lib/python3.12/site-packages/airflow/example_dags/example_sensor_decorator.py                                                          1           0  0.12s           2025-04-06T04:24:48                      10
/home/airflow/.local/lib/python3.12/site-packages/airflow/example_dags/example_branch_datetime_operator.py                                                  3           0  0.12s           2025-04-06T04:24:59                      18
/home/airflow/.local/lib/python3.12/site-packages/airflow/example_dags/example_bash_operator.py                                                             1           0  0.11s           2025-04-06T04:24:59                      12
/home/airflow/.local/lib/python3.12/site-packages/airflow/example_dags/example_branch_operator.py                                                           1           0  0.11s           2025-04-06T04:25:00                      12
/home/airflow/.local/lib/python3.12/site-packages/airflow/example_dags/example_branch_operator_decorator.py                                                 1           0  0.11s           2025-04-06T04:24:58                      12
/home/airflow/.local/lib/python3.12/site-packages/airflow/example_dags/example_short_circuit_operator.py                                                    1           0  0.11s           2025-04-06T04:25:02                      10
/home/airflow/.local/lib/python3.12/site-packages/airflow/example_dags/tutorial.py                                                                          1           0  0.11s           2025-04-06T04:25:00                      12
/home/airflow/.local/lib/python3.12/site-packages/airflow/example_dags/example_params_ui_tutorial.py                                                        1           0  0.11s           2025-04-06T04:24:59                      10
/home/airflow/.local/lib/python3.12/site-packages/airflow/example_dags/example_branch_python_dop_operator_3.py                                              1           0  0.11s           2025-04-06T04:25:00                      12
/home/airflow/.local/lib/python3.12/site-packages/airflow/example_dags/example_passing_params_via_test_command.py                                           1           0  0.11s           2025-04-06T04:25:03                      12
/home/airflow/.local/lib/python3.12/site-packages/airflow/example_dags/example_sensors.py                                                                   1           0  0.11s           2025-04-06T04:24:59                      10
/home/airflow/.local/lib/python3.12/site-packages/airflow/example_dags/example_xcom.py                                                                      1           0  0.10s           2025-04-06T04:24:58                      12
/home/airflow/.local/lib/python3.12/site-packages/airflow/example_dags/example_dynamic_task_mapping.py                                                      1           0  0.10s           2025-04-06T04:24:59                      10
/home/airflow/.local/lib/python3.12/site-packages/airflow/example_dags/example_branch_labels.py                                                             1           0  0.10s           2025-04-06T04:24:58                      12
/home/airflow/.local/lib/python3.12/site-packages/airflow/example_dags/example_trigger_target_dag.py                                                        1           0  0.10s           2025-04-06T04:24:50                      10
/home/airflow/.local/lib/python3.12/site-packages/airflow/example_dags/example_branch_day_of_week_operator.py                                               1           0  0.10s           2025-04-06T04:25:00                      12
/home/airflow/.local/lib/python3.12/site-packages/airflow/example_dags/example_task_group_decorator.py                                                      1           0  0.10s           2025-04-06T04:24:58                      10
/home/airflow/.local/lib/python3.12/site-packages/airflow/example_dags/example_external_task_marker_dag.py                                                  2           0  0.10s           2025-04-06T04:24:59                      13
/home/airflow/.local/lib/python3.12/site-packages/airflow/example_dags/example_complex.py                                                                   1           0  0.10s           2025-04-06T04:24:47                      10
/home/airflow/.local/lib/python3.12/site-packages/airflow/example_dags/tutorial_taskflow_templates.py                                                       1           0  0.10s           2025-04-06T04:24:47                      12
/home/airflow/.local/lib/python3.12/site-packages/airflow/example_dags/example_setup_teardown.py                                                            1           0  0.10s           2025-04-06T04:24:49                      10
/home/airflow/.local/lib/python3.12/site-packages/airflow/example_dags/example_latest_only_with_trigger.py                                                  1           0  0.10s           2025-04-06T04:25:03                      12
/home/airflow/.local/lib/python3.12/site-packages/airflow/example_dags/example_task_group.py                                                                1           0  0.10s           2025-04-06T04:24:58                      10
/home/airflow/.local/lib/python3.12/site-packages/airflow/example_dags/example_latest_only.py                                                               1           0  0.09s           2025-04-06T04:24:47                      12
/home/airflow/.local/lib/python3.12/site-packages/airflow/example_dags/example_kubernetes_executor.py                                                       1           0  0.09s           2025-04-06T04:24:58                      10
/home/airflow/.local/lib/python3.12/site-packages/airflow/example_dags/example_xcomargs.py                                                                  2           0  0.09s           2025-04-06T04:24:47                      13
/home/airflow/.local/lib/python3.12/site-packages/airflow/example_dags/example_nested_branch_dag.py                                                         1           0  0.09s           2025-04-06T04:24:47                      12
/home/airflow/.local/lib/python3.12/site-packages/airflow/example_dags/example_python_operator.py                                                           1           0  0.09s           2025-04-06T04:24:47                      10
/home/airflow/.local/lib/python3.12/site-packages/airflow/example_dags/example_setup_teardown_taskflow.py                                                   1           0  0.09s           2025-04-06T04:24:47                      10
/home/airflow/.local/lib/python3.12/site-packages/airflow/example_dags/example_dynamic_task_mapping_with_no_taskflow_operators.py                           1           0  0.09s           2025-04-06T04:24:58                      10
/home/airflow/.local/lib/python3.12/site-packages/airflow/example_dags/tutorial_taskflow_api.py                                                             1           0  0.09s           2025-04-06T04:24:59                      10
/home/airflow/.local/lib/python3.12/site-packages/airflow/example_dags/tutorial_taskflow_api_virtualenv.py                                                  1           0  0.09s           2025-04-06T04:24:47                      10
/home/airflow/.local/lib/python3.12/site-packages/airflow/example_dags/example_local_kubernetes_executor.py                                                 1           0  0.09s           2025-04-06T04:24:47                      10
/home/airflow/.local/lib/python3.12/site-packages/airflow/example_dags/example_sla_dag.py                                                                   1           0  0.08s           2025-04-06T04:24:47                      12
/home/airflow/.local/lib/python3.12/site-packages/airflow/example_dags/example_python_decorator.py                                                          1           0  0.08s           2025-04-06T04:24:58                      10
/home/airflow/.local/lib/python3.12/site-packages/airflow/example_dags/tutorial_objectstorage.py                                                            1           0  0.08s           2025-04-06T04:24:47                      10
/home/airflow/.local/lib/python3.12/site-packages/airflow/example_dags/example_display_name.py                                                              1           0  0.08s           2025-04-06T04:24:47                      10
/home/airflow/.local/lib/python3.12/site-packages/airflow/example_dags/example_trigger_controller_dag.py                                                    1           0  0.08s           2025-04-06T04:25:00                      12
/home/airflow/.local/lib/python3.12/site-packages/airflow/example_dags/tutorial_dag.py                                                                      1           0  0.08s           2025-04-06T04:25:00                      10
/home/airflow/.local/lib/python3.12/site-packages/airflow/example_dags/example_time_delta_sensor_async.py                                                   1           0  0.07s           2025-04-06T04:25:00                      10
/home/airflow/.local/lib/python3.12/site-packages/airflow/example_dags/subdags/subdag.py                                                                    0           0  0.04s           2025-04-06T04:24:47                       3
/home/airflow/.local/lib/python3.12/site-packages/airflow/example_dags/plugins/listener_plugin.py                                                           0           0  0.04s           2025-04-06T04:24:47                       3
/home/airflow/.local/lib/python3.12/site-packages/airflow/example_dags/plugins/event_listener.py                                                            0           0  0.04s           2025-04-06T04:24:47                       3
/home/airflow/.local/lib/python3.12/site-packages/airflow/example_dags/plugins/workday.py                                                                   0           0  0.04s           2025-04-06T04:24:47                       3
/home/airflow/.local/lib/python3.12/site-packages/airflow/example_dags/plugins/decreasing_priority_weight_strategy.py                                       0           0  0.04s           2025-04-06T04:24:47                       3
================================================================================
[2025-04-06T04:25:42.724+0000] {manager.py:997} INFO - 
================================================================================
DAG File Processing Stats

File Path                                                                                                                          PID    Runtime      # DAGs    # Errors  Last Runtime    Last Run               Last # of DB Queries
---------------------------------------------------------------------------------------------------------------------------------  -----  ---------  --------  ----------  --------------  -------------------  ----------------------
/home/airflow/.local/lib/python3.12/site-packages/airflow/example_dags/example_datasets.py                                                                 10           0  0.46s           2025-04-06T04:25:14                      49
/home/airflow/.local/lib/python3.12/site-packages/airflow/example_dags/example_dataset_alias.py                                                             4           0  0.45s           2025-04-06T04:25:17                      27
/home/airflow/.local/lib/python3.12/site-packages/airflow/example_dags/example_outlet_event_extra.py                                                        3           0  0.45s           2025-04-06T04:25:40                      19
/home/airflow/.local/lib/python3.12/site-packages/airflow/example_dags/example_inlet_event_extra.py                                                         2           0  0.45s           2025-04-06T04:25:17                      15
/home/airflow/.local/lib/python3.12/site-packages/airflow/example_dags/example_dataset_alias_with_no_taskflow.py                                            4           0  0.39s           2025-04-06T04:25:21                      27
/home/airflow/.local/lib/python3.12/site-packages/airflow/example_dags/example_dag_decorator.py                                                             1           0  0.25s           2025-04-06T04:25:28                      32
/home/airflow/.local/lib/python3.12/site-packages/airflow/example_dags/example_short_circuit_decorator.py                                                   1           0  0.14s           2025-04-06T04:25:19                      10
/home/airflow/.local/lib/python3.12/site-packages/airflow/example_dags/example_sensor_decorator.py                                                          1           0  0.13s           2025-04-06T04:25:19                      10
/home/airflow/.local/lib/python3.12/site-packages/airflow/example_dags/example_complex.py                                                                   1           0  0.12s           2025-04-06T04:25:18                      10
/home/airflow/.local/lib/python3.12/site-packages/airflow/example_dags/example_trigger_target_dag.py                                                        1           0  0.12s           2025-04-06T04:25:20                      10
/home/airflow/.local/lib/python3.12/site-packages/airflow/example_dags/example_sensors.py                                                                   1           0  0.12s           2025-04-06T04:25:30                      10
/home/airflow/.local/lib/python3.12/site-packages/airflow/example_dags/example_workday_timetable.py                                                         1           0  0.12s           2025-04-06T04:25:30                      12
/home/airflow/.local/lib/python3.12/site-packages/airflow/example_dags/example_passing_params_via_test_command.py                                           1           0  0.12s           2025-04-06T04:25:34                      12
/home/airflow/.local/lib/python3.12/site-packages/airflow/example_dags/example_branch_operator_decorator.py                                                 1           0  0.11s           2025-04-06T04:25:29                      12
/home/airflow/.local/lib/python3.12/site-packages/airflow/example_dags/example_xcomargs.py                                                                  2           0  0.11s           2025-04-06T04:25:17                      13
/home/airflow/.local/lib/python3.12/site-packages/airflow/example_dags/example_subdag_operator.py                                                           3           0  0.11s           2025-04-06T04:25:30                      20
/home/airflow/.local/lib/python3.12/site-packages/airflow/example_dags/example_setup_teardown.py                                                            1           0  0.11s           2025-04-06T04:25:20                      10
/home/airflow/.local/lib/python3.12/site-packages/airflow/example_dags/example_branch_operator.py                                                           1           0  0.11s           2025-04-06T04:25:30                      12
/home/airflow/.local/lib/python3.12/site-packages/airflow/example_dags/example_branch_labels.py                                                             1           0  0.11s           2025-04-06T04:25:29                      12
/home/airflow/.local/lib/python3.12/site-packages/airflow/example_dags/example_latest_only_with_trigger.py                                                  1           0  0.10s           2025-04-06T04:25:34                      12
/home/airflow/.local/lib/python3.12/site-packages/airflow/example_dags/example_params_ui_tutorial.py                                                        1           0  0.10s           2025-04-06T04:25:30                      10
/home/airflow/.local/lib/python3.12/site-packages/airflow/example_dags/example_bash_decorator.py                                                            1           0  0.10s           2025-04-06T04:25:33                      10
/home/airflow/.local/lib/python3.12/site-packages/airflow/example_dags/example_sla_dag.py                                                                   1           0  0.10s           2025-04-06T04:25:18                      12
/home/airflow/.local/lib/python3.12/site-packages/airflow/example_dags/example_bash_operator.py                                                             1           0  0.10s           2025-04-06T04:25:30                      12
/home/airflow/.local/lib/python3.12/site-packages/airflow/example_dags/example_skip_dag.py                                                                  1           0  0.10s           2025-04-06T04:25:28                      12
/home/airflow/.local/lib/python3.12/site-packages/airflow/example_dags/example_branch_datetime_operator.py                                                  3           0  0.10s           2025-04-06T04:25:30                      18
/home/airflow/.local/lib/python3.12/site-packages/airflow/example_dags/example_params_trigger_ui.py                                                         1           0  0.10s           2025-04-06T04:25:30                      10
/home/airflow/.local/lib/python3.12/site-packages/airflow/example_dags/example_xcom.py                                                                      1           0  0.10s           2025-04-06T04:25:28                      12
/home/airflow/.local/lib/python3.12/site-packages/airflow/example_dags/tutorial_taskflow_templates.py                                                       1           0  0.10s           2025-04-06T04:25:18                      12
/home/airflow/.local/lib/python3.12/site-packages/airflow/example_dags/example_external_task_marker_dag.py                                                  2           0  0.10s           2025-04-06T04:25:30                      13
/home/airflow/.local/lib/python3.12/site-packages/airflow/example_dags/example_local_kubernetes_executor.py                                                 1           0  0.10s           2025-04-06T04:25:18                      10
/home/airflow/.local/lib/python3.12/site-packages/airflow/example_dags/example_latest_only.py                                                               1           0  0.10s           2025-04-06T04:25:17                      12
/home/airflow/.local/lib/python3.12/site-packages/airflow/example_dags/example_dynamic_task_mapping_with_no_taskflow_operators.py                           1           0  0.09s           2025-04-06T04:25:29                      10
/home/airflow/.local/lib/python3.12/site-packages/airflow/example_dags/example_kubernetes_executor.py                                                       1           0  0.09s           2025-04-06T04:25:28                      10
/home/airflow/.local/lib/python3.12/site-packages/airflow/example_dags/example_dynamic_task_mapping.py                                                      1           0  0.09s           2025-04-06T04:25:30                      10
/home/airflow/.local/lib/python3.12/site-packages/airflow/example_dags/example_python_decorator.py                                                          1           0  0.09s           2025-04-06T04:25:29                      10
/home/airflow/.local/lib/python3.12/site-packages/airflow/example_dags/example_display_name.py                                                              1           0  0.09s           2025-04-06T04:25:18                      10
/home/airflow/.local/lib/python3.12/site-packages/airflow/example_dags/tutorial_taskflow_api_virtualenv.py                                                  1           0  0.09s           2025-04-06T04:25:17                      10
/home/airflow/.local/lib/python3.12/site-packages/airflow/example_dags/example_short_circuit_operator.py                                                    1           0  0.09s           2025-04-06T04:25:33                      10
/home/airflow/.local/lib/python3.12/site-packages/airflow/example_dags/example_task_group_decorator.py                                                      1           0  0.09s           2025-04-06T04:25:29                      10
/home/airflow/.local/lib/python3.12/site-packages/airflow/example_dags/tutorial_taskflow_api.py                                                             1           0  0.09s           2025-04-06T04:25:30                      10
/home/airflow/.local/lib/python3.12/site-packages/airflow/example_dags/example_branch_python_dop_operator_3.py                                              1           0  0.09s           2025-04-06T04:25:31                      12
/home/airflow/.local/lib/python3.12/site-packages/airflow/example_dags/example_setup_teardown_taskflow.py                                                   1           0  0.09s           2025-04-06T04:25:17                      10
/home/airflow/.local/lib/python3.12/site-packages/airflow/example_dags/example_nested_branch_dag.py                                                         1           0  0.09s           2025-04-06T04:25:17                      12
/home/airflow/.local/lib/python3.12/site-packages/airflow/example_dags/example_branch_day_of_week_operator.py                                               1           0  0.09s           2025-04-06T04:25:30                      12
/home/airflow/.local/lib/python3.12/site-packages/airflow/example_dags/tutorial_objectstorage.py                                                            1           0  0.08s           2025-04-06T04:25:17                      10
/home/airflow/.local/lib/python3.12/site-packages/airflow/example_dags/example_python_operator.py                                                           1           0  0.08s           2025-04-06T04:25:18                      10
/home/airflow/.local/lib/python3.12/site-packages/airflow/example_dags/example_trigger_controller_dag.py                                                    1           0  0.08s           2025-04-06T04:25:30                      12
/home/airflow/.local/lib/python3.12/site-packages/airflow/example_dags/example_task_group.py                                                                1           0  0.08s           2025-04-06T04:25:28                      10
/home/airflow/.local/lib/python3.12/site-packages/airflow/example_dags/tutorial.py                                                                          1           0  0.08s           2025-04-06T04:25:30                      12
/home/airflow/.local/lib/python3.12/site-packages/airflow/example_dags/example_time_delta_sensor_async.py                                                   1           0  0.07s           2025-04-06T04:25:31                      10
/home/airflow/.local/lib/python3.12/site-packages/airflow/example_dags/tutorial_dag.py                                                                      1           0  0.07s           2025-04-06T04:25:31                      10
/home/airflow/.local/lib/python3.12/site-packages/airflow/example_dags/plugins/decreasing_priority_weight_strategy.py                                       0           0  0.04s           2025-04-06T04:25:18                       3
/home/airflow/.local/lib/python3.12/site-packages/airflow/example_dags/subdags/subdag.py                                                                    0           0  0.04s           2025-04-06T04:25:18                       3
/home/airflow/.local/lib/python3.12/site-packages/airflow/example_dags/plugins/workday.py                                                                   0           0  0.04s           2025-04-06T04:25:18                       3
/home/airflow/.local/lib/python3.12/site-packages/airflow/example_dags/plugins/listener_plugin.py                                                           0           0  0.04s           2025-04-06T04:25:18                       3
/home/airflow/.local/lib/python3.12/site-packages/airflow/example_dags/plugins/event_listener.py                                                            0           0  0.03s           2025-04-06T04:25:18                       3
================================================================================
